ID,Category,Level,Question,OptionA,OptionB,OptionC,OptionD,CorrectAnswer,Explanation,Tags
Q0001,⏳ 5 سیکنڈ چیلنج,E,پاکستان کا رقبہ کتنا ہے,796096,881913,900000,750000,A,"پاکستان کا کل رقبہ 796,096 مربع کلومیٹر ہے۔","5 سیکنڈ چیلنج, آسان"
Q0002,⏳ 5 سیکنڈ چیلنج,E,وہ کیا چیز ہے جو بانٹنے سے بڑھتی ہے؟,وزن,محبت,پتھر,غصہ,B,درست جواب ہے: محبت۔,"5 سیکنڈ چیلنج, آسان"
Q0003,😈 ٹرک سوالات,E,روشنی کی رفتار تقریباً کتنی ہے؟,30 ہزار کلومیٹر فی سیکنڈ,3 لاکھ کلومیٹر فی سیکنڈ,30 لاکھ کلومیٹر فی سیکنڈ,3 ہزار کلومیٹر فی سیکنڈ,B,درست جواب ہے: 3 لاکھ کلومیٹر فی سیکنڈ۔,"ٹرک سوالات, آسان"
Q0004,🎭 الفاظ کا جادو,E,"""زلف"" کا مطلب کیا ہے؟",عاجز و منکسر,نشہ یا کیفیت,بال,ریگستان,C,"""زلف"" کا مطلب ہے: بال۔","الفاظ کا جادو, آسان"
Q0005,⏳ 5 سیکنڈ چیلنج,E,آستین کا سانپ کس شخص کو کہا جاتا ہے؟,جو سانپ پکڑتا ہو,جو بہت لمبا ہو,جو ظاہر میں اچھا مگر اندر سے دشمن ہو,جو کپڑے سیتا ہو,C,درست جواب ہے: جو ظاہر میں اچھا مگر اندر سے دشمن ہو۔,"5 سیکنڈ چیلنج, آسان"
Q0006,😈 ٹرک سوالات,E,ایک ٹوکری میں 25 پھل تھے، بچوں نے 6 کھا لیے، ٹوکری میں کتنے پھل بچے؟ (سیٹ 15),6,18,19,20,C,25-6=19 پھل بچے۔,"ٹرک سوالات, آسان"
Q0007,😈 ٹرک سوالات,E,ایک ٹوکری میں 15 پھل تھے، بچوں نے 3 کھا لیے، ٹوکری میں کتنے پھل بچے؟ (سیٹ 1),3,11,12,13,C,15-3=12 پھل بچے۔,"ٹرک سوالات, آسان"
Q0008,🧠 99٪ لوگ غلط جواب دیتے ہیں,E,سرخ نیلی سبز قمیضیں ہیں ایک رنگ کی دو قمیض یقینی بنانے کے لیے کتنی نکالیں؟,6,3,5,4,D,Pigeonhole principle,"99٪ لوگ غلط جواب دیتے ہیں, آسان"
Q0009,⏳ 5 سیکنڈ چیلنج,E,آزادی کا مجسمہ کس شہر میں واقع ہے؟,ٹوکیو,نیویارک,پیرس,لندن,B,مجسمۂ آزادی نیویارک میں واقع ہے۔,"5 سیکنڈ چیلنج, آسان"
Q0010,🤯 دماغ کا امتحان,E,16، 21، 26، 31 کے بعد اگلا عدد کیا ہوگا؟,35,36,37,41,B,ہر بار 5 کا اضافہ ہو رہا ہے، لہٰذا اگلا عدد 31+5 = 36 ہوگا۔,"دماغ کا امتحان, آسان"
Q0011,🎭 الفاظ کا جادو,E,ممکن کا متضاد کیا ہے؟,آسان,ناممکن,مشکل,دشوار,B,ناممکن، ممکن کا متضاد ہے۔,"الفاظ کا جادو, آسان"
Q0012,🧠 99٪ لوگ غلط جواب دیتے ہیں,E,اگر ایک درجن کیلے 120 روپے کے ہیں تو 3 کیلے کتنے روپے کے ہوں گے,30,20,25,35,A,ایک کیلا 10 روپے کا ہے، اس لیے 3 کیلے 30 روپے کے ہوں گے۔,"99٪ لوگ غلط جواب دیتے ہیں, آسان"
Q0013,🎭 الفاظ کا جادو,E,"""بلند"" کا متضاد کیا ہے؟",زوال,جہالت,اضطراب,پست,D,"""بلند"" کا متضاد ""پست"" ہے۔","الفاظ کا جادو, آسان"
Q0014,🎭 الفاظ کا جادو,E,سخاوت کا مترادف کیا ہے؟,لالچ,غربت,کنجوسی,فیاضی,D,درست جواب ہے: B)فیاضی ✓۔,"الفاظ کا جادو, آسان"
Q0015,📖 اردو محاورے,E,کان کھڑے ہونا,غور سے متوجہ ہونا,دوڑنا,کان صاف کرنا,ڈر جانا,A,کان کھڑے ہونا یعنی کسی بات پر فوراً متوجہ ہو جانا۔,"اردو محاورے, آسان"
Q0016,📖 اردو محاورے,E,دال روٹی سے زیادہ نان خطیر,نان خطیر,روٹی دال,آمدنی سے زیادہ خرچ,اچھا کھانا,C,آمدنی سے زیادہ خرچ کرنا۔,"اردو محاورے, آسان"
Q0017,⏳ 5 سیکنڈ چیلنج,E,چاند زمین کا کیا ہے؟,ستارہ,سیارہ,قدرتی سیارہ,کہکشاں,C,چاند زمین کا قدرتی سیارہ ہے۔,"5 سیکنڈ چیلنج, آسان"
Q0018,🧠 99٪ لوگ غلط جواب دیتے ہیں,E,اگر ایک کتاب کی قیمت 100 روپے ہے تو 3 کتابوں کی قیمت کتنی ہوگی؟,300,350,200,250,A,100 × 3 = 300 روپے۔,"99٪ لوگ غلط جواب دیتے ہیں, آسان"
Q0019,⏳ 5 سیکنڈ چیلنج,E,قلم کی طاقت سے کیا مراد ہے؟,رنگ,آواز,لکھنے کی طاقت,جسمانی طاقت,C,درست جواب ہے: لکھنے کی طاقت۔,"5 سیکنڈ چیلنج, آسان"
Q0020,🎭 الفاظ کا جادو,E,اچھا کا متضاد کیا ہے,برا,مہربان,خوبصورت,نرم,A,اچھا کا مخالف برا ہے۔,"الفاظ کا جادو, آسان"
Q0021,⏳ 5 سیکنڈ چیلنج,E,"""امراؤ جان ادا"" کے مصنف کون ہیں؟",مرزا ہادی رسوا,ابنِ صفی,پریم چند,قرۃ العین حیدر,A,یہ اردو ادب کا ایک مشہور ناول ہے۔,"5 سیکنڈ چیلنج, آسان"
Q0022,⏳ 5 سیکنڈ چیلنج,E,پاکستان کے پہلے وزیراعظم کون تھے؟,بھٹو,قائداعظم,لیاقت علی خان,نواز شریف,C,لیاقت علی خان پاکستان کے پہلے وزیراعظم تھے,"5 سیکنڈ چیلنج, آسان"
Q0023,🧠 99٪ لوگ غلط جواب دیتے ہیں,E,18، 20، 22، 24 کے بعد اگلا عدد کیا ہوگا؟,28,25,26,27,C,ہر بار 2 کا اضافہ ہو رہا ہے، لہٰذا اگلا عدد 24+2 = 26 ہوگا۔,"99٪ لوگ غلط جواب دیتے ہیں, آسان"
Q0024,⏳ 5 سیکنڈ چیلنج,E,پاکستان میں کل کتنے ڈویژن ہیں,36,30,40,46,A,مروجہ انتظامی تقسیم کے مطابق 36 ڈویژن ہیں۔,"5 سیکنڈ چیلنج, آسان"
Q0025,🎭 الفاظ کا جادو,E,"""بحر"" کا مطلب کیا ہے؟",ریگستان,اندھیرا,سمندر,روزی,C,"""بحر"" کا مطلب ہے: سمندر۔","الفاظ کا جادو, آسان"
Q0026,😈 ٹرک سوالات,E,اگر 20 کا آدھا 10 ہے تو 10 کا آدھا کیا ہوگا؟,5,6,2,4,A,10 ÷ 2 = 5۔,"ٹرک سوالات, آسان"
Q0027,😈 ٹرک سوالات,E,ایک آدمی کے 5 بیٹے ہیں۔ ہر بیٹے کی ایک بہن ہے۔ کل کتنے بچے,6,5,11,10,A,5 بیٹوں کی ایک ہی بہن ہے، کل 6 بچے۔,"ٹرک سوالات, آسان"
Q0028,🤯 دماغ کا امتحان,E,7، 13، 19، 25 کے بعد اگلا عدد کیا ہوگا؟,32,30,31,37,C,ہر بار 6 کا اضافہ ہو رہا ہے، لہٰذا اگلا عدد 25+6 = 31 ہوگا۔,"دماغ کا امتحان, آسان"
Q0029,🧠 99٪ لوگ غلط جواب دیتے ہیں,E,5 افراد ایک دوسرے سے ایک بار ہاتھ ملائیں تو کل کتنے مصافحے؟,10,8,12,15,A,5*4/2=10,"99٪ لوگ غلط جواب دیتے ہیں, آسان"
Q0030,⏳ 5 سیکنڈ چیلنج,E,'غزل' لفظ کا اصل مفہوم کیا تھا؟,تقریر,عورتوں سے گفتگو,نظم,گیت,B,درست جواب ہے: عورتوں سے گفتگو۔,"5 سیکنڈ چیلنج, آسان"
Q0031,🧠 99٪ لوگ غلط جواب دیتے ہیں,E,ایک خاندان میں 6 بیٹے اور 1 بیٹی ہے۔ کل کتنے بچے ہیں؟,6,5,8,7,D,درست جواب ہے: 7۔,"99٪ لوگ غلط جواب دیتے ہیں, آسان"
Q0032,😈 ٹرک سوالات,E,ایک ٹوکری میں 14 پھل تھے، بچوں نے 12 کھا لیے، ٹوکری میں کتنے پھل بچے؟ (سیٹ 4),3,1,2,12,C,14-12=2 پھل بچے۔,"ٹرک سوالات, آسان"
Q0033,🧠 99٪ لوگ غلط جواب دیتے ہیں,E,اگر آج جمعہ ہے تو 14 دن بعد کون سا دن ہوگا؟,جمعہ,ہفتہ,جمعرات,اتوار,A,جمعہ سے 14 دن آگے شمار کرنے پر دن جمعہ بنتا ہے۔,"99٪ لوگ غلط جواب دیتے ہیں, آسان"
Q0034,🎭 الفاظ کا جادو,E,نفرت کا متضاد کیا ہے؟,حسد,لالچ,محبت,غصہ,C,نفرت کا متضاد محبت ہے۔,"الفاظ کا جادو, آسان"
Q0035,🧩 دلچسپ پہیلیاں,E,وہ کون سی چیز ہے جو جتنی چلتی ہے اتنا گھٹتی ہے,گاڑی,موم بتی,دریا,ہوا,B,جلنے سے موم بتی چھوٹی ہوتی جاتی ہے۔,"دلچسپ پہیلیاں, آسان"
Q0036,🤯 دماغ کا امتحان,E,9، 18، 27، 36 کے بعد اگلا عدد کیا ہوگا؟,44,46,45,54,C,ہر بار 9 کا اضافہ ہو رہا ہے، لہٰذا اگلا عدد 36+9 = 45 ہوگا۔,"دماغ کا امتحان, آسان"
Q0037,🎭 الفاظ کا جادو,E,"""نظم"" کا متضاد کیا ہے؟",خارج,بیماری,اضطراب,بےترتیبی,D,"""نظم"" کا متضاد ""بےترتیبی"" ہے۔","الفاظ کا جادو, آسان"
Q0038,📖 اردو محاورے,E,"""دل ٹوٹنا"" کا مطلب کیا ہے؟",بہت مایوس یا دکھی ہونا,صحت یاب ہونا,خوش ہونا,ہنسنا,A,"""دل ٹوٹنا"" کا محاورتی مطلب ہے: بہت مایوس یا دکھی ہونا۔","اردو محاورے, آسان"
Q0039,🎭 الفاظ کا جادو,E,محبت کا متضاد کیا ہے؟,نفرت,پیار,رشتہ,دوستی,A,درست جواب ہے: نفرت۔,"الفاظ کا جادو, آسان"
Q0040,🧠 99٪ لوگ غلط جواب دیتے ہیں,E,اگر ایک گھڑی میں وقت 2:30 ہو تو منٹ کی سوئی کس ہندسے پر ہوگی؟,9,5,6,3,C,30 منٹ پر منٹ کی سوئی 6 پر ہوتی ہے۔,"99٪ لوگ غلط جواب دیتے ہیں, آسان"
Q0041,😈 ٹرک سوالات,E,ایک مربع کے کتنے برابر اضلاع ہوتے ہیں؟,3,2,5,4,D,مربع کے چاروں اضلاع برابر ہوتے ہیں۔,"ٹرک سوالات, آسان"
Q0042,🤯 دماغ کا امتحان,E,5، 14، 23، 32 کے بعد اگلا عدد کیا ہوگا؟,40,42,41,50,C,ہر بار 9 کا اضافہ ہو رہا ہے، لہٰذا اگلا عدد 32+9 = 41 ہوگا۔,"دماغ کا امتحان, آسان"
Q0043,📖 اردو محاورے,E,جس کا کام اسی کو ساجھے,مشکل کام,دوسرے کا کام,ساجھا کام,کام کرنے والا ہی کرے,D,ہر کام اس کے ماہر شخص کو ہی کرنا چاہیے۔,"اردو محاورے, آسان"
Q0044,🎭 الفاظ کا جادو,E,صادق کا متضاد کیا ہے؟,ایماندار,جھوٹا,عاقل,خاموش,B,درست جواب ہے: B)جھوٹا ✓۔,"الفاظ کا جادو, آسان"
Q0045,📖 اردو محاورے,E,ہاتھ بٹانا,چھپ جانا,لڑنا,مدد کرنا,کام چھوڑنا,C,ہاتھ بٹانے سے مراد کسی کی مدد کرنا ہے۔,"اردو محاورے, آسان"
Q0046,👑 صرف ذہین لوگوں کے لیے,E,عالمی یوم صحت کب منایا جاتا ہے؟,5 جون,7 اپریل,1 مئی,10 دسمبر,B,درست جواب ہے: 7 اپریل۔,"صرف ذہین لوگوں کے لیے, آسان"
Q0047,🧩 دلچسپ پہیلیاں,E,وہ کیا ہے جو خود چلتا نہیں مگر سب کو چلاتا ہے,گاڑی,ہوا,وقت,پیسہ,C,وقت خود نہیں چلتا مگر سب کچھ وقت کے مطابق چلتا ہے۔,"دلچسپ پہیلیاں, آسان"
Q0048,🧠 99٪ لوگ غلط جواب دیتے ہیں,E,اگر ایک درخت پر 10 پرندے بیٹھے تھے شکاری نے ایک کو مار دیا تو کتنے بچے,1,0,9,10,B,گولی کی آواز سے باقی پرندے اڑ جائیں گے۔,"99٪ لوگ غلط جواب دیتے ہیں, آسان"
Q0049,🧩 دلچسپ پہیلیاں,E,وہ کون سی چیز ہے جو زیادہ رکھنے سے کم ہو جاتی ہے؟,راز,پانی,کھانا,دولت,A,یہ ایک لطیف پہیلی ہے جس کا جواب ہے: راز۔,"دلچسپ پہیلیاں, آسان"
Q0050,⏳ 5 سیکنڈ چیلنج,E,بلوچستان,سندھ,خیبر پختونخوا,A,پنجاب,C,درست جواب ہے: A۔,"5 سیکنڈ چیلنج, آسان"
Q0051,📖 اردو محاورے,E,"""ناک کا بال"" محاورے کا مطلب؟",بہت عزیز ہونا,بہت تکلیف دینا,خوبصورت ہونا,چھوٹی چیز,A,درست جواب ہے: بہت عزیز ہونا۔,"اردو محاورے, آسان"
Q0052,😈 ٹرک سوالات,E,سورج ایک کیا ہے؟,سیارچہ,سیارہ,چاند,ستارہ,D,درست جواب ہے: ستارہ ✓۔,"ٹرک سوالات, آسان"
Q0053,⏳ 5 سیکنڈ چیلنج,E,میر تقی میر کا اصل نام کیا تھا؟,میر تقی علی,میر محمد تقی,میر عبدالحئی,میر اسداللہ,B,درست جواب ہے: میر محمد تقی۔,"5 سیکنڈ چیلنج, آسان"
Q0054,😈 ٹرک سوالات,E,ایک سال میں کتنے مہینے 28 دن رکھتے ہیں,1,6,2,12,D,ہر مہینے میں کم از کم 28 دن ہوتے ہیں۔,"ٹرک سوالات, آسان"
Q0055,👑 صرف ذہین لوگوں کے لیے,E,انٹرنیٹ کا موجد کسے کہا جاتا ہے؟,ٹم برنرز-لی (ورلڈ وائیڈ ویب),اسٹیو جابز,بل گیٹس,مارک زکربرگ,A,درست جواب ہے: ٹم برنرز-لی (ورلڈ وائیڈ ویب)۔,"صرف ذہین لوگوں کے لیے, آسان"
Q0056,👑 صرف ذہین لوگوں کے لیے,E,"""سحر"" کس وقت کو کہتے ہیں؟",شام,آدھی رات,رات کی آخری گھڑی اور صبح سے پہلے کا وقت,دوپہر,C,درست جواب ہے: رات کی آخری گھڑی اور صبح سے پہلے کا وقت۔,"صرف ذہین لوگوں کے لیے, آسان"
Q0057,🎭 الفاظ کا جادو,E,سچ کا متضاد کیا ہے,حق,ایمان,جھوٹ,درست,C,سچ کا متضاد جھوٹ ہے۔,"الفاظ کا جادو, آسان"
Q0058,🧩 دلچسپ پہیلیاں,E,وہ کون سی چیز ہے جسے بانٹنے سے دونوں کو خوشی ملتی ہے؟,پیسہ صرف,کھانا صرف,کپڑے,خوشی/مسکراہٹ,D,یہ ایک لطیف پہیلی ہے جس کا جواب ہے: خوشی/مسکراہٹ۔,"دلچسپ پہیلیاں, آسان"
Q0059,⏳ 5 سیکنڈ چیلنج,E,انسان کے جسم میں کتنے گردے ہوتے ہیں؟,2,3,4,1,A,عام طور پر انسان کے دو گردے ہوتے ہیں۔,"5 سیکنڈ چیلنج, آسان"
Q0060,⏳ 5 سیکنڈ چیلنج,E,موئن جو دڑو کس صوبے میں واقع ہے؟,خیبر پختونخوا,بلوچستان,سندھ,پنجاب,C,درست جواب ہے: سندھ ✓۔,"5 سیکنڈ چیلنج, آسان"
Q0061,👑 صرف ذہین لوگوں کے لیے,E,علامہ اقبال کو خطاب 'سر' کب ملا؟,1930,1935,1940,1922,D,درست جواب ہے: 1922۔,"صرف ذہین لوگوں کے لیے, آسان"
Q0062,⏳ 5 سیکنڈ چیلنج,E,آپ کے دادا کے والد کو کیا کہتے ہیں؟,نانا,چچا,پڑدادا,دادا,C,درست جواب ہے: پڑدادا۔,"5 سیکنڈ چیلنج, آسان"
Q0063,🎭 الفاظ کا جادو,E,"""خشکی"" کا متضاد کیا ہے؟",دھیما,تری,نادار,باہر,B,"""خشکی"" کا متضاد ""تری"" ہے۔","الفاظ کا جادو, آسان"
Q0064,😈 ٹرک سوالات,E,اگر آج جمعرات ہے تو 3 دن بعد کون سا دن ہوگا؟,ہفتہ,پیر,اتوار,منگل,C,جمعرات سے 3 دن آگے شمار کرنے پر دن اتوار بنتا ہے۔,"ٹرک سوالات, آسان"
Q0065,👑 صرف ذہین لوگوں کے لیے,E,سوویت یونین کب تحلیل ہوا؟,1985,1995,1989,1991,D,درست جواب ہے: 1991۔,"صرف ذہین لوگوں کے لیے, آسان"
Q0066,🤯 دماغ کا امتحان,E,ایک مثلث کے دو زاویے 50 اور 60 درجے ہیں۔ تیسرا زاویہ کتنا ہوگا,90,70,80,60,B,مثلث کے زاویوں کا مجموعہ 180 ہوتا ہے، اس لیے 180−110=70۔,"دماغ کا امتحان, آسان"
Q0067,🧩 دلچسپ پہیلیاں,E,وہ کیا ہے جس کے بغیر گھڑی بےمعنی ہو جائے؟,بیٹری,سوئیاں,وقت,شیشہ,C,یہ ایک لطیف پہیلی ہے جس کا جواب ہے: وقت۔,"دلچسپ پہیلیاں, آسان"
Q0068,📖 اردو محاورے,E,زیر و زبر کا مطلب کیا ہے؟,الٹ پلٹ,صاف ستھرا,خوشحال,خاموش,A,مکمل تبدیلی یا الٹ پھیر,"اردو محاورے, آسان"
Q0069,🎭 الفاظ کا جادو,E,"""موت"" کا مترادف کیا ہے؟",وفات,الفت,حوصلہ,رخ,A,"""موت"" کا مترادف ""وفات"" ہے۔","الفاظ کا جادو, آسان"
Q0070,📖 اردو محاورے,E,"""کھیت رہے نہ کھلیان"" کا مطلب؟",فصل تباہ ہونا,کھیتی کرنا,زمین بیچ دینا,مکمل نقصان ہو جانا,D,درست جواب ہے: مکمل نقصان ہو جانا۔,"اردو محاورے, آسان"
Q0071,👑 صرف ذہین لوگوں کے لیے,E,قائد اعظم کی پیدائش کب ہوئی,9 نومبر 1877,25 دسمبر 1876,14 اگست 1947,23 مارچ 1940,B,قائد اعظم محمد علی جناح 25 دسمبر 1876 کو پیدا ہوئے۔,"صرف ذہین لوگوں کے لیے, آسان"
Q0072,🎭 الفاظ کا جادو,E,"""صحرا"" کا مطلب کیا ہے؟",دیوانگی,ذکر یا بیان,ریگستان,روزی,C,"""صحرا"" کا مطلب ہے: ریگستان۔","الفاظ کا جادو, آسان"
Q0073,🧠 99٪ لوگ غلط جواب دیتے ہیں,E,18 × 5 - 20 کا جواب کیا ہے؟,80,90,60,70,D,درست جواب ہے: 70۔,"99٪ لوگ غلط جواب دیتے ہیں, آسان"
Q0074,🧩 دلچسپ پہیلیاں,E,وہ کیا ہے جو جتنا سوکھتا ہے اتنا ہی گیلا کرتا ہے؟,صابن,کپڑا,تولیہ,بارش,C,تولیہ خود خشک رہتے ہوئے چیزوں کو خشک کرتا ہے۔,"دلچسپ پہیلیاں, آسان"
Q0075,⏳ 5 سیکنڈ چیلنج,E,پانی کا کیمیائی فارمولا کیا ہے؟,H2O,CO2,NaCl,O2,A,درست جواب ہے: H2O۔,"5 سیکنڈ چیلنج, آسان"
Q0076,😈 ٹرک سوالات,E,50 کا 20 فیصد کتنا ہے؟,20,15,5,10,D,50 × 20% = 10۔,"ٹرک سوالات, آسان"
Q0077,😈 ٹرک سوالات,E,ایک ٹوکری میں 15 پھل تھے، بچوں نے 2 کھا لیے، ٹوکری میں کتنے پھل بچے؟ (سیٹ 2),14,13,2,12,B,15-2=13 پھل بچے۔,"ٹرک سوالات, آسان"
Q0078,🎭 الفاظ کا جادو,E,علم کا مترادف کیا ہے؟,سستی,اندھیرا,جاہلیت,دانش,D,درست جواب ہے: دانش۔,"الفاظ کا جادو, آسان"
Q0079,📖 اردو محاورے,E,ہاتھ ملنا کا مطلب کیا ہے؟,پچھتانا,لڑائی کرنا,دوستی کرنا,مدد لینا,A,ہاتھ ملنا کا مطلب پچھتانا ہے۔,"اردو محاورے, آسان"
Q0080,🧠 99٪ لوگ غلط جواب دیتے ہیں,E,ماہ فروری میں کتنے دن ہوتے ہیں اگر لیپ ایئر نہ ہو؟,31,28,29,30,B,عام سال میں فروری 28 دن کی ہوتی ہے، صرف لیپ ایئر میں 29 دن۔,"99٪ لوگ غلط جواب دیتے ہیں, آسان"
Q0081,🧩 دلچسپ پہیلیاں,E,وہ کون سی چیز ہے جو خود چلتی نہیں مگر سب کو چلاتی ہے,سڑک,گاڑی,وقت,ہوا,C,وقت خود نہیں چلتا مگر سب کچھ وقت کے مطابق چلتا ہے۔,"دلچسپ پہیلیاں, آسان"
Q0082,🎭 الفاظ کا جادو,E,"""پاک"" کا متضاد کیا ہے؟",اضطراب,زوال,تاریک,ناپاک,D,"""پاک"" کا متضاد ""ناپاک"" ہے۔","الفاظ کا جادو, آسان"
Q0083,🎭 الفاظ کا جادو,E,"""معاشرہ"" کا مترادف؟",سماج,خاندان,قوم,ملک,A,درست جواب ہے: سماج۔,"الفاظ کا جادو, آسان"
Q0084,🤯 دماغ کا امتحان,E,وہ کون سی چیز ہے جو جتنی زیادہ استعمال ہو اتنی ہی تیز ہو جاتی ہے؟,کرسی,دماغ,قلم,کتاب,B,دماغ جتنا زیادہ استعمال ہو اتنی ہی صلاحیت بہتر ہوتی ہے۔,"دماغ کا امتحان, آسان"
Q0085,👑 صرف ذہین لوگوں کے لیے,E,گوگل کمپنی کس نے قائم کی؟,بل گیٹس,مارک زکربرگ,اسٹیو جابز,لیری پیج اور سرگئی برن,D,درست جواب ہے: لیری پیج اور سرگئی برن۔,"صرف ذہین لوگوں کے لیے, آسان"
Q0086,😈 ٹرک سوالات,E,وہ کون سا لفظ ہے جس میں پانی بھی ہے اور آگ بھی,آبشار,بادل,کوئی نہیں,سمندر,C,ایسا کوئی لفظ نہیں جس میں پانی اور آگ دونوں شامل ہوں۔,"ٹرک سوالات, آسان"
Q0087,🧠 99٪ لوگ غلط جواب دیتے ہیں,E,پودے فضا سے کون سی گیس جذب کرتے ہیں؟,آکسیجن,نائٹروجن,کاربن ڈائی آکسائیڈ,ہیلیم,C,ضیائی تالیف کے دوران پودے کاربن ڈائی آکسائیڈ جذب کرتے ہیں۔,"99٪ لوگ غلط جواب دیتے ہیں, آسان"
Q0088,😈 ٹرک سوالات,E,اگر ایک درجن میں 12 چیزیں ہیں تو آدھے درجن میں کتنی ہوں گی؟,4,5,8,6,D,درست جواب ہے: C)6 ✓۔,"ٹرک سوالات, آسان"
Q0089,⏳ 5 سیکنڈ چیلنج,E,علامہ اقبال کا لقب کیا تھا؟,فیلسوف,سب,حکیم الامت,شاعر مشرق,D,درست جواب ہے: شاعر مشرق۔,"5 سیکنڈ چیلنج, آسان"
Q0090,👑 صرف ذہین لوگوں کے لیے,E,"اردو لفظ ""عقیدت"" کا متضاد کیا ہے؟",محبت,ڈر,احترام,بے حرمتی,D,درست جواب ہے: بے حرمتی ________________۔,"صرف ذہین لوگوں کے لیے, آسان"
Q0091,🤯 دماغ کا امتحان,E,19، 48، 77 کا اوسط (average) کیا ہوگا؟,48,50,47,49,A,اوسط = تمام اعداد کا مجموعہ ÷ تعداد = 144/3 = 48۔,"دماغ کا امتحان, آسان"
Q0092,🎭 الفاظ کا جادو,E,سچ کا مترادف کیا ہے؟,فریب,جھوٹ,حقیقت,دھوکا,C,حقیقت سچ کا مترادف ہے۔,"الفاظ کا جادو, آسان"
Q0093,⏳ 5 سیکنڈ چیلنج,E,پاکستان کا قومی دریا کون سا ہے؟,دریائے سندھ,دریائے چناب,دریائے جہلم,دریائے راوی,A,درست جواب ہے: دریائے سندھ۔,"5 سیکنڈ چیلنج, آسان"
Q0094,📖 اردو محاورے,E,چہرہ اتر جانا کا مطلب کیا ہے؟,زور سے ہنسنا,خوش ہونا,اداس یا شرمندہ ہونا,غصہ کرنا,C,غم یا شرمندگی کی وجہ سے چہرے کا مرجھا جانا۔,"اردو محاورے, آسان"
Q0095,🎭 الفاظ کا جادو,E,عروج کا متضاد کیا ہے؟,زوال,کامیابی,ترقی,بلندی,A,درست جواب ہے: B)زوال ✓۔,"الفاظ کا جادو, آسان"
Q0096,🧩 دلچسپ پہیلیاں,E,وہ کیا ہے جو دن میں سوتا ہے اور رات کو جاگتا ہے؟,چاند,سورج,الو,تارہ,A,یہ ایک لطیف پہیلی ہے جس کا جواب ہے: چاند۔,"دلچسپ پہیلیاں, آسان"
Q0097,🎭 الفاظ کا جادو,E,"""صاف"" کا متضاد کیا ہے؟",شام,میلا,نیچے,موٹا,B,"""صاف"" کا متضاد ""میلا"" ہے۔","الفاظ کا جادو, آسان"
Q0098,⏳ 5 سیکنڈ چیلنج,E,مایوس ہونا,بہادر ہونا,A,کامیاب ہونا,خوش ہونا,B,درست جواب ہے: A۔,"5 سیکنڈ چیلنج, آسان"
Q0099,📖 اردو محاورے,E,"""ماہتاب"" کا مطلب کیا ہے؟",خزاں,سحر,چاندنی,بہار,C,درست جواب ہے: چاندنی۔,"اردو محاورے, آسان"
Q0100,😈 ٹرک سوالات,E,ایک ٹوکری میں 12 پھل تھے، بچوں نے 4 کھا لیے، ٹوکری میں کتنے پھل بچے؟ (سیٹ 27),7,4,8,9,C,12-4=8 پھل بچے۔,"ٹرک سوالات, آسان"
Q0101,😈 ٹرک سوالات,E,ایک درجن میں کتنے انڈے ہوتے ہیں,10,11,13,12,D,ایک درجن میں 12 اشیاء ہوتی ہیں۔,"ٹرک سوالات, آسان"
Q0102,🧩 دلچسپ پہیلیاں,E,وہ کیا ہے جو جتنا بانٹو اتنا کم ہوتا جاتا ہے؟,کھانا,پیسہ,علم,وقت,D,درست جواب ہے: وقت۔,"دلچسپ پہیلیاں, آسان"
Q0103,🧩 دلچسپ پہیلیاں,E,وہ کیا ہے جس کے ہاتھ ہیں مگر تالیاں نہیں بجا سکتی,کرسی,دروازہ,کتاب,گھڑی,D,گھڑی کی سوئیاں ہاتھ کہلاتی ہیں مگر تالیاں نہیں بجا سکتیں۔,"دلچسپ پہیلیاں, آسان"
Q0104,🧩 دلچسپ پہیلیاں,E,وہ کیا ہے جو ہمیشہ آتا ہے مگر کبھی نہیں پہنچتا؟,کل,بارش,سورج,ہوا,A,کل ہمیشہ آنے والا ہوتا ہے مگر کبھی موجود نہیں ہوتا۔,"دلچسپ پہیلیاں, آسان"
Q0105,🎭 الفاظ کا جادو,E,"""عمر"" کا مترادف کیا ہے؟",سن,بحر,معلم,والدہ,A,"""عمر"" کا مترادف ""سن"" ہے۔","الفاظ کا جادو, آسان"
Q0106,👑 صرف ذہین لوگوں کے لیے,E,یورپی یونین کا صدر دفتر کہاں ہے؟,برسلز (بیلجیم),پیرس,برلن,لندن,A,درست جواب ہے: برسلز (بیلجیم)۔,"صرف ذہین لوگوں کے لیے, آسان"
Q0107,👑 صرف ذہین لوگوں کے لیے,E,پاکستان کی کرنسی کا نام کیا ہے؟,پاکستانی افغانی,پاکستانی دینار,پاکستانی روپیہ,پاکستانی ڈالر,C,درست جواب ہے: پاکستانی روپیہ۔,"صرف ذہین لوگوں کے لیے, آسان"
Q0108,👑 صرف ذہین لوگوں کے لیے,E,مرثیہ کس موضوع پر لکھا جاتا ہے؟,جنگ کی جیت,بہار کی آمد,شہادت یا موت پر غم کا اظہار,شادی,C,درست جواب ہے: شہادت یا موت پر غم کا اظہار۔,"صرف ذہین لوگوں کے لیے, آسان"
Q0109,🧩 دلچسپ پہیلیاں,E,وہ کیا ہے جس کے دانت ہوتے ہیں مگر منہ نہیں؟,آری,کانٹا,چابی,کنگھی,D,یہ ایک لطیف پہیلی ہے جس کا جواب ہے: کنگھی۔,"دلچسپ پہیلیاں, آسان"
Q0110,⏳ 5 سیکنڈ چیلنج,E,دانائی,A,جہالت,کمزوری,سستی,A,درست جواب ہے: A۔,"5 سیکنڈ چیلنج, آسان"
Q0111,👑 صرف ذہین لوگوں کے لیے,E,امریکہ کا پہلا صدر کون تھا؟,بن فرینکلن,جارج واشنگٹن,ابراہام لنکن,تھامس جیفرسن,B,درست جواب ہے: جارج واشنگٹن۔,"صرف ذہین لوگوں کے لیے, آسان"
Q0112,😈 ٹرک سوالات,E,ڈاکٹر نے زخمی بچے کو دیکھ کر کہا: 'یہ میرا بیٹا ہے۔' کیسے؟,ڈاکٹر خاندانی دوست تھا,"""ڈاکٹر اس کی ماں تھی""",بچہ گود لیا ہوا تھا,ڈاکٹر جھوٹ بول رہا تھا,B,"درست جواب ہے: ""ڈاکٹر اس کی ماں تھی""۔","ٹرک سوالات, آسان"
Q0113,📖 اردو محاورے,E,دل بڑھانا کا مطلب کیا ہے؟,محبت کرنا,ہمت بڑھانا,علاج کرنا,خوش کرنا,B,کسی کا حوصلہ بڑھانا,"اردو محاورے, آسان"
Q0114,🤯 دماغ کا امتحان,E,وہ کون سی چیز ہے جو جتنی زیادہ استعمال ہو اتنی ہی کم ہوتی جاتی ہے؟,کتاب,پیسہ,کرسی,عمر,D,وقت گزرنے کے ساتھ عمر کم ہوتی جاتی ہے۔,"دماغ کا امتحان, آسان"
Q0115,📖 اردو محاورے,E,ہاتھ کھڑے کرنا,مدد کرنا,ہار مان لینا,کام شروع کرنا,دعا کرنا,B,ہاتھ کھڑے کرنے کا مطلب ہار مان لینا ہے۔,"اردو محاورے, آسان"
Q0116,🤯 دماغ کا امتحان,E,اگر ایک چیز کی قیمت 50 روپے ہے تو 4 چیزوں کی قیمت کتنی ہوگی,200,250,150,180,A,50×4=200 روپے۔,"دماغ کا امتحان, آسان"
Q0117,🧠 99٪ لوگ غلط جواب دیتے ہیں,E,گھڑی میں 3 بجے ہوں تو آئینے میں وقت کیا نظر آئے گا؟,9 بجے,12 بجے,3 بجے,6 بجے,A,آئینے میں وقت الٹا دکھائی دیتا ہے,"99٪ لوگ غلط جواب دیتے ہیں, آسان"
Q0118,⏳ 5 سیکنڈ چیلنج,E,پانی کس درجہ حرارت پر ابلتا ہے؟,0 ڈگری,100 ڈگری سینٹی گریڈ,50 ڈگری,150 ڈگری,B,درست جواب ہے: 100 ڈگری سینٹی گریڈ۔,"5 سیکنڈ چیلنج, آسان"
Q0119,⏳ 5 سیکنڈ چیلنج,E,پاکستان کی قومی زبان کیا ہے؟,انگریزی,پنجابی,اردو,سندھی,C,درست جواب ہے: اردو۔,"5 سیکنڈ چیلنج, آسان"
Q0120,🤯 دماغ کا امتحان,E,ایک ٹوکری میں 12 آم ہیں۔ 4 نکال لیے گئے۔ ٹوکری میں کتنے آم باقی ہیں؟,6,8,4,12,B,12 میں سے 4 نکالنے پر 8 آم باقی رہ جاتے ہیں۔,"دماغ کا امتحان, آسان"
Q0121,😈 ٹرک سوالات,E,ایک ٹوکری میں 11 پھل تھے، بچوں نے 6 کھا لیے، ٹوکری میں کتنے پھل بچے؟ (سیٹ 12),5,6,4,9,A,11-6=5 پھل بچے۔,"ٹرک سوالات, آسان"
Q0122,😈 ٹرک سوالات,E,اگر ایک مرغی ایک دن میں ایک انڈا دیتی ہے تو 7 دن میں کتنے انڈے دے گی؟,7,8,5,6,A,ایک دن میں ایک انڈا، 7 دن میں 7 انڈے۔,"ٹرک سوالات, آسان"
Q0123,🧩 دلچسپ پہیلیاں,E,وہ کیا ہے جو رکنے پر بھی چلتا رہتا محسوس ہوتا ہے؟,پہیہ,دل کی دھڑکن,پنکھا,گھڑی,B,یہ ایک لطیف پہیلی ہے جس کا جواب ہے: دل کی دھڑکن۔,"دلچسپ پہیلیاں, آسان"
Q0124,⏳ 5 سیکنڈ چیلنج,E,لاہور کا تاریخی قلعہ کس نے بنایا؟,جہانگیر,اکبر,شاہ جہان,اورنگزیب,B,درست جواب ہے: اکبر۔,"5 سیکنڈ چیلنج, آسان"
Q0125,🧠 99٪ لوگ غلط جواب دیتے ہیں,E,15، 22، 29، 36 کے بعد اگلا عدد کیا ہوگا؟,42,50,43,44,C,ہر بار 7 کا اضافہ ہو رہا ہے، لہٰذا اگلا عدد 36+7 = 43 ہوگا۔,"99٪ لوگ غلط جواب دیتے ہیں, آسان"
Q0126,👑 صرف ذہین لوگوں کے لیے,E,سب سے ہلکی گیس کون سی ہے؟,نائٹروجن,کاربن ڈائی آکسائیڈ,ہائیڈروجن,آکسیجن,C,درست جواب ہے: ہائیڈروجن۔,"صرف ذہین لوگوں کے لیے, آسان"
Q0127,🎭 الفاظ کا جادو,E,"""پتلا"" کا متضاد کیا ہے؟",موٹا,رات,نادار,بڑا,A,"""پتلا"" کا متضاد ""موٹا"" ہے۔","الفاظ کا جادو, آسان"
Q0128,🎭 الفاظ کا جادو,E,بے بس کا متضاد کیا ہے؟,غریب,امیر,طاقتور,کمزور,C,درست جواب ہے: طاقتور۔,"الفاظ کا جادو, آسان"
Q0129,🎭 الفاظ کا جادو,E,زندگی کا مترادف کیا ہے؟,صحت,نیند,موت,حیات,D,درست جواب ہے: حیات۔,"الفاظ کا جادو, آسان"
Q0130,🧩 دلچسپ پہیلیاں,E,روز بنتا ہے مگر اسے چھوا نہیں جا سکتا۔ وہ کیا ہے؟,منصوبہ,تصویر,کھانا,خواب,A,درست جواب ہے: منصوبہ۔,"دلچسپ پہیلیاں, آسان"
Q0131,🧩 دلچسپ پہیلیاں,E,وہ کیا ہے جس کے پاس آنکھ ہے مگر دیکھ نہیں سکتی؟,آئینہ,کیمرہ,درخت,سوئی,D,درست جواب ہے: سوئی ✓۔,"دلچسپ پہیلیاں, آسان"
Q0132,🧠 99٪ لوگ غلط جواب دیتے ہیں,E,اگر ایک ہفتے میں 7 دن ہوتے ہیں تو 4 ہفتوں میں کتنے دن ہوں گے؟,24,21,28,30,C,7 × 4 = 28 دن۔,"99٪ لوگ غلط جواب دیتے ہیں, آسان"
Q0133,🧠 99٪ لوگ غلط جواب دیتے ہیں,E,عام درجۂ حرارت پر مائع حالت میں پائی جانے والی دھات کون سی ہے؟,پارہ,سونا,ایلومینیم,لوہا,A,درست جواب ہے: پارہ۔,"99٪ لوگ غلط جواب دیتے ہیں, آسان"
Q0134,🤯 دماغ کا امتحان,E,20، 29، 38، 47 کے بعد اگلا عدد کیا ہوگا؟,65,57,55,56,D,ہر بار 9 کا اضافہ ہو رہا ہے، لہٰذا اگلا عدد 47+9 = 56 ہوگا۔,"دماغ کا امتحان, آسان"
Q0135,📖 اردو محاورے,E,آنکھوں کا نور ہونا,بہت عزیز ہونا,خوفزدہ ہونا,روشن ہونا,اندھا ہونا,A,یہ محاورہ کسی نہایت پیارے شخص کے لیے بولا جاتا ہے۔,"اردو محاورے, آسان"
Q0136,👑 صرف ذہین لوگوں کے لیے,E,عظیم دیوار چین کی لمبائی کتنی ہے؟,5 ہزار کلومیٹر,50 ہزار کلومیٹر,10 ہزار کلومیٹر,تقریباً 21 ہزار کلومیٹر,D,درست جواب ہے: تقریباً 21 ہزار کلومیٹر۔,"صرف ذہین لوگوں کے لیے, آسان"
Q0137,🧠 99٪ لوگ غلط جواب دیتے ہیں,E,18، 24، 30، 36 کے بعد اگلا عدد کیا ہوگا؟,48,42,41,43,B,ہر بار 6 کا اضافہ ہو رہا ہے، لہٰذا اگلا عدد 36+6 = 42 ہوگا۔,"99٪ لوگ غلط جواب دیتے ہیں, آسان"
Q0138,🤯 دماغ کا امتحان,E,اگر آج بدھ ہے تو 18 دن بعد کون سا دن ہوگا؟,منگل,پیر,اتوار,ہفتہ,C,بدھ سے 18 دن آگے شمار کرنے پر دن اتوار بنتا ہے۔,"دماغ کا امتحان, آسان"
Q0139,🤯 دماغ کا امتحان,E,اگر 12 قلموں کی قیمت 180 روپے ہے تو ایک قلم کی قیمت کتنی ہوگی؟,12 روپے,10 روپے,15 روپے,20 روپے,C,180 ÷ 12 = 15 روپے۔,"دماغ کا امتحان, آسان"
Q0140,🤯 دماغ کا امتحان,E,8، 12، 16، 20 کے بعد اگلا عدد کیا ہوگا؟,23,25,28,24,D,ہر بار 4 کا اضافہ ہو رہا ہے، لہٰذا اگلا عدد 20+4 = 24 ہوگا۔,"دماغ کا امتحان, آسان"
Q0141,🤯 دماغ کا امتحان,E,کمزور پاس ورڈ جیسے 123456 کے بارے میں کون سا بیان درست ہے؟,اسے صرف مالک ہی کھول سکتا ہے,اسے توڑنا تقریباً ناممکن ہے,اسے توڑنے میں کئی دن لگتے ہیں,جدید حملوں میں یہ چند سیکنڈ میں ٹوٹ سکتا ہے,D,درست جواب ہے: جدید حملوں میں یہ چند سیکنڈ میں ٹوٹ سکتا ہے۔,"دماغ کا امتحان, آسان"
Q0142,😈 ٹرک سوالات,E,اگر آج بدھ ہے تو 19 دن بعد کون سا دن ہوگا؟,اتوار,پیر,بدھ,منگل,B,بدھ سے 19 دن آگے شمار کرنے پر دن پیر بنتا ہے۔,"ٹرک سوالات, آسان"
Q0143,👑 صرف ذہین لوگوں کے لیے,E,پاکستان کی قومی زبان کون سی ہے؟,اردو,پنجابی,سندھی,پشتو,A,درست جواب ہے: اردو۔,"صرف ذہین لوگوں کے لیے, آسان"
Q0144,🎭 الفاظ کا جادو,E,"""تذکرہ"" کا مطلب کیا ہے؟",ذکر یا بیان,صبح کا وقت / جادو,روزی,صحرا میں پانی کا دھوکا,A,"""تذکرہ"" کا مطلب ہے: ذکر یا بیان۔","الفاظ کا جادو, آسان"
Q0145,🎭 الفاظ کا جادو,E,نفع کا متضاد کیا ہے؟,آمدنی,منافع,نقصان,سود,C,نفع کا متضاد نقصان ہے۔,"الفاظ کا جادو, آسان"
Q0146,🧠 99٪ لوگ غلط جواب دیتے ہیں,E,اگر آج منگل ہے تو 8 دن بعد کون سا دن ہوگا؟,بدھ,منگل,جمعرات,جمعہ,A,منگل سے 8 دن آگے شمار کرنے پر دن بدھ بنتا ہے۔,"99٪ لوگ غلط جواب دیتے ہیں, آسان"
Q0147,🤯 دماغ کا امتحان,E,وہ کون سی چیز ہے جسے جتنا بانٹیں اتنی بڑھتی ہے,روٹی,دولت,علم,پانی,C,علم بانٹنے سے بڑھتا ہے۔,"دماغ کا امتحان, آسان"
Q0148,🤯 دماغ کا امتحان,E,8 × 7 + 6 کا جواب کیا ہے؟,70,62,56,50,B,درست جواب ہے: 62۔,"دماغ کا امتحان, آسان"
Q0149,🎭 الفاظ کا جادو,E,وفادار کا متضاد کیا ہے؟,بے وفا,مہربان,بردبار,ایماندار,A,وفادار کا متضاد بے وفا ہے۔,"الفاظ کا جادو, آسان"
Q0150,🤯 دماغ کا امتحان,E,اگر ایک ہفتے میں 7 دن ہیں تو دو ہفتوں میں کتنے دن ہوں گے,12,7,14,21,C,دو ہفتوں میں 14 دن ہوتے ہیں۔,"دماغ کا امتحان, آسان"
Q0151,📖 اردو محاورے,E,جتنے منہ اتنی باتیں,منہ بند کرو,ہر کسی کی اپنی رائے,باتیں کرو,لوگ خاموش ہیں,B,ہر شخص کی اپنی الگ رائے ہوتی ہے۔,"اردو محاورے, آسان"
Q0152,🧩 دلچسپ پہیلیاں,E,وہ کون سی چیز ہے جو اکثر مانگے بغیر ملتی ہے؟,پیسہ,ٹکٹ,انعام,مشورہ,D,درست جواب ہے: مشورہ۔,"دلچسپ پہیلیاں, آسان"
Q0153,🤯 دماغ کا امتحان,E,مثلث کا رقبہ فارمولا کیا ہے؟,(base × height)/2,base × height,base²,2 × base,A,درست جواب ہے: (base × height)/2۔,"دماغ کا امتحان, آسان"
Q0154,🧩 دلچسپ پہیلیاں,E,وہ کیا ہے جو جتنا خشک ہوتا ہے اتنا ہی گیلا کرتا ہے,ریت,صابن,کاغذ,تولیہ,D,تولیہ خشک ہو کر دوسروں کو خشک کرتا ہے اور خود گیلا ہوتا جاتا ہے۔,"دلچسپ پہیلیاں, آسان"
Q0155,🧠 99٪ لوگ غلط جواب دیتے ہیں,E,اگر ایک ہفتے میں 168 گھنٹے ہوتے ہیں تو دو ہفتوں میں کتنے گھنٹے ہوں گے؟,300,324,348,336,D,168 × 2 = 336 گھنٹے۔,"99٪ لوگ غلط جواب دیتے ہیں, آسان"
Q0156,👑 صرف ذہین لوگوں کے لیے,E,"""راجہ گدھ"" کس نے لکھا؟",بانو قدسیہ,عمیرہ احمد,قرۃ العین حیدر,عصمت چغتائی,A,درست جواب ہے: بانو قدسیہ۔,"صرف ذہین لوگوں کے لیے, آسان"
Q0157,🤯 دماغ کا امتحان,E,اگر 5x = 35 تو x کیا ہے؟,5,8,7,6,C,درست جواب ہے: 7۔,"دماغ کا امتحان, آسان"
Q0158,⏳ 5 سیکنڈ چیلنج,E,پاکستان کی آزادی کس سال ہوئی؟,1947,1950,1945,1948,A,درست جواب ہے: 1947۔,"5 سیکنڈ چیلنج, آسان"
Q0159,👑 صرف ذہین لوگوں کے لیے,E,پاکستان کا قومی مشروب کیا ہے؟,دودھ,چائے,گنے کا رس,گنے کا شربت,A,پاکستان کا قومی مشروب دودھ ہے۔,"صرف ذہین لوگوں کے لیے, آسان"
Q0160,🤯 دماغ کا امتحان,E,ایک شخص کے 6 بیٹے ہیں اور سب کی ایک ہی بہن ہے، کل اولاد کتنی ہے؟,6,8,12,7,D,چھ بیٹے اور ایک مشترکہ بہن، کل 7 بچے۔,"دماغ کا امتحان, آسان"
Q0161,⏳ 5 سیکنڈ چیلنج,E,پاکستان کا قومی کھیل کیا ہے,کرکٹ,کبڈی,ہاکی,فٹبال,C,قومی کھیل ہاکی ہے۔,"5 سیکنڈ چیلنج, آسان"
Q0162,🎭 الفاظ کا جادو,E,"""مکر"" کا مترادف؟",پیار,عبادت,فریب,محبت,C,درست جواب ہے: فریب۔,"الفاظ کا جادو, آسان"
Q0163,📖 اردو محاورے,E,ناک کٹ جانا,بدنام ہونا,چوٹ لگنا,رونا,ناک زخمی ہونا,A,ناک کٹ جانا عزت یا ساکھ ختم ہونے کو کہتے ہیں۔,"اردو محاورے, آسان"
Q0164,👑 صرف ذہین لوگوں کے لیے,E,پاکستان کا قومی مشروب کون سا ہے؟,گنے کا جوس,گنے کا شربت,چائے,گنے کا رس,C,چائے پاکستان کا سب سے مقبول اور قومی مشروب سمجھا جاتا ہے۔,"صرف ذہین لوگوں کے لیے, آسان"
Q0165,😈 ٹرک سوالات,E,مکمل طور پر 90 ڈگری کا زاویہ کیا کہلاتا ہے؟,منفرج,مستقیم,حاد,متکافل,B,درست جواب ہے: مستقیم۔,"ٹرک سوالات, آسان"
Q0166,📖 اردو محاورے,E,گھر کی مرغی دال برابر,اپنی چیز کی قدر نہیں,مرغی پالنا,دال کھانا,گھر کا کام,A,اپنی چیز یا اپنے لوگوں کی قدر نہ کرنا۔,"اردو محاورے, آسان"
Q0167,🧩 دلچسپ پہیلیاں,E,وہ کیا ہے جو جتنا چلتا ہے اتنا ہی گھٹتا جاتا ہے؟,وقت,سایہ,موم بتی,پانی,C,جلتی ہوئی موم بتی آہستہ آہستہ پگھلتی جاتی ہے۔,"دلچسپ پہیلیاں, آسان"
Q0168,😈 ٹرک سوالات,E,ایک کمرے میں 12 بلب ہیں، سب بجھا دیے گئے۔ کتنے روشن رہ گئے؟,0,12,6,1,A,سب بجھا دیے گئے، اس لیے کوئی بھی روشن نہیں رہا۔,"ٹرک سوالات, آسان"
Q0169,🎭 الفاظ کا جادو,E,دانش کا مترادف کیا ہے؟,سستی,اندھیرا,جاہلیت,علم,D,دانش کا مطلب علم یا عقل ہے۔,"الفاظ کا جادو, آسان"
Q0170,👑 صرف ذہین لوگوں کے لیے,E,دل توڑنا کا مطلب کیا ہے؟,ہنسانا,رنجیدہ کرنا,خوش کرنا,مدد کرنا,B,درست جواب ہے: رنجیدہ کرنا۔,"صرف ذہین لوگوں کے لیے, آسان"
Q0171,🧠 99٪ لوگ غلط جواب دیتے ہیں,E,کتابوں والی الماریاں 6 ہیں اور یہ کل الماریوں کا آدھا حصہ ہیں کل الماریاں؟,10,16,12,14,C,6*2=12,"99٪ لوگ غلط جواب دیتے ہیں, آسان"
Q0172,🧩 دلچسپ پہیلیاں,E,وہ کون ہے جو تمہاری بات سنتا ہے مگر منہ نہیں کھولتا,دیوار,کتاب,فون,کان,D,کان سنتا ہے مگر بولتا نہیں۔,"دلچسپ پہیلیاں, آسان"
Q0173,🧩 دلچسپ پہیلیاں,E,وہ کیا ہے جو جتنا بھر جائے اتنا ہی ہلکا ہو جاتا ہے,ڈبہ,بالٹی,غبارہ,بوتل,C,غبارہ ہوا سے بھرنے پر اوپر اٹھنے لگتا ہے۔,"دلچسپ پہیلیاں, آسان"
Q0174,🎭 الفاظ کا جادو,E,سستی کا متضاد کیا ہے؟,نیند,کاہلی,محنت,آرام,C,سستی کا متضاد محنت ہے۔,"الفاظ کا جادو, آسان"
Q0175,⏳ 5 سیکنڈ چیلنج,E,پاکستان کا قومی جانور کون سا ہے؟,گھوڑا,مارخور,شیر,باز,B,درست جواب ہے: مارخور۔,"5 سیکنڈ چیلنج, آسان"
Q0176,📖 اردو محاورے,E,آگ ببولا ہونا کا مطلب کیا ہے؟,خوش ہونا,آگ جلانا,بھاگنا,بہت غصہ ہونا,D,شدید غصے میں آ جانا۔,"اردو محاورے, آسان"
Q0177,🧠 99٪ لوگ غلط جواب دیتے ہیں,E,اگر آج پیر ہے تو 3 دن بعد کون سا دن ہوگا؟,جمعرات,ہفتہ,جمعہ,بدھ,A,پیر سے 3 دن آگے شمار کرنے پر دن جمعرات بنتا ہے۔,"99٪ لوگ غلط جواب دیتے ہیں, آسان"
Q0178,🧠 99٪ لوگ غلط جواب دیتے ہیں,E,اگر 15 آم 5 بچوں میں برابر تقسیم ہوں تو ہر بچے کو کتنے آم ملیں گے؟,4,2,5,3,D,15÷5=3۔,"99٪ لوگ غلط جواب دیتے ہیں, آسان"
Q0179,🎭 الفاظ کا جادو,E,"""جمع"" کا متضاد کیا ہے؟",زوال,تفریق,خارج,انجام,B,"""جمع"" کا متضاد ""تفریق"" ہے۔","الفاظ کا جادو, آسان"
Q0180,📖 اردو محاورے,E,آنکھوں کا تارا ہونے کا مطلب؟,بہت عزیز ہونا,ستارہ دیکھنا,آنکھ کا علاج,خوش ہونا,A,انتہائی محبوب اور پیارا ہونا۔,"اردو محاورے, آسان"
Q0181,🤯 دماغ کا امتحان,E,اگر a = 5 تو a² - 10 کیا ہوگا؟,20,25,10,15,D,درست جواب ہے: 15۔,"دماغ کا امتحان, آسان"
Q0182,👑 صرف ذہین لوگوں کے لیے,E,قائد اعظم کا اصل نام کیا تھا؟,لیاقت علی خان,محمد جناح,علی جناح,محمد علی جناح,D,درست جواب ہے: محمد علی جناح۔,"صرف ذہین لوگوں کے لیے, آسان"
Q0183,⏳ 5 سیکنڈ چیلنج,E,سر اٹھانا کا مطلب کیا ہے؟,اعتماد,خوشی,شرمندگی,غرور,A,درست جواب ہے: اعتماد۔,"5 سیکنڈ چیلنج, آسان"
Q0184,📖 اردو محاورے,E,نو دو گیارہ ہونا,حساب کرنا,دوست بنانا,تیزی سے بھاگ جانا,سفر کرنا,C,جلدی سے فرار ہو جانا۔,"اردو محاورے, آسان"
Q0185,🧠 99٪ لوگ غلط جواب دیتے ہیں,E,چاند کی روشنی حقیقت میں کیا ہے؟,اپنی روشنی,بجلی,سورج کی منعکس شدہ روشنی,ستاروں کی روشنی,C,درست جواب ہے: سورج کی منعکس شدہ روشنی ✓۔,"99٪ لوگ غلط جواب دیتے ہیں, آسان"
Q0186,😈 ٹرک سوالات,E,ایک کمرے میں 2 باپ اور 2 بیٹے ہیں۔ کل کتنے لوگ ہیں,4,5,3,2,C,دادا، باپ اور بیٹا؛ کل 3 افراد۔,"ٹرک سوالات, آسان"
Q0187,🤯 دماغ کا امتحان,E,ایک شخص کے 7 بیٹے ہیں اور سب کی ایک ہی بہن ہے۔ کل اولاد کتنی ہے؟,14,9,7,8,D,سات بیٹے اور ایک مشترکہ بہن، کل 8 بچے۔,"دماغ کا امتحان, آسان"
Q0188,🤯 دماغ کا امتحان,E,اگر 18 کو 3 برابر حصوں میں تقسیم کیا جائے تو ہر حصہ کتنا ہوگا؟,6,5,8,7,A,18 ÷ 3 = 6۔,"دماغ کا امتحان, آسان"
Q0189,😈 ٹرک سوالات,E,بس میں 20 لوگ تھے 5 اترے 8 چڑھے اب کتنے لوگ ہیں,25,23,15,20,B,20-5+8=23۔,"ٹرک سوالات, آسان"
Q0190,🤯 دماغ کا امتحان,E,روشنی کی رفتار سب سے زیادہ کس چیز میں ہوتی ہے؟,پانی,خلا,ہوا,شیشہ,B,درست جواب ہے: خلا۔,"دماغ کا امتحان, آسان"
Q0191,🧠 99٪ لوگ غلط جواب دیتے ہیں,E,اگر 9 × 7 = 63 تو 63 ÷ 9 = ؟,6,9,7,8,C,63 کو 9 پر تقسیم کرنے سے 7 آتا ہے۔,"99٪ لوگ غلط جواب دیتے ہیں, آسان"
Q0192,👑 صرف ذہین لوگوں کے لیے,E,"""پیرِ کامل"" کی مصنفہ کون ہیں؟",عمیرہ احمد,سومیرا فضل,نمیرہ احمد,فرحت اشتیاق,A,درست جواب ہے: عمیرہ احمد۔,"صرف ذہین لوگوں کے لیے, آسان"
Q0193,⏳ 5 سیکنڈ چیلنج,E,ایک صدی میں کتنے سال ہوتے ہیں؟,50,100,1000,10,B,ایک صدی 100 سال پر مشتمل ہوتی ہے۔,"5 سیکنڈ چیلنج, آسان"
Q0194,🎭 الفاظ کا جادو,E,"""رزق"" کا مطلب کیا ہے؟",ذکر یا بیان,روزی,چاند,رات,B,"""رزق"" کا مطلب ہے: روزی۔","الفاظ کا جادو, آسان"
Q0195,🤯 دماغ کا امتحان,E,آج سے 3 دن پہلے جمعرات تھا آج سے 4 دن بعد کون سا دن ہوگا؟,جمعرات,بدھ,اتوار,جمعہ,A,آج اتوار ہے +4=جمعرات,"دماغ کا امتحان, آسان"
Q0196,🧠 99٪ لوگ غلط جواب دیتے ہیں,E,10 گھوڑوں کا نام 'پاکستان' رکھا گیا۔ لفظ 'پاکستان' کتنی مختلف بار رکھا گیا؟,10,11,0,1,D,درست جواب ہے: 1۔,"99٪ لوگ غلط جواب دیتے ہیں, آسان"
Q0197,📖 اردو محاورے,E,"""ظلمت"" کا مطلب کیا ہے؟",شفق,سحر,دوپہر,گھپ اندھیرا / رات کی تاریکی,D,درست جواب ہے: گھپ اندھیرا / رات کی تاریکی۔,"اردو محاورے, آسان"
Q0198,🎭 الفاظ کا جادو,E,"""رات"" کا متضاد کیا ہے؟",دن,بند,بزدل,سرد,A,"""رات"" کا متضاد ""دن"" ہے۔","الفاظ کا جادو, آسان"
Q0199,👑 صرف ذہین لوگوں کے لیے,E,ایپل کمپنی کس نے قائم کی؟,ایلون مسک,بل گیٹس,جیف بیزوس,اسٹیو جابز اور اسٹیو ووزنیاک,D,درست جواب ہے: اسٹیو جابز اور اسٹیو ووزنیاک۔,"صرف ذہین لوگوں کے لیے, آسان"
Q0200,📖 اردو محاورے,E,“دل بھر آنا” کا مطلب کیا ہے؟,خوش ہونا,غمگین ہونا,حیران ہونا,غصہ ہونا,B,دل بھر آنا جذباتی یا غمگین ہونے کو کہتے ہیں۔,"اردو محاورے, آسان"
Q0201,🤯 دماغ کا امتحان,E,اگر ایک ہفتے میں 7 دن ہوتے ہیں تو 5 ہفتوں میں کتنے دن ہوں گے؟,30,40,42,35,D,7 × 5 = 35 دن۔,"دماغ کا امتحان, آسان"
Q0202,📖 اردو محاورے,E,بھینس کے آگے بین بجانا,اچھا کام,موسیقی,بے وقوف کو سمجھانا,بھینس,C,ناسمجھ کو نصیحت کرنا بے فائدہ ہوتا ہے۔,"اردو محاورے, آسان"
Q0203,👑 صرف ذہین لوگوں کے لیے,E,پاکستان کا مرکزی بینک کون سا ہے؟,اسٹیٹ بینک آف پاکستان,بینک الفلاح,حبیب بینک,نیشنل بینک,A,درست جواب ہے: اسٹیٹ بینک آف پاکستان۔,"صرف ذہین لوگوں کے لیے, آسان"
Q0204,👑 صرف ذہین لوگوں کے لیے,E,حج کس مہینے میں ادا کیا جاتا ہے؟,شوال,محرم,ذوالحج,رمضان,C,درست جواب ہے: ذوالحج۔,"صرف ذہین لوگوں کے لیے, آسان"
Q0205,⏳ 5 سیکنڈ چیلنج,E,گوادر بندرگاہ کس صوبے میں واقع ہے,بلوچستان,پنجاب,سندھ,خیبر پختونخوا,A,گوادر بندرگاہ بلوچستان میں بحیرہ عرب کے کنارے واقع ہے۔,"5 سیکنڈ چیلنج, آسان"
Q0206,😈 ٹرک سوالات,E,ایک شخص کے دو بیٹے ہیں اور ہر بیٹے کی ایک بہن ہے۔ کل بچے کتنے ہیں؟,5,3,2,4,B,دونوں بیٹوں کی ایک ہی بہن ہے، اس لیے کل 3 بچے ہیں۔,"ٹرک سوالات, آسان"
Q0207,🧩 دلچسپ پہیلیاں,E,وہ کیا ہے جو آپ کے پاس ہے مگر دوسروں کو نظر آتا ہے؟,جسم,دماغ,دل,سایہ,D,سایہ آپ کے ساتھ ہوتا ہے مگر دوسرے اسے دیکھتے ہیں,"دلچسپ پہیلیاں, آسان"
Q0208,🤯 دماغ کا امتحان,E,20 کا آدھا کتنا ہوتا ہے؟,20,5,15,10,D,20 کا نصف 10 ہے۔,"دماغ کا امتحان, آسان"
Q0209,👑 صرف ذہین لوگوں کے لیے,E,پشاور کا تاریخی قلعہ کون سا ہے؟,رانی کوٹ قلعہ,روہتاس قلعہ,بالا حصار قلعہ,شاہی قلعہ,C,درست جواب ہے: بالا حصار قلعہ۔,"صرف ذہین لوگوں کے لیے, آسان"
Q0210,🧩 دلچسپ پہیلیاں,E,وہ کون سی چیز ہے جو صرف ایک بار جل سکتی ہے؟,ماچس کی تیلی,لکڑی,موم بتی,کوئلہ,A,یہ ایک لطیف پہیلی ہے جس کا جواب ہے: ماچس کی تیلی۔,"دلچسپ پہیلیاں, آسان"
Q0211,😈 ٹرک سوالات,E,چار بیٹے ہیں، اور ہر بیٹے کی ایک ہی بہن ہے۔ کل کتنے بچے ہیں؟,8,6,4,5,D,درست جواب ہے: 5۔,"ٹرک سوالات, آسان"
Q0212,🤯 دماغ کا امتحان,E,اگر آج بدھ ہے تو 6 دن بعد کون سا دن ہوگا؟,بدھ,منگل,جمعرات,پیر,B,بدھ سے 6 دن آگے شمار کرنے پر دن منگل بنتا ہے۔,"دماغ کا امتحان, آسان"
Q0213,👑 صرف ذہین لوگوں کے لیے,E,قرارداد پاکستان کب پیش کی گئی؟,1935,1947,1940,1930,C,درست جواب ہے: 1940۔,"صرف ذہین لوگوں کے لیے, آسان"
Q0214,🧩 دلچسپ پہیلیاں,E,وہ کون ہے جو اندھیرے میں بھی راستہ دکھاتا ہے,سب,آگ,ستارہ,چاند,C,ستارے قدیم زمانے میں سمت معلوم کرنے کے لیے استعمال ہوتے تھے۔,"دلچسپ پہیلیاں, آسان"
Q0215,⏳ 5 سیکنڈ چیلنج,E,بہت ترقی کرنا,A,گر جانا,ڈرنا,رونا,A,درست جواب ہے: A۔,"5 سیکنڈ چیلنج, آسان"
Q0216,🧠 99٪ لوگ غلط جواب دیتے ہیں,E,علامہ اقبال کا پہلا اردو شعری مجموعہ کون سا ہے؟,ارمغانِ حجاز,بانگِ درا,بالِ جبریل,ضربِ کلیم,B,درست جواب ہے: بانگِ درا۔,"99٪ لوگ غلط جواب دیتے ہیں, آسان"
Q0217,🧠 99٪ لوگ غلط جواب دیتے ہیں,E,4، 13، 22، 31 کے بعد اگلا عدد کیا ہوگا؟,40,41,49,39,A,ہر بار 9 کا اضافہ ہو رہا ہے، لہٰذا اگلا عدد 31+9 = 40 ہوگا۔,"99٪ لوگ غلط جواب دیتے ہیں, آسان"
Q0218,🤯 دماغ کا امتحان,E,اگر 100 کا 15 فیصد نکالیں تو کتنا ہوگا؟,10,20,15,12,C,100 کا 15 فیصد = 15۔,"دماغ کا امتحان, آسان"
Q0219,🧩 دلچسپ پہیلیاں,E,وہ کیا ہے جو بغیر ہاتھ پاؤں کے چلتا ہے؟,گھڑی,وقت,بادل,دھڑکن,B,وقت مسلسل گزرتا رہتا ہے۔,"دلچسپ پہیلیاں, آسان"
Q0220,🧩 دلچسپ پہیلیاں,E,وہ کیا ہے جو خود بھیگتا ہے مگر دوسروں کو خشک کرتا ہے؟,سپنج,صابن,کپڑا,تولیہ,D,تولیہ خود گیلا ہو کر دوسروں کو خشک کرتا ہے۔,"دلچسپ پہیلیاں, آسان"
Q0221,🤯 دماغ کا امتحان,E,20، 28، 36، 44 کے بعد اگلا عدد کیا ہوگا؟,60,53,52,51,C,ہر بار 8 کا اضافہ ہو رہا ہے، لہٰذا اگلا عدد 44+8 = 52 ہوگا۔,"دماغ کا امتحان, آسان"
Q0222,🧩 دلچسپ پہیلیاں,E,وہ کیا ہے جو جتنا دھوؤ اتنا میلا,پانی,کپڑا,برتن,ہاتھ,A,دھونے سے پانی خود میلا ہو جاتا ہے۔,"دلچسپ پہیلیاں, آسان"
Q0223,🧩 دلچسپ پہیلیاں,E,وہ کیا ہے جو مشکل وقت میں پہچانا جاتا ہے؟,سچا دوست,پیسہ,رشتہ دار,ہمسایہ,A,یہ ایک لطیف پہیلی ہے جس کا جواب ہے: سچا دوست۔,"دلچسپ پہیلیاں, آسان"
Q0224,👑 صرف ذہین لوگوں کے لیے,E,بادشاہی مسجد کس شہر میں واقع ہے؟,کراچی,ملتان,لاہور,پشاور,C,بادشاہی مسجد لاہور کی تاریخی شناخت ہے۔,"صرف ذہین لوگوں کے لیے, آسان"
Q0225,🧠 99٪ لوگ غلط جواب دیتے ہیں,E,3×9 کا حاصل کیا ہے؟,21,36,27,18,C,درست جواب ہے: C)27 ✓۔,"99٪ لوگ غلط جواب دیتے ہیں, آسان"
Q0226,🤯 دماغ کا امتحان,E,اگر 2 کلو چینی کی قیمت 100 روپے ہے تو 5 کلو کی قیمت کتنی ہوگی,200,300,250,350,C,ایک کلو 50 روپے، اس لیے 5 کلو = 250 روپے۔,"دماغ کا امتحان, آسان"
Q0227,🎭 الفاظ کا جادو,E,"""دل"" کا مترادف کیا ہے؟",پیدا کرنے والا,دولت مند,قلب,سریع,C,"""دل"" کا مترادف ""قلب"" ہے۔","الفاظ کا جادو, آسان"
Q0228,👑 صرف ذہین لوگوں کے لیے,E,پاکستان کی قومی مچھلی کون سی ہے؟,تھُنّا,روہو,مہاشیر,ٹراؤٹ,C,مہاشیر پاکستان کی قومی مچھلی ہے۔,"صرف ذہین لوگوں کے لیے, آسان"
Q0229,🧠 99٪ لوگ غلط جواب دیتے ہیں,E,14، 21، 28، 35 کے بعد اگلا عدد کیا ہوگا؟,41,42,49,43,B,ہر بار 7 کا اضافہ ہو رہا ہے، لہٰذا اگلا عدد 35+7 = 42 ہوگا۔,"99٪ لوگ غلط جواب دیتے ہیں, آسان"
Q0230,📖 اردو محاورے,E,"""بات بن جانا"" محاورے کا مطلب؟",بات ختم ہونا,لڑائی ہونا,جھوٹ بولنا,کام کامیابی سے ہو جانا,D,درست جواب ہے: کام کامیابی سے ہو جانا۔,"اردو محاورے, آسان"
Q0231,⏳ 5 سیکنڈ چیلنج,E,کے ٹو کہاں واقع ہے؟,بھارت,نیپال,چین,پاکستان,D,کے ٹو گلگت بلتستان میں واقع ہے۔,"5 سیکنڈ چیلنج, آسان"
Q0232,📖 اردو محاورے,E,دل ڈوبنا کا مطلب کیا ہے؟,اداس ہونا,خوش ہونا,بیمار ہونا,تیرنا,A,شدید غم یا مایوسی محسوس کرنا,"اردو محاورے, آسان"
Q0233,🤯 دماغ کا امتحان,E,ڈوری زمین کے گرد 1 میٹر بڑھا دیں تو کتنا خلا بنے گا؟,تقریباً16 سینٹی میٹر,کوئی نہیں,1 میٹر,چیونٹی گزر جائے,A,درست جواب ہے: تقریباً16 سینٹی میٹر۔,"دماغ کا امتحان, آسان"
Q0234,🧠 99٪ لوگ غلط جواب دیتے ہیں,E,ایک آدمی کے پاس 5 موم بتیاں تھیں۔ 2 بجھ گئیں۔ آخر میں کتنی موم بتیاں بچیں؟,3,کوئی نہیں,2,5,C,درست جواب ہے: 2۔,"99٪ لوگ غلط جواب دیتے ہیں, آسان"
Q0235,🤯 دماغ کا امتحان,E,اگر ایک گاڑی کے 4 پہیے ہیں تو 3 گاڑیوں کے کتنے پہیے ہوں گے؟,16,10,12,8,C,3 × 4 = 12 پہیے۔,"دماغ کا امتحان, آسان"
Q0236,😈 ٹرک سوالات,E,ایک ٹوکری میں 25 پھل تھے، بچوں نے 20 کھا لیے، ٹوکری میں کتنے پھل بچے؟ (سیٹ 9),6,5,4,20,B,25-20=5 پھل بچے۔,"ٹرک سوالات, آسان"
Q0237,👑 صرف ذہین لوگوں کے لیے,E,پاکستان کا پہلا میوزیم کون سا ہے؟,پشاور میوزیم,ٹیکسلا میوزیم,لاہور میوزیم,کراچی میوزیم,C,درست جواب ہے: لاہور میوزیم۔,"صرف ذہین لوگوں کے لیے, آسان"
Q0238,🧠 99٪ لوگ غلط جواب دیتے ہیں,E,14، 17، 20، 23 کے بعد اگلا عدد کیا ہوگا؟,27,29,26,25,C,ہر بار 3 کا اضافہ ہو رہا ہے، لہٰذا اگلا عدد 23+3 = 26 ہوگا۔,"99٪ لوگ غلط جواب دیتے ہیں, آسان"
Q0239,😈 ٹرک سوالات,E,دو باپ اور دو بیٹے شکار پر گئے، تین شکار کیوں لائے؟,ایک نے دو شکار کیے,وہ تین افراد تھے: دادا، باپ، بیٹا,حساب غلط تھا,ایک شکار ضائع ہوگیا,B,تین افراد میں دو باپ اور دو بیٹے کا رشتہ بن جاتا ہے۔,"ٹرک سوالات, آسان"
Q0240,🧠 99٪ لوگ غلط جواب دیتے ہیں,E,وہ کون سا نمبر ہے جو خود کو 2 سے تقسیم کرنے پر 0 رہ جاتا ہے,2,0,4,1,B,0 کو کسی بھی عدد سے تقسیم کریں جواب 0 ہی آئے گا۔,"99٪ لوگ غلط جواب دیتے ہیں, آسان"
Q0241,🧩 دلچسپ پہیلیاں,E,وہ کیا ہے جو زمین میں بویا نہیں جاتا مگر اگتا ہے؟,پودا,درخت,شک/بدگمانی,بیج,C,یہ ایک لطیف پہیلی ہے جس کا جواب ہے: شک/بدگمانی۔,"دلچسپ پہیلیاں, آسان"
Q0242,⏳ 5 سیکنڈ چیلنج,E,ناکام ہونا,خوش ہونا,A,سفر کرنا,کھانا کھانا,B,درست جواب ہے: A۔,"5 سیکنڈ چیلنج, آسان"
Q0243,🧠 99٪ لوگ غلط جواب دیتے ہیں,E,19، 28، 37، 46 کے بعد اگلا عدد کیا ہوگا؟,64,54,56,55,D,ہر بار 9 کا اضافہ ہو رہا ہے، لہٰذا اگلا عدد 46+9 = 55 ہوگا۔,"99٪ لوگ غلط جواب دیتے ہیں, آسان"
Q0244,🧩 دلچسپ پہیلیاں,E,وہ کیا ہے جو جتنا نکالو اتنا بڑھتا ہے,گڑھا,روشنی,آگ,پانی,A,درست جواب ہے: گڑھا۔,"دلچسپ پہیلیاں, آسان"
Q0245,👑 صرف ذہین لوگوں کے لیے,E,سونامی کس وجہ سے پیدا ہوتی ہے؟,تیز بارش,دھوپ,سمندر کے اندر زلزلہ یا آتش فشاں,ہوا کا دباؤ,C,درست جواب ہے: سمندر کے اندر زلزلہ یا آتش فشاں۔,"صرف ذہین لوگوں کے لیے, آسان"
Q0246,👑 صرف ذہین لوگوں کے لیے,E,اضافیت کا نظریہ کس نے پیش کیا؟,ایڈیسن,نیوٹن,البرٹ آئن سٹائن,ڈارون,C,درست جواب ہے: البرٹ آئن سٹائن۔,"صرف ذہین لوگوں کے لیے, آسان"
Q0247,⏳ 5 سیکنڈ چیلنج,E,زمین کا سب سے بڑا حصہ کیا ہے؟,صحرا,پانی,جنگل,زمین,B,درست جواب ہے: پانی۔,"5 سیکنڈ چیلنج, آسان"
Q0248,👑 صرف ذہین لوگوں کے لیے,E,اسلام کا پہلا کلمہ کیا کہلاتا ہے؟,کلمہ تمجید,کلمہ توحید,کلمہ طیبہ,کلمہ شہادت,C,درست جواب ہے: کلمہ طیبہ۔,"صرف ذہین لوگوں کے لیے, آسان"
Q0249,📖 اردو محاورے,E,"""سحر"" کا مطلب کیا ہے؟",شام کا وقت,صبح کی پہلی روشنی,غروبِ آفتاب,دوپہر,B,درست جواب ہے: صبح کی پہلی روشنی۔,"اردو محاورے, آسان"
Q0250,🧩 دلچسپ پہیلیاں,E,وہ کون سی چیز ہے جو ایک لمحے میں سب کچھ بدل سکتی ہے؟,ایک خبر/فیصلہ,وقت,موسم,دن,A,یہ ایک لطیف پہیلی ہے جس کا جواب ہے: ایک خبر/فیصلہ۔,"دلچسپ پہیلیاں, آسان"
Q0251,🧠 99٪ لوگ غلط جواب دیتے ہیں,E,اگر آج پیر ہے تو 17 دن بعد کون سا دن ہوگا؟,جمعرات,ہفتہ,جمعہ,بدھ,A,پیر سے 17 دن آگے شمار کرنے پر دن جمعرات بنتا ہے۔,"99٪ لوگ غلط جواب دیتے ہیں, آسان"
Q0252,📖 اردو محاورے,E,دانت کھٹے کرنا,بری طرح شکست دینا,کھانا کھلانا,دوستی کرنا,ہنسانا,A,دانت کھٹے کرنا یعنی سخت شکست دینا۔,"اردو محاورے, آسان"
Q0253,🧠 99٪ لوگ غلط جواب دیتے ہیں,E,6، 10، 14، 18 کے بعد اگلا عدد کیا ہوگا؟,21,26,23,22,D,ہر بار 4 کا اضافہ ہو رہا ہے، لہٰذا اگلا عدد 18+4 = 22 ہوگا۔,"99٪ لوگ غلط جواب دیتے ہیں, آسان"
Q0254,⏳ 5 سیکنڈ چیلنج,E,دنیا کی بلند ترین چوٹی کون سی ہے؟,نانگا پربت,لوٹسے,کے ٹو,ماؤنٹ ایورسٹ,D,درست جواب ہے: ماؤنٹ ایورسٹ۔,"5 سیکنڈ چیلنج, آسان"
Q0255,👑 صرف ذہین لوگوں کے لیے,E,جمہوریت کا لفظی مطلب کیا ہے؟,بادشاہت,عوام کی حکومت,مذہبی حکومت,فوجی حکومت,B,درست جواب ہے: عوام کی حکومت۔,"صرف ذہین لوگوں کے لیے, آسان"
Q0256,🎭 الفاظ کا جادو,E,رشتہ کا متضاد کیا ہے؟,دوستی,دوری,رشتہ داری,محبت,B,درست جواب ہے: دوری۔,"الفاظ کا جادو, آسان"
Q0257,⏳ 5 سیکنڈ چیلنج,E,سال میں کتنے مہینے ہوتے ہیں؟,11,10,12,13,C,درست جواب ہے: 12۔,"5 سیکنڈ چیلنج, آسان"
Q0258,🤯 دماغ کا امتحان,E,9، 16، 23، 30 کے بعد اگلا عدد کیا ہوگا؟,44,38,37,36,C,ہر بار 7 کا اضافہ ہو رہا ہے، لہٰذا اگلا عدد 30+7 = 37 ہوگا۔,"دماغ کا امتحان, آسان"
Q0259,📖 اردو محاورے,E,اونٹ کے منہ میں زیرہ,مزید کھانا,مصالحہ,بہت کم,بہت زیادہ,C,ضرورت کے مقابلے میں بہت کم ہونا۔,"اردو محاورے, آسان"
Q0260,🧠 99٪ لوگ غلط جواب دیتے ہیں,E,اگر آج جمعہ ہے تو 4 دن بعد کون سا دن ہوگا؟,منگل,بدھ,جمعرات,پیر,A,جمعہ سے 4 دن آگے شمار کرنے پر دن منگل بنتا ہے۔,"99٪ لوگ غلط جواب دیتے ہیں, آسان"
Q0261,🎭 الفاظ کا جادو,E,ناامید کا متضاد کیا ہے؟,امیر,امیدوار,غریب,مایوس,B,ناامید کا متضاد امیدوار یا پُرامید ہے۔,"الفاظ کا جادو, آسان"
Q0262,🎭 الفاظ کا جادو,E,"""سچا"" کا متضاد کیا ہے؟",مردہ,جھوٹا,تنگ,تازہ,B,"""سچا"" کا متضاد ""جھوٹا"" ہے۔","الفاظ کا جادو, آسان"
Q0263,📖 اردو محاورے,E,کان بھرنا کا مطلب کیا ہے؟,کسی کے خلاف بھڑکانا,تعریف کرنا,مدد کرنا,خاموش رہنا,A,کسی کے خلاف باتیں کر کے بدگمان کرنا۔,"اردو محاورے, آسان"
Q0264,📖 اردو محاورے,E,"""دل کا راز"" سے کیا مراد ہے؟",محبت,جذباتی بات,خفیہ بات,دوستی,C,درست جواب ہے: خفیہ بات۔,"اردو محاورے, آسان"
Q0265,🎭 الفاظ کا جادو,E,"""حاضر"" کا متضاد کیا ہے؟",دھیما,میزبان,دشوار,غائب,D,"""حاضر"" کا متضاد ""غائب"" ہے۔","الفاظ کا جادو, آسان"
Q0266,👑 صرف ذہین لوگوں کے لیے,E,سندھ طاس معاہدہ کب ہوا,1950,1980,1970,1960,D,سندھ طاس معاہدہ 1960 میں ہوا۔,"صرف ذہین لوگوں کے لیے, آسان"
Q0267,👑 صرف ذہین لوگوں کے لیے,E,مائیکروسافٹ کمپنی کس نے قائم کی؟,لیری پیج,بل گیٹس اور پال ایلن,مارک زکربرگ,اسٹیو جابز,B,درست جواب ہے: بل گیٹس اور پال ایلن۔,"صرف ذہین لوگوں کے لیے, آسان"
Q0268,🧠 99٪ لوگ غلط جواب دیتے ہیں,E,2+3×4 کا جواب کیا ہوگا,20,24,14,10,C,ضرب پہلے ہوگی: 3×4=12 پھر 2+12=14۔,"99٪ لوگ غلط جواب دیتے ہیں, آسان"
Q0269,😈 ٹرک سوالات,E,ٹوکری میں 18 پھل ہیں سیب کیلوں سے دگنے ہیں کیلے کتنے؟,6,4,9,5,A,6+12=18,"ٹرک سوالات, آسان"
Q0270,🎭 الفاظ کا جادو,E,"""شعور"" کا متضاد کیا ہے؟",جہالت,علم,بیداری,ہوش,A,درست جواب ہے: جہالت۔,"الفاظ کا جادو, آسان"
Q0271,🤯 دماغ کا امتحان,E,اگر ایک مثلث کے ہر زاویے کی پیمائش 60 درجے ہو تو وہ کس قسم کا مثلث ہوگا؟,قائم الزاویہ,متساوی الاضلاع,منفرج الزاویہ,مختلف الاضلاع,B,جس مثلث کے تینوں زاویے 60 درجے ہوں وہ متساوی الاضلاع مثلث ہوتا ہے۔,"دماغ کا امتحان, آسان"
Q0272,🧩 دلچسپ پہیلیاں,E,کون سی چیز جتنی بانٹو اتنی بڑھتی ہے؟,دولت,روٹی,وقت,محبت,D,درست جواب ہے: محبت۔,"دلچسپ پہیلیاں, آسان"
Q0273,🧩 دلچسپ پہیلیاں,E,وہ کیا ہے جو چلتا ہے مگر پاؤں نہیں رکھتا؟,ہوا,ندی,وقت,سورج,C,یہ ایک لطیف پہیلی ہے جس کا جواب ہے: وقت۔,"دلچسپ پہیلیاں, آسان"
Q0274,🤯 دماغ کا امتحان,E,ان میں سے کون سا عدد باقیوں سے مختلف ہے: 12، 4، 8، 6؟,6,8,4,12,A,باقی تمام اعداد جفت (even) ہیں مگر 6 طاق (odd) ہے۔,"دماغ کا امتحان, آسان"
Q0275,🤯 دماغ کا امتحان,E,کمرے کے چار کونوں میں چار بلیاں ہیں ہر بلی کو تین بلیاں نظر آتی ہیں کل بلیاں؟,3,6,12,4,D,ہر کونے میں 1 بلی,"دماغ کا امتحان, آسان"
Q0276,😈 ٹرک سوالات,E,الیکٹرک ٹرین کا دھواں کس طرف جائے گا؟,مشرق,جنوب,شمال,دھواں نہیں ہوگا,D,درست جواب ہے: دھواں نہیں ہوگا۔,"ٹرک سوالات, آسان"
Q0277,🎭 الفاظ کا جادو,E,"""امیر"" کا متضاد کیا ہے؟",آخری,دشوار,نادار,بعید,C,"""امیر"" کا متضاد ""نادار"" ہے۔","الفاظ کا جادو, آسان"
Q0278,👑 صرف ذہین لوگوں کے لیے,E,سندھ کا قدیم نام کیا تھا,سندھو,انڈس,سندھومان,ملتان,C,سندھ کا قدیم نام سندھومان بتایا جاتا ہے۔,"صرف ذہین لوگوں کے لیے, آسان"
Q0279,⏳ 5 سیکنڈ چیلنج,E,شب خون کا درست مطلب کیا ہے؟,رات بھر جاگنا,رات کو خون بہنا,رات کے اندھیرے میں اچانک حملہ کرنا,رات کا کھانا,C,درست جواب ہے: رات کے اندھیرے میں اچانک حملہ کرنا۔,"5 سیکنڈ چیلنج, آسان"
Q0280,🧠 99٪ لوگ غلط جواب دیتے ہیں,E,اگر آج ہفتہ ہے تو 13 دن بعد کون سا دن ہوگا؟,جمعرات,ہفتہ,اتوار,جمعہ,D,ہفتہ سے 13 دن آگے شمار کرنے پر دن جمعہ بنتا ہے۔,"99٪ لوگ غلط جواب دیتے ہیں, آسان"
Q0281,🧠 99٪ لوگ غلط جواب دیتے ہیں,E,اگر آج بدھ ہے تو 3 دن بعد کون سا دن ہوگا؟,جمعہ,اتوار,پیر,ہفتہ,D,بدھ کے بعد جمعرات، جمعہ، ہفتہ,"99٪ لوگ غلط جواب دیتے ہیں, آسان"
Q0282,🎭 الفاظ کا جادو,E,سخاوت کا متضاد کیا ہے؟,رحم,محبت,فیاضی,کنجوسی,D,سخاوت کا متضاد کنجوسی ہے۔,"الفاظ کا جادو, آسان"
Q0283,🧠 99٪ لوگ غلط جواب دیتے ہیں,E,14، 19، 24، 29 کے بعد اگلا عدد کیا ہوگا؟,39,34,33,35,B,ہر بار 5 کا اضافہ ہو رہا ہے، لہٰذا اگلا عدد 29+5 = 34 ہوگا۔,"99٪ لوگ غلط جواب دیتے ہیں, آسان"
Q0284,📖 اردو محاورے,E,دل پھٹ جانا کا مطلب کیا ہے؟,بہت غمگین ہونا,لڑنا,خوش ہونا,ہنسنا,A,شدید غم کی کیفیت کو دل پھٹ جانا کہتے ہیں۔,"اردو محاورے, آسان"
Q0285,🤯 دماغ کا امتحان,E,50 کا آدھا اور پھر اس کا آدھا کتنا ہوگا؟,12.5,25,10,15,A,50 کا آدھا 25 اور اس کا آدھا 12.5 ہوتا ہے۔,"دماغ کا امتحان, آسان"
Q0286,😈 ٹرک سوالات,E,وہ کون سا دن ہے جو آتا ہے مگر کبھی نہیں آتا,پیر,کل,آج,اتوار,B,کل ہمیشہ آگے سرک جاتا ہے۔,"ٹرک سوالات, آسان"
Q0287,📖 اردو محاورے,E,"""چاندی ہونا"" کا مطلب کیا ہے؟",بہت فائدہ یا خوشحالی ہونا,چاندی خریدنا,نقصان ہونا,غریب ہونا,A,"""چاندی ہونا"" کا محاورتی مطلب ہے: بہت فائدہ یا خوشحالی ہونا۔","اردو محاورے, آسان"
Q0288,⏳ 5 سیکنڈ چیلنج,E,"""الگورتھم"" کے لیے موزوں اردو اصطلاح؟",کمپیوٹر کوڈ,ریاضیاتی کلیہ,حسابی طریقۂ کار,ڈیجیٹل فارمولا,C,درست جواب ہے: حسابی طریقۂ کار۔,"5 سیکنڈ چیلنج, آسان"
Q0289,👑 صرف ذہین لوگوں کے لیے,E,اردو کا پہلا اخبار کون سا تھا,آفتاب,جام جہاں نما,جنگ,امروز,B,درست جواب ہے: جام جہاں نما۔,"صرف ذہین لوگوں کے لیے, آسان"
Q0290,👑 صرف ذہین لوگوں کے لیے,E,دنیا کی سب سے بڑی جھیل کون سی ہے؟,بحیرہ کیسپین,جھیل وکٹوریہ,جھیل سپیریئر,بحیرہ اسود,A,درست جواب ہے: بحیرہ کیسپین۔,"صرف ذہین لوگوں کے لیے, آسان"
Q0291,🧩 دلچسپ پہیلیاں,E,وہ کیا ہے جسے جتنا کھینچو اتنا ہی چھوٹا ہو جاتا ہے؟,رسی,ربڑ,دھاگا,سگریٹ,D,جلتی ہوئی سگریٹ کھینچنے سے چھوٹی ہوتی جاتی ہے۔,"دلچسپ پہیلیاں, آسان"
Q0292,👑 صرف ذہین لوگوں کے لیے,E,موبائل فون کس نے ایجاد کیا؟,گراہم بیل,ایڈیسن,مارٹن کوپر,نیوٹن,C,درست جواب ہے: مارٹن کوپر۔,"صرف ذہین لوگوں کے لیے, آسان"
Q0293,🤯 دماغ کا امتحان,E,ایک آدمی کے 7 بیٹے ہیں۔ ہر بیٹی کے 2 بہن ہیں۔ کل کتنی بیٹیاں؟,7,0,14,2,D,درست جواب ہے: 2۔,"دماغ کا امتحان, آسان"
Q0294,🎭 الفاظ کا جادو,E,"""خشک"" کا متضاد کیا ہے؟",نیچا,گیلا,ہمت,نیا,B,"""خشک"" کا متضاد ""گیلا"" ہے۔","الفاظ کا جادو, آسان"
Q0295,⏳ 5 سیکنڈ چیلنج,E,دنیا کا سب سے اونچا پہاڑ کون سا ہے؟,ماؤنٹ ایورسٹ,لوٹسے,نانگا پربت,کے ٹو,A,درست جواب ہے: ماؤنٹ ایورسٹ۔,"5 سیکنڈ چیلنج, آسان"
Q0296,⏳ 5 سیکنڈ چیلنج,E,سورج کس سمت سے طلوع ہوتا ہے؟,شمال,جنوب,مغرب,مشرق,D,درست جواب ہے: مشرق۔,"5 سیکنڈ چیلنج, آسان"
Q0297,🤯 دماغ کا امتحان,E,اگر 5 درجن انڈے ہوں تو کل کتنے انڈے ہوں گے؟,65,55,50,60,D,ایک درجن میں 12 انڈے ہوتے ہیں، 5 × 12 = 60۔,"دماغ کا امتحان, آسان"
Q0298,🤯 دماغ کا امتحان,E,ایک عدد کو 4 سے تقسیم کرنے پر جواب 5 آتا ہے۔ وہ عدد کیا ہے,20,25,15,10,A,20÷4=5۔,"دماغ کا امتحان, آسان"
Q0299,🧠 99٪ لوگ غلط جواب دیتے ہیں,E,58، 14، 69 کا اوسط (average) کیا ہوگا؟,47,49,48,46,A,اوسط = تمام اعداد کا مجموعہ ÷ تعداد = 141/3 = 47۔,"99٪ لوگ غلط جواب دیتے ہیں, آسان"
Q0300,👑 صرف ذہین لوگوں کے لیے,E,وادی سوات کس چیز کے لیے مشہور ہے؟,صحرا,سمندر,صنعت,قدرتی حسن اور بدھ مت کے آثار,D,درست جواب ہے: قدرتی حسن اور بدھ مت کے آثار۔,"صرف ذہین لوگوں کے لیے, آسان"
Q0301,🧩 دلچسپ پہیلیاں,E,وہ کیا ہے جو بغیر دیکھے بھی سب کچھ محسوس کر لیتا ہے؟,دل,ناک,آنکھ,کان,A,یہ ایک لطیف پہیلی ہے جس کا جواب ہے: دل۔,"دلچسپ پہیلیاں, آسان"
Q0302,📖 اردو محاورے,E,ہاتھ ملانا کا کیا مطلب ہے؟,ہاتھ اٹھانا,دوستی یا معاہدہ کرنا,ہاتھ دھونا,لڑائی کرنا,B,اتحاد یا مفاہمت کے لیے استعمال ہوتا ہے,"اردو محاورے, آسان"
Q0303,📖 اردو محاورے,E,"""پیٹھ دکھانا"" کا مطلب کیا ہے؟",میدان چھوڑ کر بھاگ جانا، بزدلی دکھانا,آرام کرنا,ڈٹ کر مقابلہ کرنا,کمر سیدھی کرنا,A,"""پیٹھ دکھانا"" کا محاورتی مطلب ہے: میدان چھوڑ کر بھاگ جانا، بزدلی دکھانا۔","اردو محاورے, آسان"
Q0304,🧩 دلچسپ پہیلیاں,E,وہ چیز جس کے منہ میں دانت نہیں پھر بھی کاٹ لیتی ہے,کتاب,آگ,سوئی,قینچی,D,درست جواب ہے: قینچی۔,"دلچسپ پہیلیاں, آسان"
Q0305,🧩 دلچسپ پہیلیاں,E,وہ کون سی چیز ہے جو انسان کو بغیر کچھ کہے بدل دیتی ہے؟,وقت,لباس,کھانا,پیسہ,A,یہ ایک لطیف پہیلی ہے جس کا جواب ہے: وقت۔,"دلچسپ پہیلیاں, آسان"
Q0306,🎭 الفاظ کا جادو,E,آنکھ کا متضاد کیا ہے,نظر,کان,پتھر,اندھا,D,درست جواب ہے: اندھا۔,"الفاظ کا جادو, آسان"
Q0307,📖 اردو محاورے,E,کان کھڑے کرنا کا مطلب کیا ہے؟,توجہ سے سننا,کان پکڑنا,غصہ ہونا,بہرا ہونا,A,کسی بات کو بہت غور سے سننا,"اردو محاورے, آسان"
Q0308,😈 ٹرک سوالات,E,اگر آپ دوڑ میں دوسرے نمبر والے کو پیچھے چھوڑ دیں تو آپ کس نمبر پر ہوں گے؟,پہلے,دوسرے,تیسرے,آخری,B,آپ دوسرے شخص کی جگہ لے لیتے ہیں۔,"ٹرک سوالات, آسان"
Q0309,📖 اردو محاورے,E,"""آنکھیں ٹھنڈی ہونا"" کا مطلب؟",غصہ آنا,خوشی ملنا,رونا,دل کو تسکین ملنا,D,درست جواب ہے: دل کو تسکین ملنا۔,"اردو محاورے, آسان"
Q0310,🧠 99٪ لوگ غلط جواب دیتے ہیں,E,اگر ایک درجن انڈوں میں سے 3 انڈے ٹوٹ جائیں تو کتنے انڈے بچیں گے؟,3,9,12,6,B,ایک درجن = 12، 12-3=9 انڈے بچیں گے۔,"99٪ لوگ غلط جواب دیتے ہیں, آسان"
Q0311,🧩 دلچسپ پہیلیاں,E,وہ کیا ہے جو بولے بغیر پیغام پہنچاتا ہے؟,ریڈیو,اخبار,خط,فون,C,یہ ایک لطیف پہیلی ہے جس کا جواب ہے: خط۔,"دلچسپ پہیلیاں, آسان"
Q0312,📖 اردو محاورے,E,آنکھ کا کانٹا کسے کہتے ہیں؟,مہمان,بہت پیارا شخص,استاد,ناپسندیدہ شخص,D,یہ محاورہ ایسے شخص کے لیے بولا جاتا ہے جو سخت ناپسند ہو۔,"اردو محاورے, آسان"
Q0313,😈 ٹرک سوالات,E,ایک ٹوکری میں 12 پھل تھے، بچوں نے 7 کھا لیے، ٹوکری میں کتنے پھل بچے؟ (سیٹ 7),5,4,6,7,A,12-7=5 پھل بچے۔,"ٹرک سوالات, آسان"
Q0314,🎭 الفاظ کا جادو,E,"""شہر"" کا مترادف کیا ہے؟",بلد,امن,ضعف,رسوائی,A,"""شہر"" کا مترادف ""بلد"" ہے۔","الفاظ کا جادو, آسان"
Q0315,🎭 الفاظ کا جادو,E,"""شور"" کا متضاد کیا ہے؟",غریب,ہلکا,گیلا,خاموشی,D,"""شور"" کا متضاد ""خاموشی"" ہے۔","الفاظ کا جادو, آسان"
Q0316,😈 ٹرک سوالات,E,وہ کون سا جانور ہے جو ہر ماہ اپنا رنگ بدلتا ہے,مینڈک,خرگوش,مور,گرگٹ,D,یہ ایک ٹرک سوال ہے، گرگٹ رنگ بدلنے کے لیے مشہور ہے۔,"ٹرک سوالات, آسان"
Q0317,📖 اردو محاورے,E,"""خمار"" کا مطلب؟",خوشی,غصہ,نشہ / مستی,اداسی,C,درست جواب ہے: نشہ / مستی۔,"اردو محاورے, آسان"
Q0318,⏳ 5 سیکنڈ چیلنج,E,آنکھیں بھر آنا کا مطلب کیا ہے؟,خوش ہونا,حیران ہونا,رو پڑنا,نیند آنا,C,درست جواب ہے: رو پڑنا۔,"5 سیکنڈ چیلنج, آسان"
Q0319,😈 ٹرک سوالات,E,ایک درجن میں کتنی اشیا ہوتی ہیں,12,11,13,10,A,ایک درجن میں 12 اشیا ہوتی ہیں۔,"ٹرک سوالات, آسان"
Q0320,🧠 99٪ لوگ غلط جواب دیتے ہیں,E,ایک کلو لوہا اور ایک کلو روئی میں کون زیادہ بھاری ہے,روئی,لوہا,دونوں برابر,بتانا مشکل,C,دونوں کا وزن ایک کلو ہے اس لیے برابر ہیں۔,"99٪ لوگ غلط جواب دیتے ہیں, آسان"
Q0321,⏳ 5 سیکنڈ چیلنج,E,بہت عزیز شخص,A,کمزور شخص,دشمن,اجنبی,A,درست جواب ہے: A۔,"5 سیکنڈ چیلنج, آسان"
Q0322,🤯 دماغ کا امتحان,E,اگر ایک درجن انڈے میں سے 3 نکال لیے جائیں تو کتنے بچیں گے,3,9,10,12,B,12 میں سے 3 نکالنے پر 9 انڈے بچیں گے۔,"دماغ کا امتحان, آسان"
Q0323,😈 ٹرک سوالات,E,اگر آج منگل ہے تو 15 دن بعد کون سا دن ہوگا؟,منگل,جمعرات,بدھ,جمعہ,C,منگل سے 15 دن آگے شمار کرنے پر دن بدھ بنتا ہے۔,"ٹرک سوالات, آسان"
Q0324,😈 ٹرک سوالات,E,3 گولیاں ہیں۔ ہر آدھے گھنٹے بعد ایک کھانی ہے۔ کتنے وقت میں ختم؟,1.5 گھنٹہ,1 گھنٹہ,3 گھنٹے,2 گھنٹے,B,درست جواب ہے: 1 گھنٹہ۔,"ٹرک سوالات, آسان"
Q0325,⏳ 5 سیکنڈ چیلنج,E,غالب کا اصل نام کیا تھا؟,میر,اسد اللہ,مرزا غالب,مرزا اسد اللہ خان,D,درست جواب ہے: مرزا اسد اللہ خان۔,"5 سیکنڈ چیلنج, آسان"
Q0326,🎭 الفاظ کا جادو,E,شفقت کا مترادف کیا ہے؟,حسد,مہربانی,سختی,نفرت,B,شفقت کا مطلب مہربانی اور پیار ہے۔,"الفاظ کا جادو, آسان"
Q0327,⏳ 5 سیکنڈ چیلنج,E,ہار نہ ماننا کا مطلب کیا ہے؟,بھاگنا,چھوڑ دینا,جاری رکھنا,سونے,C,درست جواب ہے: جاری رکھنا۔,"5 سیکنڈ چیلنج, آسان"
Q0328,👑 صرف ذہین لوگوں کے لیے,E,اسلام کا دوسرا رکن کیا ہے؟,نماز,حج,روزہ,زکوٰۃ,A,درست جواب ہے: نماز۔,"صرف ذہین لوگوں کے لیے, آسان"
Q0329,⏳ 5 سیکنڈ چیلنج,E,انسان کے کتنے پھیپھڑے ہوتے ہیں؟,2,4,1,3,A,درست جواب ہے: 2۔,"5 سیکنڈ چیلنج, آسان"
Q0330,🧩 دلچسپ پہیلیاں,E,وہ کیا ہے جو ٹوٹتا ہے مگر آواز نہیں کرتا,دروازہ,گلاس,پتھر,وعدہ,D,وعدہ ٹوٹنے کی آواز نہیں ہوتی۔,"دلچسپ پہیلیاں, آسان"
Q0331,📖 اردو محاورے,E,ٹیڑھی کھیر ہونا,بہت مشکل کام,میٹھا کھانا,آسان کام,کھیر کھانا,A,بہت مشکل یا پیچیدہ کام۔,"اردو محاورے, آسان"
Q0332,🧩 دلچسپ پہیلیاں,E,وہ کون سی چیز ہے جو بغیر پروں کے اڑتی ہے؟,کرسی,کتاب,پتھر,دھواں,D,دھواں ہوا میں اوپر اٹھتا ہے۔,"دلچسپ پہیلیاں, آسان"
Q0333,🧩 دلچسپ پہیلیاں,E,وہ کیا ہے جو بغیر مانگے سب کو ملتا ہے؟,پانی,ہوا/سانس,پیسہ,کھانا,B,یہ ایک لطیف پہیلی ہے جس کا جواب ہے: ہوا/سانس۔,"دلچسپ پہیلیاں, آسان"
Q0334,📖 اردو محاورے,E,"""جنون"" کا مطلب کیا ہے؟",خمار,حد سے بڑھی ہوئی دیوانگی,شوق,سحر,B,درست جواب ہے: حد سے بڑھی ہوئی دیوانگی۔,"اردو محاورے, آسان"
Q0335,⏳ 5 سیکنڈ چیلنج,E,خوشی محسوس کرنا,غمگین ہونا,A,غصہ کرنا,ڈرنا,B,درست جواب ہے: A۔,"5 سیکنڈ چیلنج, آسان"
Q0336,📖 اردو محاورے,E,چھپا رستم ہونا,بہت شرارتی,چھپنا,چھپا ہوا ماہر,رستم بننا,C,ایسا شخص جس کی صلاحیت بعد میں ظاہر ہو۔,"اردو محاورے, آسان"
Q0337,🤯 دماغ کا امتحان,E,اگر ایک درجن انڈوں کی قیمت 60 روپے ہے تو 5 انڈوں کی قیمت کتنی ہوگی,35,30,25,20,C,ایک انڈے کی قیمت 5 روپے، اس لیے 5 انڈوں کی قیمت 25 روپے ہوگی۔,"دماغ کا امتحان, آسان"
Q0338,📖 اردو محاورے,E,"""پیر جمانا"" کا مطلب کیا ہے؟",کسی جگہ اپنی مضبوط پوزیشن بنا لینا,ہار ماننا,بھاگ جانا,کمزور ہونا,A,"""پیر جمانا"" کا محاورتی مطلب ہے: کسی جگہ اپنی مضبوط پوزیشن بنا لینا۔","اردو محاورے, آسان"
Q0339,🤯 دماغ کا امتحان,E,ایک آدمی کے پاس 10 روپے تھے، اس نے 5 روپے خرچ کیے۔ کتنے بچے؟,10,15,3,5,D,درست جواب ہے: 5 ✓۔,"دماغ کا امتحان, آسان"
Q0340,😈 ٹرک سوالات,E,ایک ہاتھ میں پانچ انگلیاں ہیں دو ہاتھوں میں کتنی انگلیاں ہیں,20,15,5,10,D,دو ہاتھوں میں کل 10 انگلیاں ہوتی ہیں۔,"ٹرک سوالات, آسان"
Q0341,😈 ٹرک سوالات,E,5² + 3² کا جواب کیا ہے؟,34,25,9,16,A,درست جواب ہے: 34۔,"ٹرک سوالات, آسان"
Q0342,😈 ٹرک سوالات,E,ایک کمرے میں 8 لوگ ہیں۔ ہر کوئی دوسرے سے گلے ملتا ہے۔ کل کتنے گلے ملے؟,24,28,16,32,B,درست جواب ہے: 28 ________________۔,"ٹرک سوالات, آسان"
Q0343,😈 ٹرک سوالات,E,ایک ٹوکری میں 8 انڈے تھے، 3 ٹوٹ گئے۔ کتنے انڈے بچے؟,6,3,5,8,C,سوال کو غور سے پڑھیں اور مرحلہ وار حساب لگائیں۔,"ٹرک سوالات, آسان"
Q0344,🧩 دلچسپ پہیلیاں,E,وہ کون سی چیز ہے جو ٹوٹنے کے بعد ہی کام آتی ہے؟,قلم,گھڑی,انڈا,شیشہ,C,درست جواب ہے: انڈا ✓۔,"دلچسپ پہیلیاں, آسان"
Q0345,⏳ 5 سیکنڈ چیلنج,E,'اُردو' لفظ کا اصل مطلب کیا تھا؟,محل,عدالت,کتاب,لشکر یا فوجی کیمپ,D,درست جواب ہے: لشکر یا فوجی کیمپ۔,"5 سیکنڈ چیلنج, آسان"
Q0346,😈 ٹرک سوالات,E,ایک شخص کے پاس 5 موم بتیاں تھیں اس نے 2 بجھا دیں کتنی بچیں,5,2,0,3,A,موم بتیاں موجود رہیں گی چاہے جلیں یا بجھیں۔,"ٹرک سوالات, آسان"
Q0347,⏳ 5 سیکنڈ چیلنج,E,ایک دائرے کا محیط فارمولا کیا ہے؟,πd,πr²,2πr,2π,C,درست جواب ہے: 2πr۔,"5 سیکنڈ چیلنج, آسان"
Q0348,🤯 دماغ کا امتحان,E,ایک کلاس میں 40 طلباء ہیں۔ اگر 75% پاس ہوئے، تو کتنے فیل ہوئے؟,10,20,15,25,A,درست جواب ہے: 10 ________________۔,"دماغ کا امتحان, آسان"
Q0349,🧠 99٪ لوگ غلط جواب دیتے ہیں,E,اگر آج جمعہ ہے تو 11 دن بعد کون سا دن ہوگا؟,منگل,جمعرات,بدھ,پیر,A,جمعہ سے 11 دن آگے شمار کرنے پر دن منگل بنتا ہے۔,"99٪ لوگ غلط جواب دیتے ہیں, آسان"
Q0350,🤯 دماغ کا امتحان,E,اگر آپ آخری نمبر والے شخص کو پیچھے چھوڑ دیں تو آپ کس نمبر پر ہوں گے؟,دوسرے آخری,پہلے,آخری,یہ ناممکن ہے,D,درست جواب ہے: یہ ناممکن ہے۔,"دماغ کا امتحان, آسان"
Q0351,🧩 دلچسپ پہیلیاں,E,وہ کیا ہے جو مشکل میں سب سے پہلے یاد آتا ہے؟,خدا/اللہ,دوست,نیند,کھانا,A,یہ ایک لطیف پہیلی ہے جس کا جواب ہے: خدا/اللہ۔,"دلچسپ پہیلیاں, آسان"
Q0352,🧩 دلچسپ پہیلیاں,E,وہ کون سی چیز ہے جو ہر جگہ ہے مگر نظر نہیں آتی,پانی,روشنی,ہوا,خدا,C,ہوا ہر جگہ موجود ہوتی ہے مگر نظر نہیں آتی۔,"دلچسپ پہیلیاں, آسان"
Q0353,🧠 99٪ لوگ غلط جواب دیتے ہیں,E,2x + 5 = 15 کا x کیا نکلے گا؟,3,4,10,5,D,درست جواب ہے: 5۔,"99٪ لوگ غلط جواب دیتے ہیں, آسان"
Q0354,😈 ٹرک سوالات,E,وہ کون سا جانور ہے جو کبھی پانی نہیں پیتا,کینگرو چوہا,چوہا,اونٹ,ریگستانی چوہا,A,کینگرو چوہا اپنی خوراک سے پانی حاصل کرتا ہے۔,"ٹرک سوالات, آسان"
Q0355,👑 صرف ذہین لوگوں کے لیے,E,موہنجوداڑو کس دور کی تہذیب ہے؟,وادیٔ سندھ کی تہذیب,رومی تہذیب,یونانی تہذیب,مصری تہذیب,A,درست جواب ہے: وادیٔ سندھ کی تہذیب۔,"صرف ذہین لوگوں کے لیے, آسان"
Q0356,⏳ 5 سیکنڈ چیلنج,E,پاکستان کا قومی درخت کون سا ہے؟,آم,نیم,دیودار,چنار,C,درست جواب ہے: دیودار۔,"5 سیکنڈ چیلنج, آسان"
Q0357,📖 اردو محاورے,E,"""دم بھر میں"" کا مطلب کیا ہے؟",بہت جلدی، فوری طور پر,ایک دن میں,کبھی نہیں,ایک ہفتے میں,A,"""دم بھر میں"" کا محاورتی مطلب ہے: بہت جلدی، فوری طور پر۔","اردو محاورے, آسان"
Q0358,⏳ 5 سیکنڈ چیلنج,E,پاکستان کا دارالحکومت کون سا شہر ہے؟,کراچی,ملتان,لاہور,اسلام آباد,D,درست جواب ہے: اسلام آباد۔,"5 سیکنڈ چیلنج, آسان"
Q0359,🧠 99٪ لوگ غلط جواب دیتے ہیں,E,پودے خوراک بنانے کے عمل کو کیا کہتے ہیں؟,تنفس,تبخیر,تخمیر,ضیائی تالیف,D,درست جواب ہے: ضیائی تالیف ✓۔,"99٪ لوگ غلط جواب دیتے ہیں, آسان"
Q0360,🧠 99٪ لوگ غلط جواب دیتے ہیں,E,19، 21، 23، 25 کے بعد اگلا عدد کیا ہوگا؟,27,29,28,26,A,ہر بار 2 کا اضافہ ہو رہا ہے، لہٰذا اگلا عدد 25+2 = 27 ہوگا۔,"99٪ لوگ غلط جواب دیتے ہیں, آسان"
Q0361,🎭 الفاظ کا جادو,E,خاموش کا متضاد کیا ہے,بولتا,ساکت,چپ,گونگا,A,خاموش کا متضاد بولتا یا گویا ہے۔,"الفاظ کا جادو, آسان"
Q0362,📖 اردو محاورے,E,"""ناک رگڑنا"" محاورے کا مطلب؟",غصہ کرنا,ڈر جانا,بہت عاجزی یا منت سماجت کرنا,خوش ہونا,C,درست جواب ہے: بہت عاجزی یا منت سماجت کرنا۔,"اردو محاورے, آسان"
Q0363,🧩 دلچسپ پہیلیاں,E,وہ کیا ہے جس کا سر اور دم ہوتی ہے مگر جسم نہیں,سانپ,سکہ,رسی,پتھر,B,درست جواب ہے: سکہ۔,"دلچسپ پہیلیاں, آسان"
Q0364,🧩 دلچسپ پہیلیاں,E,وہ کیا ہے جو پانی پیتا ہے مگر خود کبھی نہیں کھاتا؟,ہوا,درخت,آگ,بادل,B,درخت اپنی جڑوں کے ذریعے پانی جذب کرتے ہیں۔,"دلچسپ پہیلیاں, آسان"
Q0365,⏳ 5 سیکنڈ چیلنج,E,پاکستان کا سب سے بڑا صحرا کون سا ہے؟,کچھی,تھل,تھر,چولستان,C,درست جواب ہے: B)تھر ✓۔,"5 سیکنڈ چیلنج, آسان"
Q0366,🎭 الفاظ کا جادو,E,راز کا متضاد کیا ہے؟,چھپا,جھوٹ,سچ,کھلا,D,درست جواب ہے: کھلا۔,"الفاظ کا جادو, آسان"
Q0367,👑 صرف ذہین لوگوں کے لیے,E,پرنٹنگ پریس کس نے ایجاد کی؟,نیوٹن,رائٹ برادران,یوہانس گٹن برگ,ایڈیسن,C,درست جواب ہے: یوہانس گٹن برگ۔,"صرف ذہین لوگوں کے لیے, آسان"
Q0368,😈 ٹرک سوالات,E,اگر آپ کے پاس 6 آم ہیں اور 2 دے دیں تو کتنے رہ جائیں گے,2,3,4,6,C,6 میں سے 2 دینے پر 4 بچتے ہیں۔,"ٹرک سوالات, آسان"
Q0369,🎭 الفاظ کا جادو,E,انصاف کا متضاد کیا ہے,سچ,عدل,ظلم,حق,C,انصاف کا متضاد ظلم ہے۔,"الفاظ کا جادو, آسان"
Q0370,🤯 دماغ کا امتحان,E,اگر x = 10 تو x/5 + 6 کیا ہوگا؟,10,12,14,8,D,درست جواب ہے: 8۔,"دماغ کا امتحان, آسان"
Q0371,📖 اردو محاورے,E,منہ کی کھانا,ناکام ہونا,جلدی کھانا,مزے سے کھانا,مہمانی کرنا,A,کسی کام میں بری طرح ناکام ہونا۔,"اردو محاورے, آسان"
Q0372,🎭 الفاظ کا جادو,E,"""مبہم"" کا متضاد؟",گہرا,واضح,دھندلا,پیچیدہ,B,درست جواب ہے: واضح۔,"الفاظ کا جادو, آسان"
Q0373,👑 صرف ذہین لوگوں کے لیے,E,دیوار برلن کب گری؟,1999,1991,1985,1989,D,درست جواب ہے: 1989۔,"صرف ذہین لوگوں کے لیے, آسان"
Q0374,📖 اردو محاورے,E,"""ناک رگڑنا"" کا مطلب کیا ہے؟",ناراض ہونا,غصہ کرنا,بہت زیادہ منت سماجت کرنا,ناک صاف کرنا,C,"""ناک رگڑنا"" کا محاورتی مطلب ہے: بہت زیادہ منت سماجت کرنا۔","اردو محاورے, آسان"
Q0375,🧩 دلچسپ پہیلیاں,E,وہ کون سی چیز ہے جو رکنے پر بھی دوڑتی محسوس ہو؟,پہیہ,سوچ,پانی,گھڑی,B,یہ ایک لطیف پہیلی ہے جس کا جواب ہے: سوچ۔,"دلچسپ پہیلیاں, آسان"
Q0376,🧠 99٪ لوگ غلط جواب دیتے ہیں,E,ان میں سے کون سا عدد باقیوں سے مختلف ہے: 6، 8، 4، 12؟,12,6,8,4,B,باقی تمام اعداد جفت (even) ہیں مگر 6 طاق (odd) ہے۔,"99٪ لوگ غلط جواب دیتے ہیں, آسان"
Q0377,😈 ٹرک سوالات,E,4، 9، 14، 19 کے بعد اگلا عدد کیا ہوگا؟,23,29,24,25,C,ہر بار 5 کا اضافہ ہو رہا ہے، لہٰذا اگلا عدد 19+5 = 24 ہوگا۔,"ٹرک سوالات, آسان"
Q0378,🧠 99٪ لوگ غلط جواب دیتے ہیں,E,ایک عدد 5 سے ضرب دے کر 10 جمع کریں تو 35 بنتا ہے۔ وہ عدد کیا ہے,8,7,5,6,C,(5×5)+10=35۔ عدد 5 ہے۔,"99٪ لوگ غلط جواب دیتے ہیں, آسان"
Q0379,😈 ٹرک سوالات,E,ایک لڑکے کے 3 بھائی اور 2 بہنیں ہیں۔ اس کے والد کے کل کتنے بچے ہیں,6,3,2,5,A,3 بھائی + وہ خود + 2 بہنیں = 6 بچے۔,"ٹرک سوالات, آسان"
Q0380,⏳ 5 سیکنڈ چیلنج,E,دلچسپی لینا,رونا,A,بھاگنا,غصہ کرنا,B,درست جواب ہے: A۔,"5 سیکنڈ چیلنج, آسان"
Q0381,🧠 99٪ لوگ غلط جواب دیتے ہیں,E,9² - 4² کا جواب کیا ہے؟,81,65,45,50,B,درست جواب ہے: 65۔,"99٪ لوگ غلط جواب دیتے ہیں, آسان"
Q0382,⏳ 5 سیکنڈ چیلنج,E,ناک کا بال محاورے کا مطلب کیا ہے؟,بہت غصے والا,بہت عزیز,کمزور شخص,دشمن,B,درست جواب ہے: بہت عزیز۔,"5 سیکنڈ چیلنج, آسان"
Q0383,🧠 99٪ لوگ غلط جواب دیتے ہیں,E,گھڑی 3 بجے تین اور 6 بجے کتنی بار بجے گی؟,9,3,6,12,C,درست جواب ہے: 6۔,"99٪ لوگ غلط جواب دیتے ہیں, آسان"
Q0384,🧩 دلچسپ پہیلیاں,E,ایسی کیا چیز ہے جو اندھیرے میں زیادہ نظر آتی ہے,ستارے,چاند,بادل,سورج,A,ستارے رات کے اندھیرے میں زیادہ دکھائی دیتے ہیں۔,"دلچسپ پہیلیاں, آسان"
Q0385,👑 صرف ذہین لوگوں کے لیے,E,پاکستان کا قومی پھول کیا ہے,گلاب,نرگس,چنبیلی,سورج مکھی,C,درست جواب ہے: چنبیلی۔,"صرف ذہین لوگوں کے لیے, آسان"
Q0386,🤯 دماغ کا امتحان,E,15 × 6 - 20 کا جواب کیا ہے؟,70,60,90,80,A,درست جواب ہے: 70۔,"دماغ کا امتحان, آسان"
Q0387,🧩 دلچسپ پہیلیاں,E,وہ کون سی چیز ہے جو بانٹنے سے کم نہیں بلکہ بڑھتی ہے؟,علم,خوشی,یہ تینوں,محبت,C,درست جواب ہے: یہ تینوں۔,"دلچسپ پہیلیاں, آسان"
Q0388,🧩 دلچسپ پہیلیاں,E,میرے پاس آنکھ ہے مگر میں دیکھ نہیں سکتا۔ میں کیا ہوں؟,آلو,سوئی,گڑیا,طوفان,B,درست جواب ہے: سوئی۔,"دلچسپ پہیلیاں, آسان"
Q0389,🧩 دلچسپ پہیلیاں,E,وہ کیا ہے جو خاموش رہ کر بھی بہت کچھ کہہ دیتا ہے؟,ہاتھ,زبان,آنکھیں,کان,C,یہ ایک لطیف پہیلی ہے جس کا جواب ہے: آنکھیں۔,"دلچسپ پہیلیاں, آسان"
Q0390,📖 اردو محاورے,E,پاؤں اکھڑ جانا,ہمت ختم ہو جانا,جوتا اتر جانا,تیز دوڑنا,گر جانا,A,مشکل حالات میں ہمت جواب دے جانا۔,"اردو محاورے, آسان"
Q0391,📖 اردو محاورے,E,آسمان سے گرا کھجور میں اٹکا,کھجور کھانا,درخت پر چڑھنا,ایک مصیبت سے نکل کر دوسری میں پھنسنا,آسمان سے گرنا,C,ایک مشکل سے نکل کر دوسری مشکل میں پھنس جانا۔,"اردو محاورے, آسان"
Q0392,😈 ٹرک سوالات,E,ایک باپ کے 8 بیٹے ہیں اور ہر بیٹے کی ایک بہن ہے، کل اولاد کتنی ہے؟,10,8,9,16,C,تمام بیٹوں کی ایک ہی بہن ہے، اس لیے کل 9 اولاد ہیں۔,"ٹرک سوالات, آسان"
Q0393,📖 اردو محاورے,E,"""نکے چنے چبانا"" کا مطلب؟",سخت مشکل میں ڈالنا,دھوکہ دینا,چپ رہنا,کھانا کھلانا,A,درست جواب ہے: سخت مشکل میں ڈالنا۔,"اردو محاورے, آسان"
Q0394,👑 صرف ذہین لوگوں کے لیے,E,فیصل مسجد کہاں واقع ہے؟,کراچی,پشاور,اسلام آباد,لاہور,C,درست جواب ہے: اسلام آباد۔,"صرف ذہین لوگوں کے لیے, آسان"
Q0395,🧩 دلچسپ پہیلیاں,E,وہ کیا ہے جو ہمیشہ بڑھتی رہتی ہے مگر کبھی کم نہیں ہوتی,وزن,اونچائی,سایہ,عمر,D,عمر مسلسل بڑھتی رہتی ہے۔,"دلچسپ پہیلیاں, آسان"
Q0396,🤯 دماغ کا امتحان,E,پہلے دن 1 کلومیٹر چلا ہر دن 200 میٹر زیادہ چوتھے دن؟,1.4 کلومیٹر,1.2 کلومیٹر,1.6 کلومیٹر,1.8 کلومیٹر,C,1+0.2*3=1.6,"دماغ کا امتحان, آسان"
Q0397,⏳ 5 سیکنڈ چیلنج,E,دنیا کا سب سے بڑا سمندر کون سا ہے؟,بحرعرب,بحیرہ احمر,بحرالکاہل,بحراوقیانوس,C,درست جواب ہے: بحرالکاہل۔,"5 سیکنڈ چیلنج, آسان"
Q0398,🧩 دلچسپ پہیلیاں,E,وہ کون سی چیز ہے جو جتنی زیادہ ہو اتنی کم نظر آتی ہے؟,ہوا,روشنی,پانی,دھند,D,درست جواب ہے: دھند۔,"دلچسپ پہیلیاں, آسان"
Q0399,🧠 99٪ لوگ غلط جواب دیتے ہیں,E,4، 11، 18، 25 کے بعد اگلا عدد کیا ہوگا؟,39,32,31,33,B,ہر بار 7 کا اضافہ ہو رہا ہے، لہٰذا اگلا عدد 25+7 = 32 ہوگا۔,"99٪ لوگ غلط جواب دیتے ہیں, آسان"
Q0400,👑 صرف ذہین لوگوں کے لیے,E,پاکستان کا قومی شاعر کون ہیں؟,حفیظ جالندھری,علامہ اقبال,فیض احمد فیض,احمد فراز,B,علامہ محمد اقبال پاکستان کے قومی شاعر ہیں۔,"صرف ذہین لوگوں کے لیے, آسان"
Q0401,👑 صرف ذہین لوگوں کے لیے,E,قرارداد مقاصد کب منظور ہوئی؟,1949,1947,1956,1973,A,درست جواب ہے: 1949۔,"صرف ذہین لوگوں کے لیے, آسان"
Q0402,📖 اردو محاورے,E,آنکھ کا تارا کسے کہتے ہیں؟,بیمار شخص,اجنبی,غصے والا شخص,بہت عزیز شخص,D,یہ محاورہ بہت پیارے شخص کے لیے استعمال ہوتا ہے۔,"اردو محاورے, آسان"
Q0403,🎭 الفاظ کا جادو,E,"""آگ"" کا مترادف کیا ہے؟",رخ,سچائی,نادار,آتش,D,"""آگ"" کا مترادف ""آتش"" ہے۔","الفاظ کا جادو, آسان"
Q0404,⏳ 5 سیکنڈ چیلنج,E,زمین کا مغناطیسی قطب کس طرف ہوتا ہے؟,مغرب,جنوب,مشرق,شمال,D,درست جواب ہے: شمال۔,"5 سیکنڈ چیلنج, آسان"
Q0405,🤯 دماغ کا امتحان,E,18، 21، 24، 27 کے بعد اگلا عدد کیا ہوگا؟,29,33,30,31,C,ہر بار 3 کا اضافہ ہو رہا ہے، لہٰذا اگلا عدد 27+3 = 30 ہوگا۔,"دماغ کا امتحان, آسان"
Q0406,🤯 دماغ کا امتحان,E,اگر 18 کو 3 پر تقسیم کریں تو جواب کیا ہوگا,5,6,7,8,B,18÷3=6۔,"دماغ کا امتحان, آسان"
Q0407,👑 صرف ذہین لوگوں کے لیے,E,کشمیر کی وادی نیلم کس ملک میں ہے,افغانستان,بھارت,چین,پاکستان,D,وادی نیلم آزاد جموں و کشمیر پاکستان میں واقع ہے۔,"صرف ذہین لوگوں کے لیے, آسان"
Q0408,⏳ 5 سیکنڈ چیلنج,E,دنیا کا سب سے لمبا دریا کون سا ہے؟,دریائے نیل,دریائے سندھ,دریائے یانگسی,دریائے چناب,A,عام معلومات کے مطابق دریائے نیل دنیا کے طویل ترین دریاؤں میں شمار ہوتا ہے۔,"5 سیکنڈ چیلنج, آسان"
Q0409,🎭 الفاظ کا جادو,E,فتح کا متضاد کیا ہے؟,شکست,کامیابی,جیت,ترقی,A,فتح کا الٹ شکست ہے۔,"الفاظ کا جادو, آسان"
Q0410,😈 ٹرک سوالات,E,4 کونوں والے کمرے میں ہر کونے میں ایک بلی ہو تو کل کتنی بلیاں ہیں,3,4,2,8,B,ہر کونے میں ایک یعنی کل 4۔,"ٹرک سوالات, آسان"
Q0411,😈 ٹرک سوالات,E,وہ کون سا پرندہ ہے جو اڑ نہیں سکتا؟,کوا,کبوتر,شتر مرغ,چڑیا,C,شتر مرغ دنیا کا سب سے بڑا پرندہ ہے مگر اڑ نہیں سکتا۔,"ٹرک سوالات, آسان"
Q0412,👑 صرف ذہین لوگوں کے لیے,E,غزل کے آخری شعر کو کیا کہتے ہیں؟,ردیف,مطلع,مقطع,قافیہ,C,درست جواب ہے: مقطع۔,"صرف ذہین لوگوں کے لیے, آسان"
Q0413,🧩 دلچسپ پہیلیاں,E,وہ کیا ہے جسے جتنا خشک کرو اتنا ہی گیلا ہوتا جاتا ہے؟,سپنج,صابن,کپڑا,تولیہ,D,تولیہ دوسروں کو خشک کرتے کرتے خود گیلا ہو جاتا ہے۔,"دلچسپ پہیلیاں, آسان"
Q0414,🎭 الفاظ کا جادو,E,"""غم"" کا مترادف کیا ہے؟",نزدیک,رنج,امن,پیدا کرنے والا,B,"""غم"" کا مترادف ""رنج"" ہے۔","الفاظ کا جادو, آسان"
Q0415,👑 صرف ذہین لوگوں کے لیے,E,غزوۂ بدر کس ہجری میں پیش آیا؟,3 ہجری,2 ہجری,1 ہجری,5 ہجری,B,درست جواب ہے: 2 ہجری۔,"صرف ذہین لوگوں کے لیے, آسان"
Q0416,🤯 دماغ کا امتحان,E,اگر ایک درجن کیلے 120 روپے کے ہیں تو 6 کیلوں کی قیمت کتنی ہوگی؟,70,60,50,80,B,12 کیلے 120 روپے کے ہیں، اس لیے 6 کیلے 60 روپے کے ہوں گے۔,"دماغ کا امتحان, آسان"
Q0417,🤯 دماغ کا امتحان,E,اگر آج بدھ ہے تو 14 دن بعد کون سا دن ہوگا؟,جمعرات,جمعہ,منگل,بدھ,D,بدھ سے 14 دن آگے شمار کرنے پر دن بدھ بنتا ہے۔,"دماغ کا امتحان, آسان"
Q0418,⏳ 5 سیکنڈ چیلنج,E,خطرہ مول لینا,کھانا کھانا,A,سونا,خوش ہونا,B,درست جواب ہے: A۔,"5 سیکنڈ چیلنج, آسان"
Q0419,👑 صرف ذہین لوگوں کے لیے,E,پاکستان کا قومی پھول کون سا ہے؟,چنبیلی,گلاب,سورج مکھی,موتیا,A,درست جواب ہے: چنبیلی۔,"صرف ذہین لوگوں کے لیے, آسان"
Q0420,🤯 دماغ کا امتحان,E,1، 2، 4، 8 کے بعد اگلا عدد کیا ہوگا؟ (ہر عدد دگنا ہو رہا ہے),16,9,18,14,A,ہر عدد پچھلے سے دگنا ہے، لہٰذا اگلا عدد 8×2 = 16 ہوگا۔,"دماغ کا امتحان, آسان"
Q0421,🤯 دماغ کا امتحان,E,ایک مثلث کے تین زاویوں کا مجموعہ کتنا ہوتا ہے,270,90,360,180,D,مثلث کے تین زاویوں کا مجموعہ ہمیشہ 180 درجے ہوتا ہے۔,"دماغ کا امتحان, آسان"
Q0422,😈 ٹرک سوالات,E,کون سا نمبر 1 سے 20 تک کسی پر تقسیم نہیں ہوتا,21,23,19,17,B,23 صرف 1 اور خود پر تقسیم ہوتا ہے۔,"ٹرک سوالات, آسان"
Q0423,😈 ٹرک سوالات,E,آکسیجن کی کیمیائی علامت کیا ہے؟,O2,Ox,O3,O,D,درست جواب ہے: O ✓۔,"ٹرک سوالات, آسان"
Q0424,👑 صرف ذہین لوگوں کے لیے,E,بابا بلھے شاہ کا مزار کہاں ہے,لاہور,ملتان,سیالکوٹ,قصور,D,قصور میں واقع ہے۔,"صرف ذہین لوگوں کے لیے, آسان"
Q0425,🤯 دماغ کا امتحان,E,اگر آج اتوار ہے تو 12 دن بعد کون سا دن ہوگا؟,ہفتہ,اتوار,جمعرات,جمعہ,D,اتوار سے 12 دن آگے شمار کرنے پر دن جمعہ بنتا ہے۔,"دماغ کا امتحان, آسان"
Q0426,🤯 دماغ کا امتحان,E,اگر 2x = 18 تو x کیا ہے؟,10,9,7,8,B,درست جواب ہے: 9۔,"دماغ کا امتحان, آسان"
Q0427,⏳ 5 سیکنڈ چیلنج,E,پاکستان کی سب سے لمبی ندی کون سی ہے,دریائے جہلم,دریائے راوی,دریائے سندھ,دریائے چناب,C,دریائے سندھ پاکستان کی سب سے لمبی ندی ہے۔,"5 سیکنڈ چیلنج, آسان"
Q0428,🧩 دلچسپ پہیلیاں,E,وہ کون سی چیز ہے جو بولتی نہیں مگر جواب دیتی ہے,آئینہ,کتاب,گھڑی,پتھر,B,کتاب سوالات کے جواب علم کی صورت میں دیتی ہے۔,"دلچسپ پہیلیاں, آسان"
Q0429,🧠 99٪ لوگ غلط جواب دیتے ہیں,E,اگر ایک درجن کیلے 240 روپے کے ہیں تو 3 کیلے کتنے روپے کے ہوں گے؟,50 روپے,60 روپے,70 روپے,55 روپے,B,ایک درجن = 12 کیلے، ایک کیلا = 20 روپے، 3 × 20 = 60 روپے۔,"99٪ لوگ غلط جواب دیتے ہیں, آسان"
Q0430,👑 صرف ذہین لوگوں کے لیے,E,پاکستان کا قومی شاعر کون ہے,علامہ اقبال,مرزا غالب,فیض احمد فیض,احمد فراز,A,علامہ محمد اقبال پاکستان کے قومی شاعر ہیں۔,"صرف ذہین لوگوں کے لیے, آسان"
Q0431,🎭 الفاظ کا جادو,E,"""حسد"" کا متضاد کیا ہے؟",ہمدردی,عاجزی,بےوفائی,سادہ,A,"""حسد"" کا متضاد ""ہمدردی"" ہے۔","الفاظ کا جادو, آسان"
Q0432,🧠 99٪ لوگ غلط جواب دیتے ہیں,E,25 × 4 - 10 کا جواب کیا ہے؟,100,90,80,85,B,درست جواب ہے: 90۔,"99٪ لوگ غلط جواب دیتے ہیں, آسان"
Q0433,📖 اردو محاورے,E,"""ناک کٹوانا"" کا کیا مطلب ہے؟",ناک میں دم آنا,رونا,ناک کا آپریشن,عزت و آبرو کھونا,D,درست جواب ہے: عزت و آبرو کھونا۔,"اردو محاورے, آسان"
Q0434,🤯 دماغ کا امتحان,E,20، 27، 34، 41 کے بعد اگلا عدد کیا ہوگا؟,47,49,55,48,D,ہر بار 7 کا اضافہ ہو رہا ہے، لہٰذا اگلا عدد 41+7 = 48 ہوگا۔,"دماغ کا امتحان, آسان"
Q0435,👑 صرف ذہین لوگوں کے لیے,E,"اردو لفظ ""خاک"" کے معنی کیا ہیں؟",یہ سب,گرد و غبار,راکھ,مٹی,A,درست جواب ہے: یہ سب۔,"صرف ذہین لوگوں کے لیے, آسان"
Q0436,🤯 دماغ کا امتحان,E,ان میں سے کون سا عدد باقیوں سے مختلف ہے: 12، 6، 4، 8؟,12,8,6,4,C,باقی تمام اعداد جفت (even) ہیں مگر 6 طاق (odd) ہے۔,"دماغ کا امتحان, آسان"
Q0437,🎭 الفاظ کا جادو,E,شفا کا مترادف کیا ہے؟,تندرستی,آرام,بیماری,صحت,A,شفا کے معنی صحت یا تندرستی حاصل ہونا ہیں۔,"الفاظ کا جادو, آسان"
Q0438,🎭 الفاظ کا جادو,E,سچائی کا متضاد کیا ہے؟,علم,یقین,جھوٹ,ایمان,C,سچائی کے مقابل جھوٹ آتا ہے,"الفاظ کا جادو, آسان"
Q0439,📖 اردو محاورے,E,آستین کا سانپ کا مطلب؟,تیز دماغ,بہادر,دھوکے باز شخص,وفادار دوست,C,قریبی دشمن,"اردو محاورے, آسان"
Q0440,📖 اردو محاورے,E,آنکھوں کا تارا ہونا,رونا,دور جانا,بہت پیارا ہونا,غصہ کرنا,C,بہت عزیز اور محبوب ہونا۔,"اردو محاورے, آسان"
Q0441,📖 اردو محاورے,E,"""تلوے چاٹنا"" کا مطلب کیا ہے؟",بہت زیادہ خوشامد کرنا,سفر کرنا,پاؤں دھونا,آرام کرنا,A,"""تلوے چاٹنا"" کا محاورتی مطلب ہے: بہت زیادہ خوشامد کرنا۔","اردو محاورے, آسان"
Q0442,🧩 دلچسپ پہیلیاں,E,وہ کیا ہے جو سب کے پاس ہوتا ہے مگر بانٹا نہیں جا سکتا؟,نام,عمر,سایہ,آواز,A,یہ ایک لطیف پہیلی ہے جس کا جواب ہے: نام۔,"دلچسپ پہیلیاں, آسان"
Q0443,⏳ 5 سیکنڈ چیلنج,E,مجسمۂ آزادی کس شہر میں واقع ہے؟,شکاگو,نیویارک,لاس اینجلس,واشنگٹن,B,مجسمۂ آزادی نیویارک شہر میں واقع ہے۔,"5 سیکنڈ چیلنج, آسان"
Q0444,⏳ 5 سیکنڈ چیلنج,E,غزوہ بدر کب ہوا تھا؟,630,610,650,624,D,درست جواب ہے: 624۔,"5 سیکنڈ چیلنج, آسان"
Q0445,🎭 الفاظ کا جادو,E,"""فلک"" کا مطلب کیا ہے؟",راکھ,ریگستان,آسمان,نشہ یا کیفیت,C,"""فلک"" کا مطلب ہے: آسمان۔","الفاظ کا جادو, آسان"
Q0446,🧠 99٪ لوگ غلط جواب دیتے ہیں,E,اگر x + 7 = 15 تو x کیا ہے؟,7,6,8,9,C,درست جواب ہے: 8۔,"99٪ لوگ غلط جواب دیتے ہیں, آسان"
Q0447,⏳ 5 سیکنڈ چیلنج,E,"""دریا"" اور ""دری"" میں کیا فرق ہے؟",دریا = ندی، دری = کپڑا,دونوں کپڑے ہیں,دریا = پانی کا بہاؤ، دری = کپڑا,دونوں ایک ہیں,C,درست جواب ہے: دریا = پانی کا بہاؤ، دری = کپڑا۔,"5 سیکنڈ چیلنج, آسان"
Q0448,🧩 دلچسپ پہیلیاں,E,وہ کیا ہے جس کا نام لو تو ٹوٹ جاتا ہے,شیشہ,نیند,دل,خاموشی,D,خاموشی کا ذکر کرتے ہی خاموشی ختم ہو جاتی ہے۔,"دلچسپ پہیلیاں, آسان"
Q0449,⏳ 5 سیکنڈ چیلنج,E,آسمان سے گرنا کا مطلب کیا ہے؟,ڈرنا,غمگین ہونا,بہت خوش ہونا,حیران ہونا,C,درست جواب ہے: بہت خوش ہونا۔,"5 سیکنڈ چیلنج, آسان"
Q0450,🤯 دماغ کا امتحان,E,اگر آج جمعرات ہے تو 2 دن بعد کون سا دن ہوگا؟,ہفتہ,اتوار,پیر,جمعہ,A,جمعرات سے 2 دن آگے شمار کرنے پر دن ہفتہ بنتا ہے۔,"دماغ کا امتحان, آسان"
Q0451,📖 اردو محاورے,E,ہاتھ صاف ہونا,صفائی پسند ہونا,چوری میں ماہر ہونا,وضو کرنا,مہارت حاصل کرنا,B,ہاتھ صاف ہونا محاورہ چوری میں ماہر ہونے کے لیے استعمال ہوتا ہے۔,"اردو محاورے, آسان"
Q0452,😈 ٹرک سوالات,E,دو باپ اور دو بیٹے شکار پر گئے۔ ہر ایک نے ایک ہرن مارا۔ کل کتنے ہرن؟,3,6,2,4,A,درست جواب ہے: 3۔,"ٹرک سوالات, آسان"
Q0453,📖 اردو محاورے,E,زبان دراز کا مطلب کیا ہے؟,خاموش,زیادہ بولنے والا یا بدتمیز,لمبی زبان,خوش اخلاق,B,بدزبان یا زیادہ بولنے والے کے لیے استعمال ہوتا ہے,"اردو محاورے, آسان"
Q0454,👑 صرف ذہین لوگوں کے لیے,E,پاکستان کا سرکاری مذہب کیا ہے؟,کوئی نہیں,مسیحیت,اسلام,ہندو مت,C,درست جواب ہے: اسلام۔,"صرف ذہین لوگوں کے لیے, آسان"
Q0455,😈 ٹرک سوالات,E,وہ کون سا مہینہ ہے جس میں لوگ کم سوتے ہیں,دسمبر,رمضان,فروری,جنوری,C,فروری میں دن کم ہونے کی وجہ سے مجموعی نیند بھی نسبتاً کم ہوتی ہے۔,"ٹرک سوالات, آسان"
Q0456,👑 صرف ذہین لوگوں کے لیے,E,اقوام متحدہ کب قائم ہوئی؟,1939,1950,1919,1945,D,درست جواب ہے: 1945۔,"صرف ذہین لوگوں کے لیے, آسان"
Q0457,🧠 99٪ لوگ غلط جواب دیتے ہیں,E,اگر آج جمعرات ہے تو 4 دن بعد کون سا دن ہوگا؟,بدھ,پیر,منگل,اتوار,B,جمعرات سے 4 دن آگے شمار کرنے پر دن پیر بنتا ہے۔,"99٪ لوگ غلط جواب دیتے ہیں, آسان"
Q0458,👑 صرف ذہین لوگوں کے لیے,E,اردو کا پہلا ناول نگار کون تھا؟,Deputy Nazir Ahmed,میر,غالب,اقبال,A,درست جواب ہے: Deputy Nazir Ahmed۔,"صرف ذہین لوگوں کے لیے, آسان"
Q0459,🧩 دلچسپ پہیلیاں,E,وہ کون سی چیز ہے جو صرف اندھیرے میں نظر آتی ہے؟,سورج,بادل,پہاڑ,ستارے,D,یہ ایک لطیف پہیلی ہے جس کا جواب ہے: ستارے۔,"دلچسپ پہیلیاں, آسان"
Q0460,⏳ 5 سیکنڈ چیلنج,E,ماؤنٹ ایورسٹ,نانگا پربت,کے ٹو,A,راکا پوشی,C,درست جواب ہے: A۔,"5 سیکنڈ چیلنج, آسان"
Q0461,🎭 الفاظ کا جادو,E,"""سفر"" کا مترادف کیا ہے؟",مسافرت,پیدا کرنے والا,سچائی,دست,A,"""سفر"" کا مترادف ""مسافرت"" ہے۔","الفاظ کا جادو, آسان"
Q0462,🧠 99٪ لوگ غلط جواب دیتے ہیں,E,7، 16، 25، 34 کے بعد اگلا عدد کیا ہوگا؟,52,42,43,44,C,ہر بار 9 کا اضافہ ہو رہا ہے، لہٰذا اگلا عدد 34+9 = 43 ہوگا۔,"99٪ لوگ غلط جواب دیتے ہیں, آسان"
Q0463,😈 ٹرک سوالات,E,15% کا 200 کا کتنا ہے؟,20,40,30,25,C,درست جواب ہے: 30۔,"ٹرک سوالات, آسان"
Q0464,🤯 دماغ کا امتحان,E,6، 13، 20، 27 کے بعد اگلا عدد کیا ہوگا؟,35,34,33,41,B,ہر بار 7 کا اضافہ ہو رہا ہے، لہٰذا اگلا عدد 27+7 = 34 ہوگا۔,"دماغ کا امتحان, آسان"
Q0465,🤯 دماغ کا امتحان,E,اگر 1=1، 2=4، 3=9، 4=16 تو 9=?,81,99,18,27,A,پیٹرن نمبر کا مربع ہے۔ 9×9=81۔,"دماغ کا امتحان, آسان"
Q0466,🧩 دلچسپ پہیلیاں,E,وہ کیا ہے جو دن میں چھپتا ہے رات کو نکلتا ہے,ستارے,بادل,چاند,سورج,A,ستارے دن میں نظر نہیں آتے اور رات کو دکھائی دیتے ہیں۔,"دلچسپ پہیلیاں, آسان"
Q0467,⏳ 5 سیکنڈ چیلنج,E,پاکستان کی سب سے بڑی جھیل کون سی ہے؟,منچھر,ہالیجی,کینجھر,ساون,B,منچھر جھیل پاکستان کی سب سے بڑی قدرتی میٹھے پانی کی جھیل ہے۔,"5 سیکنڈ چیلنج, آسان"
Q0468,🎭 الفاظ کا جادو,E,اونچا کا متضاد کیا ہے,بڑا,بھاری,لمبا,نیچا,D,اونچا کا متضاد نیچا ہے۔,"الفاظ کا جادو, آسان"
Q0469,🤯 دماغ کا امتحان,E,11، 14، 17، 20 کے بعد اگلا عدد کیا ہوگا؟,22,23,24,26,B,ہر بار 3 کا اضافہ ہو رہا ہے، لہٰذا اگلا عدد 20+3 = 23 ہوگا۔,"دماغ کا امتحان, آسان"
Q0470,🧠 99٪ لوگ غلط جواب دیتے ہیں,E,2024 میں پاکستان نے کون سا نمایاں عالمی ریکارڈ بنایا؟,سب سے بڑا سولر پارک,سب سے بڑا ڈیم,سب سے لمبی سڑک,"""ایک دن میں سب سے زیادہ درخت لگانے کی مہم""",D,"درست جواب ہے: ""ایک دن میں سب سے زیادہ درخت لگانے کی مہم""۔","99٪ لوگ غلط جواب دیتے ہیں, آسان"
Q0471,🧩 دلچسپ پہیلیاں,E,وہ کیا ہے جو ہمیشہ آتا رہتا ہے مگر کبھی پہنچتا نہیں؟,کل,آج,بارش,ہوا,A,"کل ہمیشہ آنے والا ہوتا ہے مگر جب آتا ہے تو ""آج"" بن جاتا ہے۔","دلچسپ پہیلیاں, آسان"
Q0472,⏳ 5 سیکنڈ چیلنج,E,اقبال کا مشہور خطاب کیا تھا؟,فیلسوف,سب,حکیم الامت,شاعر مشرق,D,درست جواب ہے: شاعر مشرق۔,"5 سیکنڈ چیلنج, آسان"
Q0473,🧩 دلچسپ پہیلیاں,E,وہ کون سی سوئی ہے جو سلائی نہیں کرتی,ٹانکے والی,بننے والی,انجکشن,گھڑی کی,D,گھڑی کی سوئی وقت بتاتی ہے، سلائی نہیں کرتی۔,"دلچسپ پہیلیاں, آسان"
Q0474,👑 صرف ذہین لوگوں کے لیے,E,چترال کس صوبے میں واقع ہے,پنجاب,سندھ,خیبر پختونخوا,بلوچستان,C,چترال خیبر پختونخوا کے شمال میں واقع ہے۔,"صرف ذہین لوگوں کے لیے, آسان"
Q0475,👑 صرف ذہین لوگوں کے لیے,E,پاکستان کا دستور کب منظور ہوا؟,1962,1956,1947,1973,D,درست جواب ہے: 1973۔,"صرف ذہین لوگوں کے لیے, آسان"
Q0476,🧩 دلچسپ پہیلیاں,E,وہ کیا ہے جس کے پر ہیں مگر اڑ نہیں سکتی؟,کبوتر,باز,چیل,مرغی,D,درست جواب ہے: A)مرغی ✓۔,"دلچسپ پہیلیاں, آسان"
Q0477,😈 ٹرک سوالات,E,چینٹی اپنے وزن سے تقریباً کتنے گنا زیادہ وزن اٹھا سکتی ہے,10 گنا,20 گنا,50 گنا,100 گنا,C,چینٹی اپنے وزن سے کئی گنا زیادہ، تقریباً 50 گنا وزن اٹھا سکتی ہے۔,"ٹرک سوالات, آسان"
Q0478,⏳ 5 سیکنڈ چیلنج,E,پودے اپنی غذا کس عمل سے بناتے ہیں؟,ضیائی تالیف,تنفس,تبخیر,ہاضمہ,A,درست جواب ہے: ضیائی تالیف۔,"5 سیکنڈ چیلنج, آسان"
Q0479,⏳ 5 سیکنڈ چیلنج,E,پاکستان کا دارالحکومت کیا ہے؟,اسلام آباد,کراچی,پشاور,لاہور,A,اسلام آباد پاکستان کا دارالحکومت ہے۔,"5 سیکنڈ چیلنج, آسان"
Q0480,🧩 دلچسپ پہیلیاں,E,وہ کون سی چیز ہے جو روز بنتی اور روز مٹتی ہے؟,درخت,پہاڑ,سمندر,دن کی روشنی,D,یہ ایک لطیف پہیلی ہے جس کا جواب ہے: دن کی روشنی۔,"دلچسپ پہیلیاں, آسان"
Q0481,👑 صرف ذہین لوگوں کے لیے,E,علامہ اقبال کا مزار کہاں ہے,اسلام آباد,سیالکوٹ,کراچی,لاہور,D,بادشاہی مسجد کے قریب لاہور میں۔,"صرف ذہین لوگوں کے لیے, آسان"
Q0482,😈 ٹرک سوالات,E,اگر 8×8=64 اور 7×7=49 تو 6×6=?,25,36,42,30,B,6×6=36۔ مربع کا پیٹرن ہے۔,"ٹرک سوالات, آسان"
Q0483,🎭 الفاظ کا جادو,E,"""باغ"" کا مترادف کیا ہے؟",چمن,سلطان,والدہ,دخترجن,A,"""باغ"" کا مترادف ""چمن"" ہے۔","الفاظ کا جادو, آسان"
Q0484,⏳ 5 سیکنڈ چیلنج,E,ایک سال میں کتنے ہفتے ہوتے ہیں؟,52,54,50,48,A,درست جواب ہے: 52۔,"5 سیکنڈ چیلنج, آسان"
Q0485,📖 اردو محاورے,E,"""ناک میں دم کرنا"" کا مطلب؟",سانس میں مشکل,ناک کاٹنا,بہت تنگ کرنا,خوش کرنا,C,درست جواب ہے: بہت تنگ کرنا۔,"اردو محاورے, آسان"
Q0486,⏳ 5 سیکنڈ چیلنج,E,اردو کا پہلا روزنامہ کون سا تھا؟,جنگ,جامِ جہاں نما,ڈان,ایکسپریس,B,درست جواب ہے: جامِ جہاں نما۔,"5 سیکنڈ چیلنج, آسان"
Q0487,⏳ 5 سیکنڈ چیلنج,E,پاکستان کا سب سے بڑا دریا کون سا ہے؟,راوی,چناب,سندھ,جہلم,C,درست جواب ہے: سندھ ✓۔,"5 سیکنڈ چیلنج, آسان"
Q0488,🧩 دلچسپ پہیلیاں,E,جتنا بانٹو، اتنا ہی بڑھتا جاتا ہے۔ وہ کیا ہے؟,علم,پیسہ,کھانا,پانی,A,درست جواب ہے: علم۔,"دلچسپ پہیلیاں, آسان"
Q0489,📖 اردو محاورے,E,"""جان چھڑانا"" کا مطلب کیا ہے؟",جان دینا,سو جانا,محنت کرنا,کسی مشکل یا ذمہ داری سے پیچھا چھڑانا,D,"""جان چھڑانا"" کا محاورتی مطلب ہے: کسی مشکل یا ذمہ داری سے پیچھا چھڑانا۔","اردو محاورے, آسان"
Q0490,👑 صرف ذہین لوگوں کے لیے,E,قائد اعظم کا مزار کس شہر میں ہے؟,کوئٹہ,لاہور,کراچی,اسلام آباد,C,درست جواب ہے: کراچی۔,"صرف ذہین لوگوں کے لیے, آسان"
Q0491,⏳ 5 سیکنڈ چیلنج,E,شلوار قمیض,دھوتی,A,پینٹ شرٹ,کوٹ,B,درست جواب ہے: A۔,"5 سیکنڈ چیلنج, آسان"
Q0492,⏳ 5 سیکنڈ چیلنج,E,دنیا کا بلند ترین پہاڑ کون سا ہے؟,ماؤنٹ ایورسٹ,نانگا پربت,کے ٹو,کلیمنجارو,A,درست جواب ہے: ماؤنٹ ایورسٹ۔,"5 سیکنڈ چیلنج, آسان"
Q0493,🤯 دماغ کا امتحان,E,اگر آج جمعرات ہے تو 11 دن بعد کون سا دن ہوگا؟,بدھ,منگل,اتوار,پیر,D,جمعرات سے 11 دن آگے شمار کرنے پر دن پیر بنتا ہے۔,"دماغ کا امتحان, آسان"
Q0494,🎭 الفاظ کا جادو,E,آزادی کا متضاد کیا ہے؟,قید,ترقی,خوشی,کامیابی,A,درست جواب ہے: قید۔,"الفاظ کا جادو, آسان"
Q0495,🧠 99٪ لوگ غلط جواب دیتے ہیں,E,اگر آج جمعہ ہے تو 7 دن بعد کون سا دن ہوگا؟,اتوار,جمعرات,ہفتہ,جمعہ,D,جمعہ سے 7 دن آگے شمار کرنے پر دن جمعہ بنتا ہے۔,"99٪ لوگ غلط جواب دیتے ہیں, آسان"
Q0496,🎭 الفاظ کا جادو,E,روشنی کا متضاد کیا ہے؟,سورج,اندھیرا,بجلی,چمک,B,روشنی کے مقابل اندھیرا آتا ہے,"الفاظ کا جادو, آسان"
Q0497,😈 ٹرک سوالات,E,ایک سال میں زیادہ سے زیادہ کتنے اتوار آ سکتے ہیں؟,52,51,53,54,C,بعض سالوں میں 53 اتوار ہوتے ہیں۔,"ٹرک سوالات, آسان"
Q0498,🎭 الفاظ کا جادو,E,جنت کا مترادف کیا ہے؟,دنیا,قبر,دوزخ,بہشت,D,جنت اور بہشت ایک ہی معنی رکھتے ہیں,"الفاظ کا جادو, آسان"
Q0499,👑 صرف ذہین لوگوں کے لیے,E,مینارِ پاکستان کس شہر میں ہے؟,پشاور,ملتان,لاہور,کراچی,C,مینارِ پاکستان لاہور میں واقع ہے۔,"صرف ذہین لوگوں کے لیے, آسان"
Q0500,📖 اردو محاورے,E,دل جیت لینا کا مطلب کیا ہے؟,نفرت پیدا کرنا,دھوکہ دینا,محبت حاصل کرنا,غصہ دلانا,C,اس کا مطلب کسی کی محبت یا پسند حاصل کرنا ہے۔,"اردو محاورے, آسان"
Q0501,😈 ٹرک سوالات,E,اگر صبح 9 بجے سوئیں اور 4 گھنٹے بعد جاگیں تو وقت؟,دوپہر1بجے,نامعلوم,رات1بجے,1بجے,A,9+4=1 دوپہر,"ٹرک سوالات, آسان"
Q0502,👑 صرف ذہین لوگوں کے لیے,E,دنیا کا طویل ترین دریا کون سا ہے؟,دریائے سندھ,دریائے گنگا,دریائے ایمیزون,دریائے نیل,D,درست جواب ہے: دریائے نیل۔,"صرف ذہین لوگوں کے لیے, آسان"
Q0503,📖 اردو محاورے,E,ناک کٹنا کا مطلب کیا ہے؟,ناک ٹوٹنا,چوٹ لگنا,بیمار ہونا,عزت جانا,D,درست جواب ہے: B)عزت جانا ✓۔,"اردو محاورے, آسان"
Q0504,🧩 دلچسپ پہیلیاں,E,وہ کون سی چیز ہے جو خود نہیں چلتی مگر سب کو چلاتی ہے؟,ہوا,وقت,گاڑی,سڑک,B,وقت خود نہیں چلتا مگر ہر چیز وقت کے ساتھ چلتی ہے۔,"دلچسپ پہیلیاں, آسان"
Q0505,😈 ٹرک سوالات,E,ایک ٹوکری میں 10 پھل تھے، بچوں نے 8 کھا لیے، ٹوکری میں کتنے پھل بچے؟ (سیٹ 8),1,2,3,8,B,10-8=2 پھل بچے۔,"ٹرک سوالات, آسان"
Q0506,😈 ٹرک سوالات,E,اگر آج اتوار ہے تو 6 دن بعد کون سا دن ہوگا؟,پیر,اتوار,ہفتہ,جمعہ,C,اتوار سے 6 دن آگے شمار کرنے پر دن ہفتہ بنتا ہے۔,"ٹرک سوالات, آسان"
Q0507,😈 ٹرک سوالات,E,ایک ٹوکری میں 23 پھل تھے، بچوں نے 9 کھا لیے، ٹوکری میں کتنے پھل بچے؟ (سیٹ 13),14,9,15,13,A,23-9=14 پھل بچے۔,"ٹرک سوالات, آسان"
Q0508,🎭 الفاظ کا جادو,E,وسعت کا متضاد کیا ہے؟,تنگی,وسیلہ,کشادگی,بلندی,A,وسعت کا الٹ تنگی ہے۔,"الفاظ کا جادو, آسان"
Q0509,📖 اردو محاورے,E,منہ میں پانی بھر آنا,رونا,کھانے کی خواہش ہونا,شرمندہ ہونا,پیاس لگنا,B,مزیدار چیز دیکھ کر کھانے کی خواہش پیدا ہونا۔,"اردو محاورے, آسان"
Q0510,⏳ 5 سیکنڈ چیلنج,E,"""نستعلیق"" کا تعلق کس سے ہے؟",اردو رسم الخط,شاعر,کپڑا,ہتھیار,A,درست جواب ہے: اردو رسم الخط۔,"5 سیکنڈ چیلنج, آسان"
Q0511,👑 صرف ذہین لوگوں کے لیے,E,بلب کس نے ایجاد کیا؟,تھامس ایڈیسن,نیوٹن,مارکونی,گراہم بیل,A,درست جواب ہے: تھامس ایڈیسن۔,"صرف ذہین لوگوں کے لیے, آسان"
Q0512,👑 صرف ذہین لوگوں کے لیے,E,نوبل انعام کس ملک سے دیا جاتا ہے؟,برطانیہ,سوئٹزرلینڈ,امریکہ,سویڈن (امن کا انعام ناروے سے),D,درست جواب ہے: سویڈن (امن کا انعام ناروے سے)۔,"صرف ذہین لوگوں کے لیے, آسان"
Q0513,🎭 الفاظ کا جادو,E,"""اضطراب"" کا متضاد؟",الجھن,غم,سکون,ڈر,C,درست جواب ہے: سکون۔,"الفاظ کا جادو, آسان"
Q0514,🧠 99٪ لوگ غلط جواب دیتے ہیں,E,اگر آج جمعہ ہے تو 9 دن بعد کون سا دن ہوگا؟,ہفتہ,پیر,اتوار,منگل,C,جمعہ سے 9 دن آگے شمار کرنے پر دن اتوار بنتا ہے۔,"99٪ لوگ غلط جواب دیتے ہیں, آسان"
Q0515,📖 اردو محاورے,E,"""دامن چھڑانا"" کا مطلب کیا ہے؟",مدد کرنا,قریب آنا,ساتھ دینا,پیچھا چھڑانا یا الگ ہو جانا,D,"""دامن چھڑانا"" کا محاورتی مطلب ہے: پیچھا چھڑانا یا الگ ہو جانا۔","اردو محاورے, آسان"
Q0516,🧩 دلچسپ پہیلیاں,E,وہ کون ہے جس کے سر پر تاج ہے مگر بادشاہ نہیں,مرغا,کبوتر,مور,طوطا,A,مرغے کے سر پر تاج جیسی کلغی ہوتی ہے مگر وہ بادشاہ نہیں ہوتا۔,"دلچسپ پہیلیاں, آسان"
Q0517,⏳ 5 سیکنڈ چیلنج,E,پاکستان کا سب سے بلند پہاڑ کون سا ہے,نانگا پربت,راکاپوشی,کے ٹو,تراچ میر,C,کے ٹو پاکستان اور دنیا کا دوسرا بلند ترین پہاڑ ہے۔,"5 سیکنڈ چیلنج, آسان"
Q0518,📖 اردو محاورے,E,ہاتھ بٹانا کا مطلب کیا ہے؟,بھاگ جانا,چھپ جانا,جھگڑا کرنا,مدد کرنا,D,اس کا مطلب تعاون یا مدد کرنا ہے۔,"اردو محاورے, آسان"
Q0519,🎭 الفاظ کا جادو,E,"""خوف"" کا متضاد کیا ہے؟",خوشی,غم,شجاعت,ڈر,C,درست جواب ہے: شجاعت۔,"الفاظ کا جادو, آسان"
Q0520,🤯 دماغ کا امتحان,E,ان میں سے کون سا عدد باقیوں سے مختلف ہے: 8، 6، 4، 12؟,8,12,4,6,D,باقی تمام اعداد جفت (even) ہیں مگر 6 طاق (odd) ہے۔,"دماغ کا امتحان, آسان"
Q0521,😈 ٹرک سوالات,E,دو باپ اور دو بیٹوں نے صرف تین مچھلیاں کیوں پکڑیں؟,وہ دادا، باپ اور پوتا تھے,ایک نے شکار نہیں کیا,ایک مچھلی بھاگ گئی,ایک نے دو پکڑ لیں,A,درست جواب ہے: وہ دادا، باپ اور پوتا تھے۔,"ٹرک سوالات, آسان"
Q0522,👑 صرف ذہین لوگوں کے لیے,E,ایشیا,امریکہ,A,یورپ,افریقہ,B,درست جواب ہے: A۔,"صرف ذہین لوگوں کے لیے, آسان"
Q0523,👑 صرف ذہین لوگوں کے لیے,E,ٹیلی فون کس نے ایجاد کیا؟,الیگزینڈر گراہم بیل,نیوٹن,تھامس ایڈیسن,آئن سٹائن,A,درست جواب ہے: الیگزینڈر گراہم بیل۔,"صرف ذہین لوگوں کے لیے, آسان"
Q0524,⏳ 5 سیکنڈ چیلنج,E,اہرامِ مصر کس ملک میں واقع ہیں؟,سوڈان,سعودی عرب,اردن,مصر,D,مشہور اہرامِ جیزہ مصر میں واقع ہیں۔,"5 سیکنڈ چیلنج, آسان"
Q0525,🧩 دلچسپ پہیلیاں,E,وہ کون سی چیز ہے جو پانی پیتی ہے مگر پیاس نہیں بجھتی,کاغذ,کپڑا,زمین,ریت,A,کاغذ پانی جذب کرتا ہے۔,"دلچسپ پہیلیاں, آسان"
Q0526,🧠 99٪ لوگ غلط جواب دیتے ہیں,E,ایک دائرے کا رقبہ فارمولا کیا ہے؟,2πr,πr²,πd,2π,B,درست جواب ہے: πr²۔,"99٪ لوگ غلط جواب دیتے ہیں, آسان"
Q0527,👑 صرف ذہین لوگوں کے لیے,E,بات بنانا کا مطلب کیا ہے؟,جھوٹ بولنا,سچ بولنا,چپ رہنا,ہنسانا,A,درست جواب ہے: جھوٹ بولنا۔,"صرف ذہین لوگوں کے لیے, آسان"
Q0528,🎭 الفاظ کا جادو,E,"""دانا"" کا متضاد کیا ہے؟",مایوس,صلح,دشمن,احمق,D,"""دانا"" کا متضاد ""احمق"" ہے۔","الفاظ کا جادو, آسان"
Q0529,🧠 99٪ لوگ غلط جواب دیتے ہیں,E,اگر 12 آم 3 بچوں میں برابر تقسیم ہوں تو ہر ایک کو کتنے ملیں گے؟,6,3,4,5,C,12÷3=4۔,"99٪ لوگ غلط جواب دیتے ہیں, آسان"
Q0530,⏳ 5 سیکنڈ چیلنج,E,"""معاشرتی"" کا متبادل لفظ؟",انجمنی,سماجی,گروہی,اجتماعی,B,درست جواب ہے: سماجی۔,"5 سیکنڈ چیلنج, آسان"
Q0531,🎭 الفاظ کا جادو,E,سیر کا ایک معنی کیا ہے؟,سونا,گھومنا,وزن,کھانا,B,درست جواب ہے: گھومنا۔,"الفاظ کا جادو, آسان"
Q0532,📖 اردو محاورے,E,"""کمر توڑ محنت"" کا مطلب؟",بہت زیادہ تھکا دینے والی محنت,آرام کرنا,آسان کام,ورزش کرنا,A,درست جواب ہے: بہت زیادہ تھکا دینے والی محنت۔,"اردو محاورے, آسان"
Q0533,📖 اردو محاورے,E,"""کان کا کچا"" محاورے کا مطلب؟",جسے کم سنائی دیتا ہو,بہت ذہین شخص,جو فوراً دوسروں کی بات مان لے,غصے والا انسان,C,درست جواب ہے: جو فوراً دوسروں کی بات مان لے۔,"اردو محاورے, آسان"
Q0534,🧩 دلچسپ پہیلیاں,E,وہ کون سی چیز ہے جو دھونے سے خود گندی ہو جاتی ہے؟,کپڑے,گاڑی,پانی,برتن,C,درست جواب ہے: پانی۔,"دلچسپ پہیلیاں, آسان"
Q0535,👑 صرف ذہین لوگوں کے لیے,E,پاکستان میں کل کتنے صوبے ہیں؟,3,6,5,4,D,درست جواب ہے: 4۔,"صرف ذہین لوگوں کے لیے, آسان"
Q0536,⏳ 5 سیکنڈ چیلنج,E,محبت حاصل کرنا,خاموش ہونا,A,لڑائی کرنا,ہار جانا,B,درست جواب ہے: A۔,"5 سیکنڈ چیلنج, آسان"
Q0537,🧠 99٪ لوگ غلط جواب دیتے ہیں,E,اگر آج پیر ہے تو 18 دن بعد کون سا دن ہوگا؟,اتوار,جمعہ,ہفتہ,جمعرات,B,پیر سے 18 دن آگے شمار کرنے پر دن جمعہ بنتا ہے۔,"99٪ لوگ غلط جواب دیتے ہیں, آسان"
Q0538,📖 اردو محاورے,E,“دل دکھانا” کا مطلب کیا ہے؟,ہنسانا,مدد کرنا,خوش کرنا,رنجیدہ کرنا,D,دل دکھانے کا مطلب کسی کو رنج پہنچانا ہے۔,"اردو محاورے, آسان"
Q0539,🤯 دماغ کا امتحان,E,اگر آج بدھ ہے تو 20 دن بعد کون سا دن ہوگا؟,جمعرات,پیر,منگل,بدھ,C,بدھ سے 20 دن آگے شمار کرنے پر دن منگل بنتا ہے۔,"دماغ کا امتحان, آسان"
Q0540,😈 ٹرک سوالات,E,کون سا نمبر الٹا کرنے پر 50 فیصد بڑھ جاتا ہے؟,8,6,9,0,B,درست جواب ہے: 6۔,"ٹرک سوالات, آسان"
Q0541,🎭 الفاظ کا جادو,E,"""دور"" کا مترادف کیا ہے؟",بعید,نااُمیدی,وفات,راہ,A,"""دور"" کا مترادف ""بعید"" ہے۔","الفاظ کا جادو, آسان"
Q0542,🎭 الفاظ کا جادو,E,فیاض کا متضاد کیا ہے؟,عادل,کنجوس,امیر,سخی,B,فیاض کا متضاد کنجوس ہے۔,"الفاظ کا جادو, آسان"
Q0543,😈 ٹرک سوالات,E,وہ کون سی چیز ہے جسے توڑنے کے بعد ہی صحیح طرح استعمال کیا جا سکتا ہے؟,انڈا,شیشہ,کتاب,کرسی,A,درست جواب ہے: انڈا۔,"ٹرک سوالات, آسان"
Q0544,😈 ٹرک سوالات,E,کون سی چیز ٹھنڈی ہونے پر بھی جل سکتی ہے؟,برف,مرچ,پتھر,پانی,B,مرچ ٹھنڈی ہونے کے باوجود زبان میں جلن پیدا کرتی ہے۔,"ٹرک سوالات, آسان"
Q0545,🤯 دماغ کا امتحان,E,اگر x = 8 تو x/2 + 4 کیا ہوگا؟,6,8,12,4,B,درست جواب ہے: 8۔,"دماغ کا امتحان, آسان"
Q0546,🧠 99٪ لوگ غلط جواب دیتے ہیں,E,ایک آدمی واپسی پر لفٹ سے 10ویں منزل تک جاتا ہے پھر سیڑھیاں چڑھتا ہے۔ کیوں؟,لفٹ اوپر نہیں جاتی,لفٹ کا کرایہ بچاتا ہے,"""قد چھوٹا ہونے کی وجہ سے اوپر کا بٹن نہیں دبا سکتا""",ورزش کرنا چاہتا ہے,C,"درست جواب ہے: ""قد چھوٹا ہونے کی وجہ سے اوپر کا بٹن نہیں دبا سکتا""۔","99٪ لوگ غلط جواب دیتے ہیں, آسان"
Q0547,🎭 الفاظ کا جادو,E,مبداء کا متضاد کیا ہے؟,مرکز,منتہی,متوسط,مبداء,B,درست جواب ہے: منتہی۔,"الفاظ کا جادو, آسان"
Q0548,🧠 99٪ لوگ غلط جواب دیتے ہیں,E,اگر آپ کسی دوڑ میں تیسرے نمبر والے کو پیچھے چھوڑ دیں تو اب آپ کس نمبر پر ہیں؟,تیسرے نمبر پر,پہلے نمبر پر,دوسرے نمبر پر,چوتھے نمبر پر,A,تیسرے کو پیچھے چھوڑنے کا مطلب اس کی جگہ لینا ہے، یعنی آپ خود تیسرے نمبر پر آ جاتے ہیں۔,"99٪ لوگ غلط جواب دیتے ہیں, آسان"
Q0549,👑 صرف ذہین لوگوں کے لیے,E,فرہنگِ آصفیہ کس نے لکھی؟,سید احمد دہلوی,غالب,سرسید,عبدالحق,A,درست جواب ہے: سید احمد دہلوی۔,"صرف ذہین لوگوں کے لیے, آسان"
Q0550,😈 ٹرک سوالات,E,ایک ٹوکری میں 16 پھل تھے، بچوں نے 13 کھا لیے، ٹوکری میں کتنے پھل بچے؟ (سیٹ 28),2,3,4,13,B,16-13=3 پھل بچے۔,"ٹرک سوالات, آسان"
Q0551,🧩 دلچسپ پہیلیاں,E,وہ کون سی چیز ہے جو ٹوٹ جائے تو آواز نہیں کرتی,ڈھول,وعدہ,گلاس,دروازہ,B,وعدہ ٹوٹنے کی کوئی آواز نہیں ہوتی۔,"دلچسپ پہیلیاں, آسان"
Q0552,👑 صرف ذہین لوگوں کے لیے,E,محنت کا پھل کیا ہے؟,ناکامی,تنہائی,آرام,کامیابی,D,درست جواب ہے: کامیابی۔,"صرف ذہین لوگوں کے لیے, آسان"
Q0553,⏳ 5 سیکنڈ چیلنج,E,چوری کرنا,مدد کرنا,صفائی کرنا,لکھنا,A,D,درست جواب ہے: A۔,"5 سیکنڈ چیلنج, آسان"
Q0554,🧩 دلچسپ پہیلیاں,E,وہ کون سی چیز ہے جو گرنے پر ٹوٹتی نہیں بلکہ اچھلتی ہے؟,گیند,گلاس,انڈا,برتن,A,یہ ایک لطیف پہیلی ہے جس کا جواب ہے: گیند۔,"دلچسپ پہیلیاں, آسان"
Q0555,😈 ٹرک سوالات,E,ایک ٹوکری میں 10 پھل تھے، بچوں نے 1 کھا لیے، ٹوکری میں کتنے پھل بچے؟ (سیٹ 18),8,9,1,10,B,10-1=9 پھل بچے۔,"ٹرک سوالات, آسان"
Q0556,😈 ٹرک سوالات,E,ایک ٹوکری میں 11 پھل تھے، بچوں نے 1 کھا لیے، ٹوکری میں کتنے پھل بچے؟ (سیٹ 24),10,9,1,11,A,11-1=10 پھل بچے۔,"ٹرک سوالات, آسان"
Q0557,🤯 دماغ کا امتحان,E,17، 22، 27، 32 کے بعد اگلا عدد کیا ہوگا؟,37,38,36,42,A,ہر بار 5 کا اضافہ ہو رہا ہے، لہٰذا اگلا عدد 32+5 = 37 ہوگا۔,"دماغ کا امتحان, آسان"
Q0558,🤯 دماغ کا امتحان,E,20، 23، 26، 29 کے بعد اگلا عدد کیا ہوگا؟,33,35,31,32,D,ہر بار 3 کا اضافہ ہو رہا ہے، لہٰذا اگلا عدد 29+3 = 32 ہوگا۔,"دماغ کا امتحان, آسان"
Q0559,🤯 دماغ کا امتحان,E,اگر آج جمعرات ہے تو 16 دن بعد کون سا دن ہوگا؟,اتوار,پیر,ہفتہ,جمعہ,C,جمعرات سے 16 دن آگے شمار کرنے پر دن ہفتہ بنتا ہے۔,"دماغ کا امتحان, آسان"
Q0560,🧩 دلچسپ پہیلیاں,E,وہ کون سی چیز ہے جس کے دانت ہیں مگر منہ نہیں,سب,کنگھی,آری,زنجیر,A,آری، کنگھی اور زنجیر تینوں کے دانت ہوتے ہیں مگر منہ نہیں۔,"دلچسپ پہیلیاں, آسان"
Q0561,👑 صرف ذہین لوگوں کے لیے,E,قرآن مجید کی پہلی سورت کون سی ہے؟,سورۃ البقرہ,سورۃ الفاتحہ,سورۃ الناس,سورۃ الاخلاص,B,قرآن مجید کا آغاز سورۃ الفاتحہ سے ہوتا ہے۔,"صرف ذہین لوگوں کے لیے, آسان"
Q0562,🤯 دماغ کا امتحان,E,سورج کی روشنی زمین تک پہنچنے میں تقریباً کتنا وقت لیتی ہے؟,8 منٹ 20 سیکنڈ,1 منٹ,1 گھنٹہ,30 منٹ,A,درست جواب ہے: 8 منٹ 20 سیکنڈ۔,"دماغ کا امتحان, آسان"
Q0563,👑 صرف ذہین لوگوں کے لیے,E,خانہ کعبہ کس شہر میں واقع ہے؟,یروشلم,دمشق,مکہ مکرمہ,مدینہ منورہ,C,درست جواب ہے: مکہ مکرمہ۔,"صرف ذہین لوگوں کے لیے, آسان"
Q0564,🎭 الفاظ کا جادو,E,دوست کا متضاد کیا ہے,پڑوسی,دشمن,ساتھی,بھائی,B,دوست کا متضاد دشمن ہے۔,"الفاظ کا جادو, آسان"
Q0565,👑 صرف ذہین لوگوں کے لیے,E,پاکستان کب آزاد ہوا؟,15 اگست 1947,1 جنوری 1948,23 مارچ 1940,14 اگست 1947,D,درست جواب ہے: 14 اگست 1947۔,"صرف ذہین لوگوں کے لیے, آسان"
Q0566,📖 اردو محاورے,E,آستین چڑھانا کا مطلب کیا ہے؟,بھاگ جانا,کپڑے بدلنا,کام شروع کرنے کے لیے تیار ہونا,آرام کرنا,C,یہ محاورہ پوری تیاری کے ساتھ کام شروع کرنے کے لیے بولا جاتا ہے۔,"اردو محاورے, آسان"
Q0567,🤯 دماغ کا امتحان,E,70، 69، 59 کا اوسط (average) کیا ہوگا؟,67,65,68,66,D,اوسط = تمام اعداد کا مجموعہ ÷ تعداد = 198/3 = 66۔,"دماغ کا امتحان, آسان"
Q0568,😈 ٹرک سوالات,E,اگر ایک درجن میں 12 انڈے ہوں تو 3 درجن میں کتنے انڈے ہوں گے؟,24,36,30,40,B,3 × 12 = 36 انڈے۔,"ٹرک سوالات, آسان"
Q0569,🤯 دماغ کا امتحان,E,ان میں سے کون سا عدد باقیوں سے مختلف ہے: 12، 8، 4، 6؟,4,12,8,6,D,باقی تمام اعداد جفت (even) ہیں مگر 6 طاق (odd) ہے۔,"دماغ کا امتحان, آسان"
Q0570,😈 ٹرک سوالات,E,ایک ٹوکری میں 18 پھل تھے، بچوں نے 4 کھا لیے، ٹوکری میں کتنے پھل بچے؟ (سیٹ 11),14,4,15,13,A,18-4=14 پھل بچے۔,"ٹرک سوالات, آسان"
Q0571,⏳ 5 سیکنڈ چیلنج,E,انسانی دماغ کو کتنا خون چاہیے؟,10%,20%,30%,50%,B,درست جواب ہے: 20%۔,"5 سیکنڈ چیلنج, آسان"
Q0572,😈 ٹرک سوالات,E,اگر آج اتوار ہے تو 2 دن بعد کون سا دن ہوگا؟,جمعرات,بدھ,منگل,پیر,C,اتوار کے دو دن بعد منگل آتا ہے۔,"ٹرک سوالات, آسان"
Q0573,🎭 الفاظ کا جادو,E,"""والد"" کا متضاد کیا ہے؟",نیچے,اولاد,بڑا,جنگ,B,"""والد"" کا متضاد ""اولاد"" ہے۔","الفاظ کا جادو, آسان"
Q0574,🧠 99٪ لوگ غلط جواب دیتے ہیں,E,اگر 9 کتابوں کی قیمت 180 روپے ہے تو ایک کتاب کی قیمت کتنی ہوگی؟,15 روپے,25 روپے,20 روپے,30 روپے,C,180÷9=20 روپے۔,"99٪ لوگ غلط جواب دیتے ہیں, آسان"
Q0575,🧩 دلچسپ پہیلیاں,E,وہ کیا ہے جو بغیر پاؤں کے دوڑتا ہے؟,دھڑکن,وقت,بادل,گھڑی,B,وقت ہمیشہ آگے بڑھتا رہتا ہے۔,"دلچسپ پہیلیاں, آسان"
Q0576,⏳ 5 سیکنڈ چیلنج,E,دنیا کا سب سے بڑا جنگل کون سا ہے؟,ٹائیگا,سنڈربن,ایمیزون,کانگو,C,ایمیزون دنیا کا سب سے بڑا برساتی جنگل ہے۔,"5 سیکنڈ چیلنج, آسان"
Q0577,📖 اردو محاورے,E,"""گل کھلانا"" کا مطلب کیا ہے؟",باغبانی کرنا,کوئی غیرمعمولی یا حیران کن حرکت کرنا,پھول اگانا,خوشبو پھیلانا,B,"""گل کھلانا"" کا محاورتی مطلب ہے: کوئی غیرمعمولی یا حیران کن حرکت کرنا۔","اردو محاورے, آسان"
Q0578,📖 اردو محاورے,E,"""منہ بنانا"" کا مطلب کیا ہے؟",کھانا کھانا,مسکرانا,خوش ہونا,ناراضگی یا ناپسندیدگی ظاہر کرنا,D,"""منہ بنانا"" کا محاورتی مطلب ہے: ناراضگی یا ناپسندیدگی ظاہر کرنا۔","اردو محاورے, آسان"
Q0579,😈 ٹرک سوالات,E,"ایک ہفتے میں کتنے دن ایسے ہیں جن کا نام حرف ""پ"" سے شروع ہوتا ہے",3,1,4,2,B,درست جواب ہے: 1۔,"ٹرک سوالات, آسان"
Q0580,😈 ٹرک سوالات,E,ایک ٹوکری میں 17 پھل تھے، بچوں نے 8 کھا لیے، ٹوکری میں کتنے پھل بچے؟ (سیٹ 23),13,9,10,8,B,17-8=9 پھل بچے۔,"ٹرک سوالات, آسان"
Q0581,🧩 دلچسپ پہیلیاں,E,ایسی کون سی چیز ہے جس کی گردن ہوتی ہے مگر سر نہیں؟,درخت,قمیض,بوتل,گڑیا,C,بوتل کی گردن ہوتی ہے مگر سر نہیں۔ (قمیض والا سوال پہلے آ چکا ہے، اس لیے اسے بہتر کر دیا گیا۔),"دلچسپ پہیلیاں, آسان"
Q0582,🧠 99٪ لوگ غلط جواب دیتے ہیں,E,11، 20، 29، 38 کے بعد اگلا عدد کیا ہوگا؟,47,48,46,56,A,ہر بار 9 کا اضافہ ہو رہا ہے، لہٰذا اگلا عدد 38+9 = 47 ہوگا۔,"99٪ لوگ غلط جواب دیتے ہیں, آسان"
Q0583,😈 ٹرک سوالات,E,ایک ٹوکری میں 22 پھل تھے، بچوں نے 13 کھا لیے، ٹوکری میں کتنے پھل بچے؟ (سیٹ 16),13,8,9,10,C,22-13=9 پھل بچے۔,"ٹرک سوالات, آسان"
Q0584,⏳ 5 سیکنڈ چیلنج,E,"""بسم اللہ"" کی رسم کب کی جاتی ہے؟",بچے کے پہلی بار قرآن پڑھنے پر,شادی پر,سفر پر,گھر خریدنے پر,A,درست جواب ہے: بچے کے پہلی بار قرآن پڑھنے پر۔,"5 سیکنڈ چیلنج, آسان"
Q0585,🎭 الفاظ کا جادو,E,"""شمس"" کا مطلب کیا ہے؟",صحرا میں پانی کا دھوکا,سورج,سمندر,محبت / نکاح میں دی جانے والی رقم,B,"""شمس"" کا مطلب ہے: سورج۔","الفاظ کا جادو, آسان"
Q0586,🧩 دلچسپ پہیلیاں,E,وہ کون سی چیز ہے جو بانٹنے سے بڑھتی ہے؟,وقت,پیسہ,روٹی,محبت,D,محبت تقسیم کرنے سے بڑھتی ہے۔,"دلچسپ پہیلیاں, آسان"
Q0587,😈 ٹرک سوالات,E,اگر آج پیر ہے تو 7 دن بعد کون سا دن ہوگا؟,پیر,منگل,بدھ,اتوار,A,پیر سے 7 دن آگے شمار کرنے پر دن پیر بنتا ہے۔,"ٹرک سوالات, آسان"
Q0588,🎭 الفاظ کا جادو,E,عظیم کا مترادف کیا ہے؟,کمزور,آسان,بڑا,چھوٹا,C,عظیم کا مطلب بڑا یا بلند مرتبہ ہے۔,"الفاظ کا جادو, آسان"
Q0589,🧠 99٪ لوگ غلط جواب دیتے ہیں,E,ایک درخت پر 5 پرندے تھے شکاری نے ایک کو مار دیا کتنے باقی رہ گئے,5,1,0,4,C,گولی کی آواز سے باقی پرندے اڑ جائیں گے۔,"99٪ لوگ غلط جواب دیتے ہیں, آسان"
Q0590,📖 اردو محاورے,E,"""دم توڑنا"" کا مطلب کیا ہے؟",زندہ رہنا,دوڑنا,سانس لینا,مر جانا یا ختم ہو جانا,D,"""دم توڑنا"" کا محاورتی مطلب ہے: مر جانا یا ختم ہو جانا۔","اردو محاورے, آسان"
Q0591,🤯 دماغ کا امتحان,E,18، 25، 32، 39 کے بعد اگلا عدد کیا ہوگا؟,53,47,46,45,C,ہر بار 7 کا اضافہ ہو رہا ہے، لہٰذا اگلا عدد 39+7 = 46 ہوگا۔,"دماغ کا امتحان, آسان"
Q0592,🧠 99٪ لوگ غلط جواب دیتے ہیں,E,ایک کلاس میں 60 طلباء ہیں۔ اگر 45% لڑکیاں ہیں، تو کتنے لڑکے ہیں؟,30,27,33,36,C,درست جواب ہے: 33 ________________۔,"99٪ لوگ غلط جواب دیتے ہیں, آسان"
Q0593,⏳ 5 سیکنڈ چیلنج,E,سندھ کا سب سے بڑا شہر کون سا ہے,لاڑکانہ,کراچی,سکھر,حیدرآباد,B,کراچی سندھ کا سب سے بڑا شہر ہے۔,"5 سیکنڈ چیلنج, آسان"
Q0594,🎭 الفاظ کا جادو,E,فروغ کا مترادف کیا ہے؟,خاموشی,تاریکی,ترقی,زوال,C,درست جواب ہے: B)ترقی ✓۔,"الفاظ کا جادو, آسان"
Q0595,👑 صرف ذہین لوگوں کے لیے,E,گھڑی 6 بجے کتنی بار بجتی ہے؟,3 بار,6 بار,12 بار,9 بار,B,درست جواب ہے: 6 بار۔,"صرف ذہین لوگوں کے لیے, آسان"
Q0596,🧠 99٪ لوگ غلط جواب دیتے ہیں,E,اگر 15 × 4 = 60 تو 60 ÷ 5 = ؟,10,12,11,15,B,60 ÷ 5 = 12۔,"99٪ لوگ غلط جواب دیتے ہیں, آسان"
Q0597,🧩 دلچسپ پہیلیاں,E,وہ کیا ہے جو جتنا بڑھتا ہے اتنا ہی کم ہوتا ہے,دوست,عمر,علم,پیسہ,B,عمر جتنی بڑھتی ہے زندگی اتنی ہی کم ہوتی جاتی ہے۔,"دلچسپ پہیلیاں, آسان"
Q0598,🧠 99٪ لوگ غلط جواب دیتے ہیں,E,16، 25، 34، 43 کے بعد اگلا عدد کیا ہوگا؟,53,52,61,51,B,ہر بار 9 کا اضافہ ہو رہا ہے، لہٰذا اگلا عدد 43+9 = 52 ہوگا۔,"99٪ لوگ غلط جواب دیتے ہیں, آسان"
Q0599,🤯 دماغ کا امتحان,E,3 سوئچ 3 بلب۔ صرف 1 بار کمرے میں جا سکتے ہو۔ کیسے؟,اندازہ لگاؤ,ایک آن کر کے بند کرو دوسرا آن کرو,سب آن کر دو,توڑ دو,B,درست جواب ہے: ایک آن کر کے بند کرو دوسرا آن کرو۔,"دماغ کا امتحان, آسان"
Q0600,😈 ٹرک سوالات,E,اگر آج پیر ہے تو 15 دن بعد کون سا دن ہوگا؟,جمعرات,پیر,بدھ,منگل,D,پیر سے 15 دن آگے شمار کرنے پر دن منگل بنتا ہے۔,"ٹرک سوالات, آسان"
Q0601,🧠 99٪ لوگ غلط جواب دیتے ہیں,E,20% کا 150 کا کتنا ہے؟,25,20,30,40,C,درست جواب ہے: 30۔,"99٪ لوگ غلط جواب دیتے ہیں, آسان"
Q0602,😈 ٹرک سوالات,E,دنیا کا سب سے تیز دوڑنے والا زمینی جانور کون سا ہے؟,گھوڑا,چیتا,شیر,ہرن,B,درست جواب ہے: چیتا۔,"ٹرک سوالات, آسان"
Q0603,⏳ 5 سیکنڈ چیلنج,E,ایک درجن میں کتنی چیزیں ہوتی ہیں؟,11,13,10,12,D,درست جواب ہے: 12۔,"5 سیکنڈ چیلنج, آسان"
Q0604,🧠 99٪ لوگ غلط جواب دیتے ہیں,E,ایک بوتل میں 1 لیٹر پانی ہے۔ آدھا نکال دیا۔ کتنا بچا,500 ملی لیٹر,750 ملی لیٹر,250 ملی لیٹر,100 ملی لیٹر,A,آدھا لیٹر یعنی 500 ملی لیٹر باقی رہ گیا۔,"99٪ لوگ غلط جواب دیتے ہیں, آسان"
Q0605,🧠 99٪ لوگ غلط جواب دیتے ہیں,E,1 سے 10 تک سب پر تقسیم ہونے والا سب سے چھوٹا عدد کون سا ہے,2520,100,5040,1000,A,2520 تمام اعداد پر تقسیم ہو جاتا ہے۔,"99٪ لوگ غلط جواب دیتے ہیں, آسان"
Q0606,👑 صرف ذہین لوگوں کے لیے,E,"""تلمیح"" سے کیا مراد ہے؟",کسی مشہور واقعے یا شخصیت کی طرف اشارہ کرنا,غزل کا پہلا شعر,قافیہ بدلنا,مشکل الفاظ استعمال کرنا,A,درست جواب ہے: کسی مشہور واقعے یا شخصیت کی طرف اشارہ کرنا۔,"صرف ذہین لوگوں کے لیے, آسان"
Q0607,🧩 دلچسپ پہیلیاں,E,وہ کیا ہے جو جتنا بھرتا جائے اتنا ہی ہلکا ہوتا جائے؟,صندوق,غبارہ,بالٹی,بوتل,B,غبارہ ہوا بھرنے سے بڑا ہوتا ہے مگر ہلکا رہتا ہے۔,"دلچسپ پہیلیاں, آسان"
Q0608,🧠 99٪ لوگ غلط جواب دیتے ہیں,E,ایک کمرے میں 4 کھڑکیاں ہیں اور ہر کھڑکی پر 2 پردے ہیں۔ کل کتنے پردے ہیں؟,4,6,8,10,C,درست جواب ہے: 8۔,"99٪ لوگ غلط جواب دیتے ہیں, آسان"
Q0609,🧩 دلچسپ پہیلیاں,E,وہ کیا ہے جو بولتا نہیں مگر بہت کچھ کہہ جاتا ہے؟,تصویر,کتاب,آنکھیں,آئینہ,C,درست جواب ہے: آنکھیں۔,"دلچسپ پہیلیاں, آسان"
Q0610,📖 اردو محاورے,E,پتھر پر لکیر ہونا,ناقابلِ تبدیل,لکیر کھینچنا,مٹانے کے قابل,پتھر توڑنا,A,ایسی بات یا فیصلہ جو تبدیل نہ ہو۔,"اردو محاورے, آسان"
Q0611,🧠 99٪ لوگ غلط جواب دیتے ہیں,E,ایک متوازی چوہٹی کا رقبہ فارمولا کیا ہے؟,base × height,2 × base,base²,base + height,A,درست جواب ہے: base × height۔,"99٪ لوگ غلط جواب دیتے ہیں, آسان"
Q0612,😈 ٹرک سوالات,E,ایک ٹوکری میں 16 پھل تھے، بچوں نے 1 کھا لیے، ٹوکری میں کتنے پھل بچے؟ (سیٹ 26),14,1,15,16,C,16-1=15 پھل بچے۔,"ٹرک سوالات, آسان"
Q0613,👑 صرف ذہین لوگوں کے لیے,E,اردو کا پہلا ناول کس نے لکھا؟,سرسید,غالب,اقبال,نذیر احمد,D,مراۃ العروس,"صرف ذہین لوگوں کے لیے, آسان"
Q0614,🧩 دلچسپ پہیلیاں,E,دوسروں کے لیے گڑھا کھودنے والا آخر میں کیا کرتا ہے,سو جاتا ہے,خود گرتا ہے,جیتتا ہے,بھاگ جاتا ہے,B,محاورے کا مفہوم یہی ہے۔,"دلچسپ پہیلیاں, آسان"
Q0615,⏳ 5 سیکنڈ چیلنج,E,سب سے چھوٹا سیارہ کون سا ہے؟,مشتری,عطارد,زہرہ,مریخ,B,درست جواب ہے: عطارد۔,"5 سیکنڈ چیلنج, آسان"
Q0616,📖 اردو محاورے,E,ہاتھ ملتے رہ جانا,جیت جانا,مدد کرنا,خوش ہونا,پچھتانا,D,کام گزر جانے کے بعد افسوس کرنا۔,"اردو محاورے, آسان"
Q0617,🎭 الفاظ کا جادو,E,جرأت کا متضاد کیا ہے؟,حوصلہ,طاقت,ہمت,بزدلی,D,جرأت کا الٹ بزدلی ہے۔,"الفاظ کا جادو, آسان"
Q0618,🤯 دماغ کا امتحان,E,اگر آج ہفتہ ہے تو 8 دن بعد کون سا دن ہوگا؟,منگل,اتوار,پیر,ہفتہ,B,ہفتہ سے 8 دن آگے شمار کرنے پر دن اتوار بنتا ہے۔,"دماغ کا امتحان, آسان"
Q0619,⏳ 5 سیکنڈ چیلنج,E,"لفظ ""شب خون"" کا درست مفہوم کیا ہے؟",رات کو خون بہنا,رات بھر جاگنا,رات کا کھانا,رات کے اندھیرے میں اچانک حملہ کرنا,D,درست جواب ہے: رات کے اندھیرے میں اچانک حملہ کرنا۔,"5 سیکنڈ چیلنج, آسان"
Q0620,🧠 99٪ لوگ غلط جواب دیتے ہیں,E,11، 15، 19، 23 کے بعد اگلا عدد کیا ہوگا؟,26,28,27,31,C,ہر بار 4 کا اضافہ ہو رہا ہے، لہٰذا اگلا عدد 23+4 = 27 ہوگا۔,"99٪ لوگ غلط جواب دیتے ہیں, آسان"
Q0621,🎭 الفاظ کا جادو,E,عزت کا متضاد کیا ہے؟,ذلت,نام,شان,وقار,A,عزت اور ذلت مخالف الفاظ ہیں,"الفاظ کا جادو, آسان"
Q0622,🎭 الفاظ کا جادو,E,"""صبح"" کا متضاد کیا ہے؟",ناراض,شام,میلا,نوکر,B,"""صبح"" کا متضاد ""شام"" ہے۔","الفاظ کا جادو, آسان"
Q0623,📖 اردو محاورے,E,“ہاتھ پکڑنا” کا مطلب کیا ہے؟,مدد کرنا,بھاگنا,چھوڑنا,لڑنا,A,ہاتھ پکڑنے سے مراد سہارا دینا ہے۔,"اردو محاورے, آسان"
Q0624,🤯 دماغ کا امتحان,E,اگر آج پیر ہے تو 2 دن بعد کون سا دن ہوگا؟,بدھ,جمعرات,جمعہ,منگل,A,پیر سے 2 دن آگے شمار کرنے پر دن بدھ بنتا ہے۔,"دماغ کا امتحان, آسان"
Q0625,🤯 دماغ کا امتحان,E,2+2×2-2÷2=?,3,6,4,5,D,BODMAS کے مطابق جواب 5 ہے۔,"دماغ کا امتحان, آسان"
Q0626,🤯 دماغ کا امتحان,E,12، 14، 16، 18 کے بعد اگلا عدد کیا ہوگا؟,22,20,21,19,B,ہر بار 2 کا اضافہ ہو رہا ہے، لہٰذا اگلا عدد 18+2 = 20 ہوگا۔,"دماغ کا امتحان, آسان"
Q0627,😈 ٹرک سوالات,E,ایک ٹوکری میں 10 پھل تھے، بچوں نے 8 کھا لیے، ٹوکری میں کتنے پھل بچے؟ (سیٹ 10),3,2,8,1,B,10-8=2 پھل بچے۔,"ٹرک سوالات, آسان"
Q0628,🤯 دماغ کا امتحان,E,16، 19، 22، 25 کے بعد اگلا عدد کیا ہوگا؟,27,29,31,28,D,ہر بار 3 کا اضافہ ہو رہا ہے، لہٰذا اگلا عدد 25+3 = 28 ہوگا۔,"دماغ کا امتحان, آسان"
Q0629,🎭 الفاظ کا جادو,E,دن کا متضاد کیا ہے,شام,دوپہر,رات,صبح,C,دن کا الٹ رات ہے۔,"الفاظ کا جادو, آسان"
Q0630,👑 صرف ذہین لوگوں کے لیے,E,مسلم لیگ کب قائم ہوئی؟,1906,1940,1913,1857,A,درست جواب ہے: 1906۔,"صرف ذہین لوگوں کے لیے, آسان"
Q0631,🎭 الفاظ کا جادو,E,سستا کا متضاد کیا ہے,مہنگا,زیادہ,کم,ارزاں,A,سستا کا متضاد مہنگا ہے۔,"الفاظ کا جادو, آسان"
Q0632,📖 اردو محاورے,E,بھیڑ چال کا مطلب کیا ہے؟,بغیر سوچے دوسروں کی نقل کرنا,بھیڑوں کے ساتھ چلنا,آہستہ چلنا,تیز چلنا,A,سوچے بغیر دوسروں کی پیروی کرنا,"اردو محاورے, آسان"
Q0633,⏳ 5 سیکنڈ چیلنج,E,"""آستین کا سانپ"" کسے کہتے ہیں؟",ظاہر میں دوست مگر اندر سے دشمن,لمبا آدمی,چھپا ہوا سانپ,بہادر شخص,A,ایسا شخص جو دھوکا دے۔,"5 سیکنڈ چیلنج, آسان"
Q0634,😈 ٹرک سوالات,E,1، 3، 5، 7 کے بعد اگلا عدد کیا ہوگا؟,10,9,8,11,B,ہر بار 2 کا اضافہ ہو رہا ہے، لہٰذا اگلا عدد 7+2 = 9 ہوگا۔,"ٹرک سوالات, آسان"
Q0635,🎭 الفاظ کا جادو,E,محنت کا متضاد کیا ہے؟,سستی,مشقت,جدو جہد,کام,A,درست جواب ہے: سستی۔,"الفاظ کا جادو, آسان"
Q0636,🎭 الفاظ کا جادو,E,نور کا مترادف کیا ہے؟,روشنی,اندھیرا,دھواں,سایہ,A,نور کے معنی روشنی ہیں,"الفاظ کا جادو, آسان"
Q0637,⏳ 5 سیکنڈ چیلنج,E,ایک دائرے کا قطر کتنا ہوتا ہے؟,2 × رداس,π × رداس,رداس²,رداس,A,درست جواب ہے: 2 × رداس۔,"5 سیکنڈ چیلنج, آسان"
Q0638,🎭 الفاظ کا جادو,E,"""قمر"" کا مطلب کیا ہے؟",جدائی,محبت / نکاح میں دی جانے والی رقم,چاند,صبح کا وقت / جادو,C,"""قمر"" کا مطلب ہے: چاند۔","الفاظ کا جادو, آسان"
Q0639,📖 اردو محاورے,E,"""پیر پھسلنا"" کا مطلب کیا ہے؟",سیدھا چلنا,غلطی یا گناہ کر بیٹھنا,محتاط رہنا,کامیاب ہونا,B,"""پیر پھسلنا"" کا محاورتی مطلب ہے: غلطی یا گناہ کر بیٹھنا۔","اردو محاورے, آسان"
Q0640,🧩 دلچسپ پہیلیاں,E,وہ کیا ہے جو بغیر لڑے دشمن کو ہرا دیتا ہے؟,صبر/وقت,لاٹھی,تلوار,بندوق,A,یہ ایک لطیف پہیلی ہے جس کا جواب ہے: صبر/وقت۔,"دلچسپ پہیلیاں, آسان"
Q0641,📖 اردو محاورے,E,آنکھیں بچانا کا مطلب کیا ہے؟,نظر بچانا,رونا,غور سے دیکھنا,آنکھیں بند کرنا,A,کسی سے سامنا کرنے سے بچنا,"اردو محاورے, آسان"
Q0642,🧠 99٪ لوگ غلط جواب دیتے ہیں,E,ایک عدد کو تین گنا کر کے 15 جمع کریں تو 60 بنتا ہے۔ وہ عدد کیا ہے,25,20,10,15,D,(15×3)+15=60۔,"99٪ لوگ غلط جواب دیتے ہیں, آسان"
Q0643,😈 ٹرک سوالات,E,ایک ٹوکری میں 24 پھل تھے، بچوں نے 21 کھا لیے، ٹوکری میں کتنے پھل بچے؟ (سیٹ 29),21,4,3,2,C,24-21=3 پھل بچے۔,"ٹرک سوالات, آسان"
Q0644,🎭 الفاظ کا جادو,E,غم کا متضاد کیا ہے؟,درد,خوشی,تنہائی,فکر,B,غم اور خوشی ایک دوسرے کے مخالف ہیں,"الفاظ کا جادو, آسان"
Q0645,📖 اردو محاورے,E,مٹھی گرم کرنا,رشوت دینا,مٹھی بند,ہاتھ سینکنا,ہاتھ کھولنا,A,رشوت دے کر کام نکلوانا۔,"اردو محاورے, آسان"
Q0646,🧠 99٪ لوگ غلط جواب دیتے ہیں,E,ایک مستطیل کا رقبہ فارمولا کیا ہے؟,لمبائی²,2(لمبائی + چوڑائی),لمبائی × چوڑائی,چوڑائی²,C,درست جواب ہے: لمبائی × چوڑائی۔,"99٪ لوگ غلط جواب دیتے ہیں, آسان"
Q0647,🤯 دماغ کا امتحان,E,اگر ایک مثلث کے تینوں ضلعیں برابر ہوں تو وہ کس قسم کا مثلث ہے؟,مختلف الاضلاع,قائم الزاویہ,منفرج الزاویہ,متساوی الاضلاع,D,جس مثلث کی تینوں ضلعیں برابر ہوں اسے متساوی الاضلاع مثلث کہتے ہیں۔,"دماغ کا امتحان, آسان"
Q0648,🤯 دماغ کا امتحان,E,5+5+5=550 میں ایک لکیر لگا کر درست کریں,برابر پر لکیر,دوسرے جمع پر لکیر,پہلے 5 پر لکیر,پہلے جمع پر لکیر,D,درست جواب ہے: پہلے جمع پر لکیر۔,"دماغ کا امتحان, آسان"
Q0649,🎭 الفاظ کا جادو,E,"""مہر"" کا مطلب کیا ہے؟",لاٹھی,آسمان,محبت / نکاح میں دی جانے والی رقم,سورج,C,"""مہر"" کا مطلب ہے: محبت / نکاح میں دی جانے والی رقم۔","الفاظ کا جادو, آسان"
Q0650,🧠 99٪ لوگ غلط جواب دیتے ہیں,E,انسانی جسم کا سب سے بڑا اندرونی عضو کون سا ہے؟,گردہ,جگر,پھیپھڑا,دل,B,جگر انسانی جسم کا سب سے بڑا اندرونی عضو ہے۔,"99٪ لوگ غلط جواب دیتے ہیں, آسان"
Q0651,📖 اردو محاورے,E,“نظر بچانا” کا مطلب کیا ہے؟,ہنسانا,توجہ دینا,چھپ کر کام کرنا,روشن کرنا,C,نظر بچانا یعنی دوسروں کی نگاہ سے بچ کر کام کرنا۔,"اردو محاورے, آسان"
Q0652,😈 ٹرک سوالات,E,3،6،9،12 کے بعد کون سا عدد آئے گا,14,15,13,16,B,ہر بار 3 کا اضافہ ہو رہا ہے۔,"ٹرک سوالات, آسان"
Q0653,🧩 دلچسپ پہیلیاں,E,وہ کون سا کمرہ ہے جس میں نہ فرش ہے نہ چھت,کنواں,غار,آسمان,قبر,D,قبر میں فرش اور چھت نہیں ہوتی۔,"دلچسپ پہیلیاں, آسان"
Q0654,😈 ٹرک سوالات,E,آپ دوڑ میں دوسرے نمبر والے کو پیچھے چھوڑیں۔ اب آپ کس نمبر پر ہیں؟,چوتھے,پہلے,دوسرے,تیسرے,C,درست جواب ہے: دوسرے۔,"ٹرک سوالات, آسان"
Q0655,🤯 دماغ کا امتحان,E,اگر آج اتوار ہے تو کل کون سا دن ہوگا؟,ہفتہ,بدھ,جمعہ,پیر,D,اتوار کے بعد پیر آتا ہے,"دماغ کا امتحان, آسان"
Q0656,🧠 99٪ لوگ غلط جواب دیتے ہیں,E,اگر ایک چیز کی قیمت 250 روپے ہے تو 4 ایسی چیزوں کی قیمت کتنی ہوگی؟,1250,1000,750,900,B,250 × 4 = 1000 روپے۔,"99٪ لوگ غلط جواب دیتے ہیں, آسان"
Q0657,⏳ 5 سیکنڈ چیلنج,E,"""شفق"" کس وقت کی سرخی کو کہتے ہیں؟",رات کی تاریکی,صبح کی روشنی,غروبِ آفتاب کے بعد آسمان کی سرخی,دوپہر کی دھوپ,C,درست جواب ہے: غروبِ آفتاب کے بعد آسمان کی سرخی۔,"5 سیکنڈ چیلنج, آسان"
Q0658,🧠 99٪ لوگ غلط جواب دیتے ہیں,E,10 گھوڑوں کا نام 'پاکستان' رکھا گیا۔ لفظ 'پاکستان' کتنی بار لکھا گیا؟,"""1 بار""",0 بار,10 بار,11 بار,A,"درست جواب ہے: ""1 بار""۔","99٪ لوگ غلط جواب دیتے ہیں, آسان"
Q0659,📖 اردو محاورے,E,"""پیر پکڑنا"" کا مطلب کیا ہے؟",سفر کرنا,کھڑا ہونا,بہت عاجزی سے التجا یا منت کرنا,دوڑنا,C,"""پیر پکڑنا"" کا محاورتی مطلب ہے: بہت عاجزی سے التجا یا منت کرنا۔","اردو محاورے, آسان"
Q0660,📖 اردو محاورے,E,"""قرار"" کا مطلب کیا ہے؟",دل کا سکون,اداسی,خوف,بے چینی,A,درست جواب ہے: دل کا سکون۔,"اردو محاورے, آسان"
Q0661,😈 ٹرک سوالات,E,باپ کے 4 بیٹے ہیں۔ ہر بیٹے کی 1 بہن ہے۔ کل کتنی اولاد؟,6,4,5,8,C,درست جواب ہے: 5۔,"ٹرک سوالات, آسان"
Q0662,👑 صرف ذہین لوگوں کے لیے,E,دنیا کا سب سے بڑا اوشن کون سا ہے؟,بحرالکاہل,بحر ہند,بحر اوقیانوس,بحیرہ روم,A,درست جواب ہے: بحرالکاہل۔,"صرف ذہین لوگوں کے لیے, آسان"
Q0663,🧠 99٪ لوگ غلط جواب دیتے ہیں,E,اگر 9 کتابوں کی قیمت 270 روپے ہے تو ایک کتاب کی قیمت کتنی ہوگی؟,20 روپے,35 روپے,30 روپے,25 روپے,C,270 ÷ 9 = 30 روپے۔,"99٪ لوگ غلط جواب دیتے ہیں, آسان"
Q0664,📖 اردو محاورے,E,منہ پر کہنا کا مطلب کیا ہے؟,غصہ کرنا,سامنے سچ بات کہنا,خاموش رہنا,جھوٹ بولنا,B,اس سے مراد بلا جھجک سامنے بات کرنا ہے۔,"اردو محاورے, آسان"
Q0665,🤯 دماغ کا امتحان,E,2، 5، 8، 11 کے بعد اگلا عدد کیا ہوگا؟,15,13,14,17,C,ہر بار 3 کا اضافہ ہو رہا ہے، لہٰذا اگلا عدد 11+3 = 14 ہوگا۔,"دماغ کا امتحان, آسان"
Q0666,🧩 دلچسپ پہیلیاں,E,وہ کون سی چیز ہے جو جتنی زیادہ بانٹو اتنی ہی بڑھتی ہے,محبت,دولت,نمک,پانی,A,محبت بانٹنے سے کم نہیں بلکہ بڑھتی ہے۔,"دلچسپ پہیلیاں, آسان"
Q0667,👑 صرف ذہین لوگوں کے لیے,E,آغا خان یونیورسٹی کس شہر میں ہے,پشاور,کراچی,لاہور,اسلام آباد,B,آغا خان یونیورسٹی کراچی میں واقع ہے۔,"صرف ذہین لوگوں کے لیے, آسان"
Q0668,🧩 دلچسپ پہیلیاں,E,وہ کیا ہے جو گننے میں آسان مگر جمع کرنا مشکل ہو؟,لمحات/یادیں,سکے,پتھر,دانے,A,یہ ایک لطیف پہیلی ہے جس کا جواب ہے: لمحات/یادیں۔,"دلچسپ پہیلیاں, آسان"
Q0669,🤯 دماغ کا امتحان,E,اگر ایک درجن بسکٹ 120 روپے کے ہیں تو 6 بسکٹ کتنے روپے کے ہوں گے؟,50 روپے,60 روپے,40 روپے,70 روپے,B,12 بسکٹ = 120 روپے، 6 بسکٹ = 60 روپے۔,"دماغ کا امتحان, آسان"
Q0670,📖 اردو محاورے,E,ہاتھ صاف ہونا کا مطلب کیا ہے؟,وضو کرنا,چوری میں ماہر ہونا,صفائی کرنا,مہارت رکھنا,B,یہ محاورہ عموماً چوری میں ماہر ہونے کے لیے استعمال ہوتا ہے۔,"اردو محاورے, آسان"
Q0671,🧠 99٪ لوگ غلط جواب دیتے ہیں,E,10، 14، 18، 22 کے بعد اگلا عدد کیا ہوگا؟,26,25,27,30,A,ہر بار 4 کا اضافہ ہو رہا ہے، لہٰذا اگلا عدد 22+4 = 26 ہوگا۔,"99٪ لوگ غلط جواب دیتے ہیں, آسان"
Q0672,🎭 الفاظ کا جادو,E,سراب کا مطلب کیا ہے؟,لہر,بوند,ٹھنڈا پانی,صحرا میں پانی کا دھوکا,D,درست جواب ہے: صحرا میں پانی کا دھوکا۔,"الفاظ کا جادو, آسان"
Q0673,🎭 الفاظ کا جادو,E,امید کا متضاد کیا ہے؟,خواب,یقین,مایوسی,دعا,C,امید اور مایوسی ایک دوسرے کے مخالف ہیں,"الفاظ کا جادو, آسان"
Q0674,🤯 دماغ کا امتحان,E,اگر 9 کا آدھا 4.5 ہے تو 18 کا آدھا کیا ہوگا؟,9,10,12,8,A,18 ÷ 2 = 9۔,"دماغ کا امتحان, آسان"
Q0675,🧩 دلچسپ پہیلیاں,E,وہ کون سی چیز ہے جس کا نام لیتے ہی وہ ختم ہو جاتی ہے؟,دل,وعدہ,شیشہ,خاموشی,D,درست جواب ہے: خاموشی۔,"دلچسپ پہیلیاں, آسان"
Q0676,👑 صرف ذہین لوگوں کے لیے,E,زمین کا مصنوعی سیارہ کون سا ہے؟,زہرہ,مریخ,چاند,مشتری,C,درست جواب ہے: چاند۔,"صرف ذہین لوگوں کے لیے, آسان"
Q0677,🧠 99٪ لوگ غلط جواب دیتے ہیں,E,اگر آج منگل ہے تو 14 دن بعد کون سا دن ہوگا؟,بدھ,پیر,منگل,جمعرات,C,منگل سے 14 دن آگے شمار کرنے پر دن منگل بنتا ہے۔,"99٪ لوگ غلط جواب دیتے ہیں, آسان"
Q0678,🤯 دماغ کا امتحان,E,10% کا 200 کا کتنا فیصد ہے؟,15,20,10,30,B,درست جواب ہے: 20۔,"دماغ کا امتحان, آسان"
Q0679,🧠 99٪ لوگ غلط جواب دیتے ہیں,E,19، 27، 35، 43 کے بعد اگلا عدد کیا ہوگا؟,52,50,51,59,C,ہر بار 8 کا اضافہ ہو رہا ہے، لہٰذا اگلا عدد 43+8 = 51 ہوگا۔,"99٪ لوگ غلط جواب دیتے ہیں, آسان"
Q0680,😈 ٹرک سوالات,E,ایک ہفتے میں کتنے گھنٹے ہوتے ہیں؟,188,168,178,148,B,7 × 24 = 168 گھنٹے۔,"ٹرک سوالات, آسان"
Q0681,👑 صرف ذہین لوگوں کے لیے,E,قائد اعظم کا پورا نام کیا تھا,لیاقت علی,احمد علی جناح,محمد علی جناح,محمد اقبال,C,قائد اعظم کا اصل نام محمد علی جناح تھا۔,"صرف ذہین لوگوں کے لیے, آسان"
Q0682,🎭 الفاظ کا جادو,E,"""فراق"" کا مطلب کیا ہے؟",باغ,دیوانگی,جدائی,سکون,C,"""فراق"" کا مطلب ہے: جدائی۔","الفاظ کا جادو, آسان"
Q0683,😈 ٹرک سوالات,E,اگر 1=5، 2=10، 3=15 تو 5=?,20,5,1,25,C,اس پیٹرن میں 1=5 دیا گیا ہے، اس لیے الٹے پیٹرن کے مطابق 5=1۔,"ٹرک سوالات, آسان"
Q0684,🧠 99٪ لوگ غلط جواب دیتے ہیں,E,اگر آج بدھ ہے تو 10 دن بعد کون سا دن ہوگا؟,جمعہ,اتوار,ہفتہ,پیر,C,بدھ سے 10 دن آگے شمار کرنے پر دن ہفتہ بنتا ہے۔,"99٪ لوگ غلط جواب دیتے ہیں, آسان"
Q0685,😈 ٹرک سوالات,E,اگر 8 + 7 = 15 تو 15 - 8 = ؟,5,6,7,8,C,15 میں سے 8 نکالنے پر 7 بچتا ہے۔,"ٹرک سوالات, آسان"
Q0686,👑 صرف ذہین لوگوں کے لیے,E,دنیا کی سب سے لمبی ندی کون سی ہے؟,گانگا,سندھ,نیل,آمازون,C,درست جواب ہے: نیل۔,"صرف ذہین لوگوں کے لیے, آسان"
Q0687,😈 ٹرک سوالات,E,ایک ٹوکری میں 21 پھل تھے، بچوں نے 18 کھا لیے، ٹوکری میں کتنے پھل بچے؟ (سیٹ 14),3,4,2,18,A,21-18=3 پھل بچے۔,"ٹرک سوالات, آسان"
Q0688,📖 اردو محاورے,E,"""زبان کھولنا"" کا مطلب کیا ہے؟",خاموش رہنا,زبان بند کرنا,کھانا کھانا,بولنا شروع کرنا خصوصاً راز افشا کرنا,D,"""زبان کھولنا"" کا محاورتی مطلب ہے: بولنا شروع کرنا خصوصاً راز افشا کرنا۔","اردو محاورے, آسان"
Q0689,🧠 99٪ لوگ غلط جواب دیتے ہیں,E,9، 17، 25، 33 کے بعد اگلا عدد کیا ہوگا؟,49,41,42,40,B,ہر بار 8 کا اضافہ ہو رہا ہے، لہٰذا اگلا عدد 33+8 = 41 ہوگا۔,"99٪ لوگ غلط جواب دیتے ہیں, آسان"
Q0690,📖 اردو محاورے,E,دل سے دل تک کا مفہوم کیا ہے؟,دوری,لڑائی,گہرا تعلق,خاموشی,C,دلوں کے درمیان محبت یا مضبوط تعلق۔,"اردو محاورے, آسان"
Q0691,🤯 دماغ کا امتحان,E,انسانی جسم میں خون صاف کرنے والا عضو کون سا ہے؟,معدہ,گردے,پھیپھڑے,دل,B,گردے خون کو صاف کرنے کا اہم کام انجام دیتے ہیں۔,"دماغ کا امتحان, آسان"
Q0692,📖 اردو محاورے,E,پتھر کی لکیر,ناقابل فراموش,لکیر,پتھر,مٹانے کے قابل,A,ایسی بات یا فیصلہ جو تبدیل نہ ہو۔,"اردو محاورے, آسان"
Q0693,⏳ 5 سیکنڈ چیلنج,E,پاکستان میں کتنے موسم پائے جاتے ہیں؟,6,4,3,5,B,درست جواب ہے: 4۔,"5 سیکنڈ چیلنج, آسان"
Q0694,👑 صرف ذہین لوگوں کے لیے,E,سقوطِ ڈھاکہ کب ہوا؟,16 دسمبر 1971,23 مارچ 1971,14 اگست 1971,6 ستمبر 1971,A,درست جواب ہے: 16 دسمبر 1971۔,"صرف ذہین لوگوں کے لیے, آسان"
Q0695,👑 صرف ذہین لوگوں کے لیے,E,مفکرِ پاکستان کسے کہتے ہیں؟,فراز,علامہ اقبال,فیض,حفیظ,B,درست جواب ہے: علامہ اقبال۔,"صرف ذہین لوگوں کے لیے, آسان"
Q0696,😈 ٹرک سوالات,E,اگر آج جمعہ ہے تو تین دن بعد کون سا دن ہوگا,منگل,بدھ,پیر,اتوار,C,جمعہ کے بعد ہفتہ، اتوار، پھر پیر آتا ہے۔,"ٹرک سوالات, آسان"
Q0697,🧠 99٪ لوگ غلط جواب دیتے ہیں,E,ایک عدد کا آدھا 18 ہے، وہ عدد کیا ہے؟,24,18,36,42,C,18 × 2 = 36۔,"99٪ لوگ غلط جواب دیتے ہیں, آسان"
Q0698,⏳ 5 سیکنڈ چیلنج,E,وادی کمراٹ کس صوبے میں واقع ہے,خیبر پختونخوا,سندھ,بلوچستان,پنجاب,A,وادی کمراٹ ضلع دیر بالا، خیبر پختونخوا میں واقع ہے۔,"5 سیکنڈ چیلنج, آسان"
Q0699,🤯 دماغ کا امتحان,E,گھڑی میں 24 گھنٹوں کے دوران گھنٹے اور منٹ کی سوئیاں کتنی بار ملتی ہیں؟,24 بار,20 بار,12 بار,22 بار,D,تقریباً ہر 65 منٹ بعد,"دماغ کا امتحان, آسان"
Q0700,🎭 الفاظ کا جادو,E,"""نگاہ"" کا مطلب کیا ہے؟",نظر,صحرا میں پانی کا دھوکا,چاند,لاٹھی,A,"""نگاہ"" کا مطلب ہے: نظر۔","الفاظ کا جادو, آسان"
Q0701,⏳ 5 سیکنڈ چیلنج,E,پاکستان میں کتنے صوبے ہیں؟,4,6,7,5,A,پاکستان کے چار صوبے ہیں۔,"5 سیکنڈ چیلنج, آسان"
Q0702,👑 صرف ذہین لوگوں کے لیے,E,تاج محل کس مغل بادشاہ نے بنوایا؟,شاہ جہان,جہانگیر,اکبر,اورنگزیب,A,درست جواب ہے: شاہ جہان۔,"صرف ذہین لوگوں کے لیے, آسان"
Q0703,🎭 الفاظ کا جادو,E,خوشی کا متضاد کیا ہے,غمی,مسرت,محبت,ہنسی,A,خوشی کا متضاد غمی ہے۔,"الفاظ کا جادو, آسان"
Q0704,📖 اردو محاورے,E,کہاں راجہ بھوج کہاں گنگو تیلی,دشمنی,دوستی,راجہ اور تیلی,زمین آسمان کا فرق,D,دو اشخاص یا چیزوں میں بہت بڑا فرق ہونا۔,"اردو محاورے, آسان"
Q0705,🧩 دلچسپ پہیلیاں,E,وہ کیا ہے جو بغیر جڑوں کے بھی مضبوطی سے کھڑا رہتا ہے؟,پہاڑ,درخت,دیوار,عزم و ارادہ,D,یہ ایک لطیف پہیلی ہے جس کا جواب ہے: عزم و ارادہ۔,"دلچسپ پہیلیاں, آسان"
Q0706,👑 صرف ذہین لوگوں کے لیے,E,مغل سلطنت کے بانی کون تھے؟,ظہیر الدین بابر,جہانگیر,اکبر,اورنگزیب,A,درست جواب ہے: ظہیر الدین بابر۔,"صرف ذہین لوگوں کے لیے, آسان"
Q0707,🧩 دلچسپ پہیلیاں,E,وہ کون سی چیز ہے جو دن میں کئی بار مرتی اور جیتی ہے؟,موم بتی کی لو,پرندہ,انسان,درخت,A,یہ ایک لطیف پہیلی ہے جس کا جواب ہے: موم بتی کی لو۔,"دلچسپ پہیلیاں, آسان"
Q0708,🤯 دماغ کا امتحان,E,10 موم بتیاں جل رہی تھیں، 5 بجھ گئیں۔ باقی کتنی دیر جلیں گی؟,7 موم بتیاں,"""جب تک موم ختم نہ ہو""",5 موم بتیاں,کبھی نہیں بجھیں گی,B,"درست جواب ہے: ""جب تک موم ختم نہ ہو""۔","دماغ کا امتحان, آسان"
Q0709,📖 اردو محاورے,E,"""زبان پھسلنا"" کا مطلب کیا ہے؟",غلطی سے کچھ کہہ دینا,خاموش رہنا,گانا گانا,صحیح بولنا,A,"""زبان پھسلنا"" کا محاورتی مطلب ہے: غلطی سے کچھ کہہ دینا۔","اردو محاورے, آسان"
Q0710,👑 صرف ذہین لوگوں کے لیے,E,زلزلوں کی وجہ عموماً کیا ہوتی ہے؟,بارش,دھوپ,زمین کی پلیٹوں کا کھسکنا,تیز ہوا,C,درست جواب ہے: زمین کی پلیٹوں کا کھسکنا۔,"صرف ذہین لوگوں کے لیے, آسان"
Q0711,📖 اردو محاورے,E,"""شب"" کا مطلب کیا ہے؟",سحر,خمار,شام,رات,D,درست جواب ہے: رات۔,"اردو محاورے, آسان"
Q0712,🤯 دماغ کا امتحان,E,اگر 4+4=20 اور 5+5=30 تو 6+6=?,36,42,48,40,B,پیٹرن: (4+4)×2.5=20، (5+5)×3=30، (6+6)×3.5=42۔,"دماغ کا امتحان, آسان"
Q0713,⏳ 5 سیکنڈ چیلنج,E,""".pk"" کس ملک کا انٹرنیٹ ڈومین ہے؟",پاکستان,بھارت,نیپال,بنگلہ دیش,A,درست جواب ہے: پاکستان۔,"5 سیکنڈ چیلنج, آسان"
Q0714,⏳ 5 سیکنڈ چیلنج,E,بابری مسجد کس شہر میں تھی؟,کراچی,ایودھیا,لاہور,دہلی,B,درست جواب ہے: ایودھیا۔,"5 سیکنڈ چیلنج, آسان"
Q0715,🎭 الفاظ کا جادو,E,احمق کا متضاد کیا ہے؟,سست,غریب,جاہل,عقلمند,D,درست جواب ہے: عقلمند۔,"الفاظ کا جادو, آسان"
Q0716,👑 صرف ذہین لوگوں کے لیے,E,ریڈیو کس نے ایجاد کیا؟,بیل,مارکونی,نیوٹن,ایڈیسن,B,درست جواب ہے: مارکونی۔,"صرف ذہین لوگوں کے لیے, آسان"
Q0717,🧩 دلچسپ پہیلیاں,E,وہ کیا ہے جو دن بھر کام کرتا ہے مگر کبھی تھکتا نہیں؟,سورج,مزدور,پنکھا,گھڑی,A,یہ ایک لطیف پہیلی ہے جس کا جواب ہے: سورج۔,"دلچسپ پہیلیاں, آسان"
Q0718,🧩 دلچسپ پہیلیاں,E,وہ کیا ہے جسے آپ پکڑ نہیں سکتے مگر محسوس کر سکتے ہیں؟,پانی,آگ,برف,ہوا,D,یہ ایک لطیف پہیلی ہے جس کا جواب ہے: ہوا۔,"دلچسپ پہیلیاں, آسان"
Q0719,📖 اردو محاورے,E,آ بیل مجھے مار,جان بوجھ کر مصیبت مول لینا,بیل کو مارنا,کھیل کھیلنا,بہادری دکھانا,A,اپنے اوپر خود مصیبت لے آنا۔,"اردو محاورے, آسان"
Q0720,😈 ٹرک سوالات,E,وہ کون سا تالا ہے جو کبھی کھلتا نہیں مگر سب کو بند کر دیتا ہے,قبر,دل,منہ,دروازہ,C,انسان کا منہ بند ہو جائے تو بہت سی باتیں وہیں رک جاتی ہیں۔,"ٹرک سوالات, آسان"
Q0721,🧠 99٪ لوگ غلط جواب دیتے ہیں,E,اگر آج جمعرات ہے تو 7 دن بعد کون سا دن ہوگا؟,جمعہ,بدھ,ہفتہ,جمعرات,D,جمعرات سے 7 دن آگے شمار کرنے پر دن جمعرات بنتا ہے۔,"99٪ لوگ غلط جواب دیتے ہیں, آسان"
Q0722,🧩 دلچسپ پہیلیاں,E,وہ کیا ہے جو خالی ہاتھ دیا جاتا ہے مگر دل بھر دیتا ہے؟,دعا,تحفہ,کھانا,پیسہ,A,یہ ایک لطیف پہیلی ہے جس کا جواب ہے: دعا۔,"دلچسپ پہیلیاں, آسان"
Q0723,👑 صرف ذہین لوگوں کے لیے,E,عالمی یوم اردو کب منایا جاتا ہے؟,23 مارچ,21 فروری,کوئی مخصوص عالمی دن مقرر نہیں، پاکستان میں یوم اردو منایا جاتا ہے,14 اگست,C,درست جواب ہے: کوئی مخصوص عالمی دن مقرر نہیں، پاکستان میں یوم اردو منایا جاتا ہے۔,"صرف ذہین لوگوں کے لیے, آسان"
Q0724,⏳ 5 سیکنڈ چیلنج,E,دنیا کی سب سے بلند چوٹی کون سی ہے؟,کنچن جنگا,ماؤنٹ ایورسٹ,نانگا پربت,کے ٹو (K2),B,درست جواب ہے: ماؤنٹ ایورسٹ۔,"5 سیکنڈ چیلنج, آسان"
Q0725,⏳ 5 سیکنڈ چیلنج,E,پاکستان میں پہلی ریل گاڑی کب چلی,1855,1947,1861,1900,A,کراچی سے کوٹری کے درمیان پہلی ریل سروس 1855 میں شروع ہوئی۔,"5 سیکنڈ چیلنج, آسان"
Q0726,📖 اردو محاورے,E,بندر کیا جانے ادرک کا سواد,ادرک کھانا,بندر پالنا,بندر کو ادرک کھلاؤ,نا اہل کو قدر کی کیا خبر,D,کم ظرف یا نا اہل کو اچھی چیز کی قدر معلوم نہیں ہوتی۔,"اردو محاورے, آسان"
Q0727,🧩 دلچسپ پہیلیاں,E,وہ کیا ہے جو جتنا بھرتا ہے اتنا ہی ہلکا ہوتا جاتا ہے؟,صندوق,بالٹی,غبارہ,پتھر,C,درست جواب ہے: A)غبارہ ✓۔,"دلچسپ پہیلیاں, آسان"
Q0728,⏳ 5 سیکنڈ چیلنج,E,دنیا کا سب سے بڑا براعظم کون سا ہے؟,یورپ,ایشیا,آسٹریلیا,افریقہ,B,درست جواب ہے: ایشیا۔,"5 سیکنڈ چیلنج, آسان"
Q0729,🎭 الفاظ کا جادو,E,"""نیا"" کا مترادف کیا ہے؟",رفیق,جدید,تحمل,آس,B,"""نیا"" کا مترادف ""جدید"" ہے۔","الفاظ کا جادو, آسان"
Q0730,📖 اردو محاورے,E,منہ لٹکانا کا مطلب کیا ہے؟,غصہ کرنا,اداس ہونا,تعریف کرنا,ہنسنا,B,منہ لٹکانا اداس ہونے کو کہتے ہیں۔,"اردو محاورے, آسان"
Q0731,🤯 دماغ کا امتحان,E,12 × 8 - 15 کا جواب کیا ہے؟,80,96,90,81,D,درست جواب ہے: 81۔,"دماغ کا امتحان, آسان"
Q0732,🧩 دلچسپ پہیلیاں,E,وہ کون سی چیز ہے جو آگ میں جل کر بھی زندہ رہتی ہے؟,کپڑا,لکڑی,فینکس کی کہانی/راکھ سے اٹھنے والی سوچ,کاغذ,C,یہ ایک لطیف پہیلی ہے جس کا جواب ہے: فینکس کی کہانی/راکھ سے اٹھنے والی سوچ۔,"دلچسپ پہیلیاں, آسان"
Q0733,🎭 الفاظ کا جادو,E,"""تیز"" کا متضاد کیا ہے؟",میزبان,دھیما,سردی,بڑا,B,"""تیز"" کا متضاد ""دھیما"" ہے۔","الفاظ کا جادو, آسان"
Q0734,⏳ 5 سیکنڈ چیلنج,E,زمین کا سب سے گہرا مقام کون سا ہے؟,گریٹ بیریئر,گانگا,ماریانا ٹرینچ,نیل,C,درست جواب ہے: ماریانا ٹرینچ۔,"5 سیکنڈ چیلنج, آسان"
Q0735,🧠 99٪ لوگ غلط جواب دیتے ہیں,E,اگر آج جمعرات ہے تو 17 دن بعد کون سا دن ہوگا؟,منگل,ہفتہ,پیر,اتوار,D,جمعرات سے 17 دن آگے شمار کرنے پر دن اتوار بنتا ہے۔,"99٪ لوگ غلط جواب دیتے ہیں, آسان"
Q0736,😈 ٹرک سوالات,E,ایک ماں کے تین بیٹے ہیں اور سب کی ایک ہی بہن ہے۔ کل بچے کتنے ہیں؟,6,4,5,3,B,تین بیٹے اور ایک بہن ملا کر کل 4 بچے ہیں۔,"ٹرک سوالات, آسان"
Q0737,😈 ٹرک سوالات,E,ایک ٹوکری میں 14 پھل تھے، بچوں نے 12 کھا لیے، ٹوکری میں کتنے پھل بچے؟ (سیٹ 21),12,3,2,1,C,14-12=2 پھل بچے۔,"ٹرک سوالات, آسان"
Q0738,😈 ٹرک سوالات,E,24 کو 6 پر تقسیم کریں تو جواب کیا ہوگا,2,6,4,3,C,24÷6=4۔,"ٹرک سوالات, آسان"
Q0739,📖 اردو محاورے,E,آنکھ کا تارا ہونا,نظر کمزور ہونا,بہت عزیز ہونا,غصہ کرنا,نفرت کرنا,B,انتہائی محبوب اور عزیز ہونا۔,"اردو محاورے, آسان"
Q0740,⏳ 5 سیکنڈ چیلنج,E,پاکستان کا دارالحکومت کون سا ہے؟,اسلام آباد,پشاور,لاہور,کراچی,A,درست جواب ہے: اسلام آباد۔,"5 سیکنڈ چیلنج, آسان"
Q0741,🧠 99٪ لوگ غلط جواب دیتے ہیں,E,اگر آج ہفتہ ہے تو 14 دن بعد کون سا دن ہوگا؟,اتوار,جمعہ,ہفتہ,پیر,C,ہفتہ سے 14 دن آگے شمار کرنے پر دن ہفتہ بنتا ہے۔,"99٪ لوگ غلط جواب دیتے ہیں, آسان"
Q0742,📖 اردو محاورے,E,ہاتھ ملنا,مدد کرنا,پچھتانا,سلام کرنا,دوستی کرنا,B,ہاتھ ملنا محاورے میں پچھتانے کے معنی میں بھی آتا ہے۔,"اردو محاورے, آسان"
Q0743,⏳ 5 سیکنڈ چیلنج,E,برصغیر میں برطانوی راج کب شروع ہوا؟,1947,1757,1600,1857,B,درست جواب ہے: 1757۔,"5 سیکنڈ چیلنج, آسان"
Q0744,🎭 الفاظ کا جادو,E,"""خط"" کا مترادف کیا ہے؟",چمن,مکتوب,نسیم,کوہ,B,"""خط"" کا مترادف ""مکتوب"" ہے۔","الفاظ کا جادو, آسان"
Q0745,👑 صرف ذہین لوگوں کے لیے,E,مرزا غالب کس دور کے شاعر تھے؟,سلطنت عثمانیہ,موجودہ دور,برطانوی دور سے پہلے,مغل دور کے آخری دور,D,درست جواب ہے: مغل دور کے آخری دور۔,"صرف ذہین لوگوں کے لیے, آسان"
Q0746,📖 اردو محاورے,E,"کان دھرنا"""" کا مطلب کیا ہے؟",شور کرنا,کان پکڑنا,خاموش ہونا,غور سے سننا,D,کان دھرنا یعنی پوری توجہ سے سننا۔,"اردو محاورے, آسان"
Q0747,⏳ 5 سیکنڈ چیلنج,E,پاکستان کا قومی پھل کون سا ہے؟,آم,سیب,انگور,کینو,A,درست جواب ہے: آم۔,"5 سیکنڈ چیلنج, آسان"
Q0748,🧠 99٪ لوگ غلط جواب دیتے ہیں,E,انسانی جسم میں سانس لینے کا اہم عضو کون سا ہے؟,دل,جگر,گردے,پھیپھڑے,D,درست جواب ہے: پھیپھڑے ✓۔,"99٪ لوگ غلط جواب دیتے ہیں, آسان"
Q0749,😈 ٹرک سوالات,E,اگر ایک موم بتی بجھا دی جائے تو سب سے پہلے کیا ختم ہوتا ہے؟,موم,بتی,روشنی,دھواں,C,موم بتی بجھتے ہی روشنی فوراً ختم ہو جاتی ہے۔,"ٹرک سوالات, آسان"
Q0750,📖 اردو محاورے,E,چھاتی پر پتھر رکھنا,وزن اٹھانا,کام کرنا,دل مضبوط کرنا,پتھر رکھنا,C,صبر سے مشکل برداشت کرنا۔,"اردو محاورے, آسان"
Q0751,🤯 دماغ کا امتحان,E,اگر ایک قلم 15 روپے کا ہے تو 8 قلموں کی قیمت کتنی ہوگی؟,130,120,110,100,B,15 × 8 = 120 روپے۔,"دماغ کا امتحان, آسان"
Q0752,👑 صرف ذہین لوگوں کے لیے,E,بھاپ کا انجن کس نے ایجاد کیا؟,نیوٹن,ایڈیسن,جیمز واٹ,گراہم بیل,C,درست جواب ہے: جیمز واٹ۔,"صرف ذہین لوگوں کے لیے, آسان"
Q0753,🎭 الفاظ کا جادو,E,"""جنگ"" کا متضاد کیا ہے؟",اندھیرا,صلح,مشکل,مایوس,B,"""جنگ"" کا متضاد ""صلح"" ہے۔","الفاظ کا جادو, آسان"
Q0754,🤯 دماغ کا امتحان,E,ایک خاندان میں 6 بھائی ہیں اور سب کی ایک ہی بہن ہے۔ کل کتنے بچے ہیں؟,6,12,8,7,D,6 بھائی + 1 بہن = 7 بچے۔,"دماغ کا امتحان, آسان"
Q0755,😈 ٹرک سوالات,E,ایک درجن میں کتنے عدد ہوتے ہیں؟,10,11,13,12,D,ایک درجن میں ہمیشہ 12 چیزیں ہوتی ہیں۔,"ٹرک سوالات, آسان"
Q0756,😈 ٹرک سوالات,E,8، 13، 18، 23 کے بعد اگلا عدد کیا ہوگا؟,29,28,33,27,B,ہر بار 5 کا اضافہ ہو رہا ہے، لہٰذا اگلا عدد 23+5 = 28 ہوگا۔,"ٹرک سوالات, آسان"
Q0757,🧠 99٪ لوگ غلط جواب دیتے ہیں,E,اگر ایک درجن انڈوں میں سے 3 انڈے نکال لیے جائیں تو کتنے انڈے باقی رہیں گے؟,12,10,6,9,D,درست جواب ہے: 9 ✓۔,"99٪ لوگ غلط جواب دیتے ہیں, آسان"
Q0758,🧩 دلچسپ پہیلیاں,E,وہ کیا ہے جو ٹھنڈا ہو کر بھی جلاتا ہے؟,برف کا سخت لمس,آگ,لوہا,دھوپ,A,یہ ایک لطیف پہیلی ہے جس کا جواب ہے: برف کا سخت لمس۔,"دلچسپ پہیلیاں, آسان"
Q0759,📖 اردو محاورے,E,"""ناک کٹنا"" محاورے کا مطلب؟",ڈر جانا,عزت ختم ہونا,شرمندہ ہونا,ناک زخمی ہونا,B,درست جواب ہے: عزت ختم ہونا۔,"اردو محاورے, آسان"
Q0760,⏳ 5 سیکنڈ چیلنج,E,بحر الکاہل,بحر ہند,بحر اوقیانوس,A,بحیرہ روم,C,درست جواب ہے: A۔,"5 سیکنڈ چیلنج, آسان"
Q0761,😈 ٹرک سوالات,E,وہ کون سا کھانا ہے جو پکا کر بھی کچا رہتا ہے,کوئی نہیں,دال,چاول,انڈہ,A,یہ ایک ٹرک سوال ہے، حقیقت میں پکا ہوا کھانا کچا نہیں رہتا۔,"ٹرک سوالات, آسان"
Q0762,🎭 الفاظ کا جادو,E,"""خمار"" کا مطلب کیا ہے؟",صحرا میں پانی کا دھوکا,نشہ یا کیفیت,ریگستان,صبح کا وقت / جادو,B,"""خمار"" کا مطلب ہے: نشہ یا کیفیت۔","الفاظ کا جادو, آسان"
Q0763,🤯 دماغ کا امتحان,E,ایک کسان کے پاس 10 مرغیاں اور 5 بکریاں ہیں۔ کل کتنی ٹانگیں ہوں گی,60,50,30,40,D,10 مرغیوں کی 20 ٹانگیں + 5 بکریوں کی 20 ٹانگیں = 40 ٹانگیں۔,"دماغ کا امتحان, آسان"
Q0764,📖 اردو محاورے,E,اونچی دکان پھیکا پکوان,چھوٹی دکان,نام بڑا مگر کام کم,مہنگی دکان,مزیدار کھانا,B,ظاہری شان و شوکت زیادہ مگر معیار کم ہونا۔,"اردو محاورے, آسان"
Q0765,🧩 دلچسپ پہیلیاں,E,وہ کون سی چیز ہے جو دھوپ میں نہیں سوکھتی,پانی,شہد,کپڑا,پسینہ,D,پسینہ مسلسل بنتا رہتا ہے، اسی لیے پہیلی کا جواب پسینہ ہے۔,"دلچسپ پہیلیاں, آسان"
Q0766,🤯 دماغ کا امتحان,E,اگر 30 کو 5 پر تقسیم کیا جائے تو جواب کیا ہوگا؟,8,7,5,6,D,30 ÷ 5 = 6۔,"دماغ کا امتحان, آسان"
Q0767,⏳ 5 سیکنڈ چیلنج,E,چین کی عظیم دیوار کس ملک میں واقع ہے؟,جاپان,کوریا,منگولیا,چین,D,چین کی عظیم دیوار چین میں واقع ہے۔,"5 سیکنڈ چیلنج, آسان"
Q0768,🧠 99٪ لوگ غلط جواب دیتے ہیں,E,دو نمبروں کا حاصلِ ضرب 12 اور مجموعہ 7 ہے۔ وہ نمبر کون سے ہیں؟,2 اور 5,1 اور 6,3 اور 4,2 اور 6,C,3×4=12 اور 3+4=7۔,"99٪ لوگ غلط جواب دیتے ہیں, آسان"
Q0769,📖 اردو محاورے,E,الٹی گنگا بہانا,دریا پار کرنا,سفر کرنا,غلط یا الٹا کام کرنا,نہانا,C,روایت یا معمول کے خلاف کام کرنا۔,"اردو محاورے, آسان"
Q0770,😈 ٹرک سوالات,E,ایک ٹوکری میں 12 پھل تھے، بچوں نے 2 کھا لیے، ٹوکری میں کتنے پھل بچے؟ (سیٹ 3),11,2,10,9,C,12-2=10 پھل بچے۔,"ٹرک سوالات, آسان"
Q0771,🧠 99٪ لوگ غلط جواب دیتے ہیں,E,اگر آج بدھ ہے تو 12 دن بعد کون سا دن ہوگا؟,منگل,پیر,بدھ,اتوار,B,بدھ سے 12 دن آگے شمار کرنے پر دن پیر بنتا ہے۔,"99٪ لوگ غلط جواب دیتے ہیں, آسان"
Q0772,😈 ٹرک سوالات,E,3 دن میں 3 کنویں کھودنے والا 6 کنویں کتنے دن میں کھودے گا؟,3 دن,12 دن,9 دن,6 دن,D,درست جواب ہے: 6 دن۔,"ٹرک سوالات, آسان"
Q0773,🧩 دلچسپ پہیلیاں,E,وہ کیا ہے جسے سب چاہتے ہیں مگر کوئی روک نہیں سکتا؟,صحت,خوشی,پیسہ,وقت,D,یہ ایک لطیف پہیلی ہے جس کا جواب ہے: وقت۔,"دلچسپ پہیلیاں, آسان"
Q0774,🤯 دماغ کا امتحان,E,17، 21، 25، 29 کے بعد اگلا عدد کیا ہوگا؟,34,33,37,32,B,ہر بار 4 کا اضافہ ہو رہا ہے، لہٰذا اگلا عدد 29+4 = 33 ہوگا۔,"دماغ کا امتحان, آسان"
Q0775,🧩 دلچسپ پہیلیاں,E,وہ کون سی چیز ہے جسے جتنا کاٹو اتنی لمبی ہوتی جائے؟,کاغذ,لکڑی,رسی,کھائی/سرنگ,D,یہ ایک لطیف پہیلی ہے جس کا جواب ہے: کھائی/سرنگ۔,"دلچسپ پہیلیاں, آسان"
Q0776,📖 اردو محاورے,E,کان کھڑے ہونا کا مطلب کیا ہے؟,کان صاف کرنا,شور مچانا,بہرا ہونا,چوکنا ہو جانا,D,کسی بات پر فوراً متوجہ یا محتاط ہو جانا۔,"اردو محاورے, آسان"
Q0777,📖 اردو محاورے,E,"""شب خون"" کا مطلب کیا ہے؟",رات کا کھانا,خون بہنا,رات بھر جاگنا,رات کو حملہ کرنا,D,رات کے اندھیرے میں اچانک حملہ۔,"اردو محاورے, آسان"
Q0778,🧠 99٪ لوگ غلط جواب دیتے ہیں,E,اگر 15 قلموں کی قیمت 300 روپے ہے تو ایک قلم کی قیمت کتنی ہوگی؟,30 روپے,20 روپے,25 روپے,15 روپے,B,300 ÷ 15 = 20 روپے۔,"99٪ لوگ غلط جواب دیتے ہیں, آسان"
Q0779,🤯 دماغ کا امتحان,E,زمین اپنے محور کے گرد ایک چکر کتنے وقت میں مکمل کرتی ہے؟,365 دن,12 گھنٹے,24 گھنٹے,30 دن,C,درست جواب ہے: 24 گھنٹے ✓۔,"دماغ کا امتحان, آسان"
Q0780,👑 صرف ذہین لوگوں کے لیے,E,پاکستان کب معرضِ وجود میں آیا؟,1940,1971,1947,1956,C,درست جواب ہے: 1947۔,"صرف ذہین لوگوں کے لیے, آسان"
Q0781,😈 ٹرک سوالات,E,ایک ٹوکری میں 10 پھل تھے، بچوں نے 6 کھا لیے، ٹوکری میں کتنے پھل بچے؟ (سیٹ 17),6,4,3,5,B,10-6=4 پھل بچے۔,"ٹرک سوالات, آسان"
Q0782,🤯 دماغ کا امتحان,E,5، 7، 9، 11 کے بعد اگلا عدد کیا ہوگا؟,15,13,12,14,B,ہر بار 2 کا اضافہ ہو رہا ہے، لہٰذا اگلا عدد 11+2 = 13 ہوگا۔,"دماغ کا امتحان, آسان"
Q0783,🧠 99٪ لوگ غلط جواب دیتے ہیں,E,اگر آج پیر ہے تو دو دن بعد کون سا دن ہوگا؟,جمعرات,بدھ,جمعہ,منگل,B,درست جواب ہے: B)بدھ ✓۔,"99٪ لوگ غلط جواب دیتے ہیں, آسان"
Q0784,⏳ 5 سیکنڈ چیلنج,E,سورج نظام شمسی کا کیا ہے؟,ستارہ,دھوم کے تارا,چاند,سیارہ,A,درست جواب ہے: ستارہ۔,"5 سیکنڈ چیلنج, آسان"
Q0785,👑 صرف ذہین لوگوں کے لیے,E,ایک کمرے میں 7 افراد ہیں، ہر ایک دوسرے سے ایک بار ہاتھ ملائے تو کل کتنے مصافحے ہوں گے؟,24,21,14,28,B,درست جواب ہے: 21۔,"صرف ذہین لوگوں کے لیے, آسان"
Q0786,🧠 99٪ لوگ غلط جواب دیتے ہیں,E,1، 5، 9، 13 کے بعد اگلا عدد کیا ہوگا؟,21,17,16,18,B,ہر بار 4 کا اضافہ ہو رہا ہے، لہٰذا اگلا عدد 13+4 = 17 ہوگا۔,"99٪ لوگ غلط جواب دیتے ہیں, آسان"
Q0787,🎭 الفاظ کا جادو,E,"""خوف"" کا مترادف کیا ہے؟",رخ,عدل,ڈر,ظلمت,C,"""خوف"" کا مترادف ""ڈر"" ہے۔","الفاظ کا جادو, آسان"
Q0788,🧠 99٪ لوگ غلط جواب دیتے ہیں,E,کون سا مہینہ ہے جس میں 28 دن ہوتے ہیں؟,صرف فروری,جنوری,تمام مہینے,صرف لیپ سال کا فروری,C,ہر مہینے میں کم از کم 28 دن ضرور ہوتے ہیں۔,"99٪ لوگ غلط جواب دیتے ہیں, آسان"
Q0789,⏳ 5 سیکنڈ چیلنج,E,''اُردو'' لفظ کا اصل ماخذ کیا ہے؟,ترکی (لشکر/اوردو),عربی,فارسی,سنسکرت,A,درست جواب ہے: ترکی (لشکر/اوردو)۔,"5 سیکنڈ چیلنج, آسان"
Q0790,👑 صرف ذہین لوگوں کے لیے,E,"اردو لفظ ""شوق"" کا متضاد کیا ہے؟",بے رغبتی,ڈر,غصہ,نفرت,A,درست جواب ہے: بے رغبتی ________________۔,"صرف ذہین لوگوں کے لیے, آسان"
Q0791,🎭 الفاظ کا جادو,E,"""جیت"" کا متضاد کیا ہے؟",حرام,ناجائز,ناپاک,ہار,D,"""جیت"" کا متضاد ""ہار"" ہے۔","الفاظ کا جادو, آسان"
Q0792,🎭 الفاظ کا جادو,E,"""عصا"" کا مطلب کیا ہے؟",ذکر یا بیان,لاٹھی,آسمان,صبح کا وقت / جادو,B,"""عصا"" کا مطلب ہے: لاٹھی۔","الفاظ کا جادو, آسان"
Q0793,🎭 الفاظ کا جادو,E,محنت کا مترادف کیا ہے؟,کامیابی,آرام,مشقت,سستی,C,محنت اور مشقت ہم معنی الفاظ ہیں,"الفاظ کا جادو, آسان"
Q0794,🤯 دماغ کا امتحان,E,اگر آج جمعہ ہے تو 8 دن بعد کون سا دن ہوگا؟,جمعہ,پیر,اتوار,ہفتہ,D,جمعہ سے 8 دن آگے شمار کرنے پر دن ہفتہ بنتا ہے۔,"دماغ کا امتحان, آسان"
Q0795,🧩 دلچسپ پہیلیاں,E,وہ کیا ہے جو ایک بار گزر جائے تو کبھی واپس نہیں آتا؟,دن,وقت,موسم,رات,B,یہ ایک لطیف پہیلی ہے جس کا جواب ہے: وقت۔,"دلچسپ پہیلیاں, آسان"
Q0796,📖 اردو محاورے,E,ناک میں دم کرنا,خوش کرنا,مدد کرنا,خاموش کرنا,بہت تنگ کرنا,D,بار بار پریشان کرنا۔,"اردو محاورے, آسان"
Q0797,🧩 دلچسپ پہیلیاں,E,وہ کیا ہے جو خود تو چلتی نہیں مگر سب کو چلاتی ہے,گاڑی,گھڑی,سڑک,ہوا,B,گھڑی خود نہیں چلتی مگر وقت کے مطابق سب کو چلاتی ہے۔,"دلچسپ پہیلیاں, آسان"
Q0798,😈 ٹرک سوالات,E,سرخ پتھر کو نیلے سمندر میں پھینک دیں تو وہ کیا بنے گا؟,نیلا,گیلا,چھوٹا,غائب,B,درست جواب ہے: گیلا۔,"ٹرک سوالات, آسان"
Q0799,⏳ 5 سیکنڈ چیلنج,E,دیودار,نیم,A,کیلا,شیشم,B,درست جواب ہے: A۔,"5 سیکنڈ چیلنج, آسان"
Q0800,📖 اردو محاورے,E,"""سکہ جمانا"" کا مطلب کیا ہے؟",پیسے کمانا,سکے جمع کرنا,اپنا اثر و رسوخ قائم کرنا,ہار جانا,C,"""سکہ جمانا"" کا محاورتی مطلب ہے: اپنا اثر و رسوخ قائم کرنا۔","اردو محاورے, آسان"
Q0801,👑 صرف ذہین لوگوں کے لیے,E,قرآن مجید میں کل کتنی سورتیں ہیں؟,99,114,120,100,B,درست جواب ہے: 114۔,"صرف ذہین لوگوں کے لیے, آسان"
Q0802,⏳ 5 سیکنڈ چیلنج,E,انسانی جسم میں وٹامن D کہاں بنتا ہے؟,گردے,جلد,جگر,دل,B,درست جواب ہے: جلد۔,"5 سیکنڈ چیلنج, آسان"
Q0803,⏳ 5 سیکنڈ چیلنج,E,مدد کرنا,چھوڑ دینا,A,لڑائی کرنا,خاموش رہنا,B,درست جواب ہے: A۔,"5 سیکنڈ چیلنج, آسان"
Q0804,🧩 دلچسپ پہیلیاں,E,وہ کون ہے جو سب کچھ دیکھتا ہے مگر اس کی آنکھیں نہیں,کیمرہ,خدا,آئینہ,ریڈار,B,اللہ تعالیٰ ہر چیز دیکھتا ہے۔,"دلچسپ پہیلیاں, آسان"
Q0805,⏳ 5 سیکنڈ چیلنج,E,دل جلانا کا مطلب کیا ہے؟,روشن کرنا,پیار کرنا,خوش کرنا,تنگ کرنا,D,درست جواب ہے: تنگ کرنا۔,"5 سیکنڈ چیلنج, آسان"
Q0806,😈 ٹرک سوالات,E,وہ کون سا جانور ہے جو پانی میں رہ کر بھی پانی نہیں پیتا,ڈولفن,مچھلی,وہیل,کوئی نہیں,D,یہ ایک ٹرک سوال ہے؛ عمومی طور پر ایسا کوئی درست جواب نہیں۔,"ٹرک سوالات, آسان"
Q0807,👑 صرف ذہین لوگوں کے لیے,E,عالمی جنگ اول کب شروع ہوئی؟,1939,1918,1910,1914,D,درست جواب ہے: 1914۔,"صرف ذہین لوگوں کے لیے, آسان"
Q0808,😈 ٹرک سوالات,E,اگر آپ دوڑ میں آخری شخص کو پیچھے چھوڑ دیں تو کیا ہوگا؟,آپ آخری رہیں گے,آپ پہلے نمبر پر آ جائیں گے,آپ دوسرا آخری ہو جائیں گے,ایسا ممکن نہیں، کیونکہ آخری شخص کے پیچھے کوئی نہیں ہوتا,D,درست جواب ہے: ایسا ممکن نہیں، کیونکہ آخری شخص کے پیچھے کوئی نہیں ہوتا۔,"ٹرک سوالات, آسان"
Q0809,⏳ 5 سیکنڈ چیلنج,E,پاکستان کا قومی رنگ کیا ہے؟,سفید,سرخ,نیلا,سبز,D,پاکستان کا قومی رنگ سبز ہے,"5 سیکنڈ چیلنج, آسان"
Q0810,🤯 دماغ کا امتحان,E,36، 73، 35 کا اوسط (average) کیا ہوگا؟,47,48,50,49,B,اوسط = تمام اعداد کا مجموعہ ÷ تعداد = 144/3 = 48۔,"دماغ کا امتحان, آسان"
Q0811,🧩 دلچسپ پہیلیاں,E,وہ کیا ہے جو انسان کو گرا کر بھی سکھاتا ہے؟,سیڑھی,ناکامی,کرسی,پتھر,B,یہ ایک لطیف پہیلی ہے جس کا جواب ہے: ناکامی۔,"دلچسپ پہیلیاں, آسان"
Q0812,🧩 دلچسپ پہیلیاں,E,کون سی چیز جلنے کے ساتھ چھوٹی ہوتی جاتی ہے؟,موم بتی,پتھر,درخت,شیشہ,A,جلنے سے موم پگھلتا ہے اور موم بتی چھوٹی ہوتی جاتی ہے,"دلچسپ پہیلیاں, آسان"
Q0813,📖 اردو محاورے,E,سر پر کفن باندھنا,مرنے کے لیے تیار,جنازہ پڑھنا,کپڑا باندھنا,قبر کھودنا,A,جان کی پرواہ نہ کرنا۔,"اردو محاورے, آسان"
Q0814,🧠 99٪ لوگ غلط جواب دیتے ہیں,E,اگر ایک ہفتے میں 7 دن ہوتے ہیں تو 3 ہفتوں میں کتنے دن ہوں گے؟,18,21,20,24,B,3×7=21 دن۔,"99٪ لوگ غلط جواب دیتے ہیں, آسان"
Q0815,👑 صرف ذہین لوگوں کے لیے,E,اہرام مصر کس تہذیب کی نشانی ہیں؟,یونانی تہذیب,رومی تہذیب,بابلی تہذیب,قدیم مصری تہذیب,D,درست جواب ہے: قدیم مصری تہذیب۔,"صرف ذہین لوگوں کے لیے, آسان"
Q0816,👑 صرف ذہین لوگوں کے لیے,E,ہوائی جہاز کس نے ایجاد کیا؟,رائٹ برادران,ایڈیسن,گراہم بیل,مارکونی,A,درست جواب ہے: رائٹ برادران۔,"صرف ذہین لوگوں کے لیے, آسان"
Q0817,🤯 دماغ کا امتحان,E,1، 10، 19، 28 کے بعد اگلا عدد کیا ہوگا؟,36,38,46,37,D,ہر بار 9 کا اضافہ ہو رہا ہے، لہٰذا اگلا عدد 28+9 = 37 ہوگا۔,"دماغ کا امتحان, آسان"
Q0818,👑 صرف ذہین لوگوں کے لیے,E,گلاب کس رنگ کا سب سے عام پھول ہے؟,کالا,سبز,نیلا,سرخ,D,درست جواب ہے: سرخ۔,"صرف ذہین لوگوں کے لیے, آسان"
Q0819,🧠 99٪ لوگ غلط جواب دیتے ہیں,E,11، 13، 15، 17 کے بعد اگلا عدد کیا ہوگا؟,21,20,19,18,C,ہر بار 2 کا اضافہ ہو رہا ہے، لہٰذا اگلا عدد 17+2 = 19 ہوگا۔,"99٪ لوگ غلط جواب دیتے ہیں, آسان"
Q0820,🤯 دماغ کا امتحان,E,اگر آج جمعرات ہے تو 19 دن بعد کون سا دن ہوگا؟,منگل,بدھ,پیر,جمعرات,A,جمعرات سے 19 دن آگے شمار کرنے پر دن منگل بنتا ہے۔,"دماغ کا امتحان, آسان"
Q0821,🤯 دماغ کا امتحان,E,7 دن ایک ہفتہ ہوتے ہیں۔ 4 ہفتوں میں کتنے دن ہوتے ہیں,24,30,21,28,D,4×7=28 دن۔,"دماغ کا امتحان, آسان"
Q0822,📖 اردو محاورے,E,بیٹا باپ سے سوا,کم,اولاد والدین سے آگے نکل جانا,باپ بیٹا,زیادہ,B,اولاد کا والدین سے زیادہ کامیاب یا عقلمند ہو جانا۔,"اردو محاورے, آسان"
Q0823,📖 اردو محاورے,E,راز کی بات کا مطلب کیا ہے؟,جھوٹی بات,عام بات,کھلی بات,چھپی ہوئی بات,D,ایسی بات جو دوسروں سے چھپائی جائے,"اردو محاورے, آسان"
Q0824,🧠 99٪ لوگ غلط جواب دیتے ہیں,E,اگر آج بدھ ہے تو 7 دن بعد کون سا دن ہوگا؟,منگل,جمعہ,بدھ,جمعرات,C,بدھ سے 7 دن آگے شمار کرنے پر دن بدھ بنتا ہے۔,"99٪ لوگ غلط جواب دیتے ہیں, آسان"
Q0825,🤯 دماغ کا امتحان,E,اگر آج ہفتہ ہے تو 20 دن بعد کون سا دن ہوگا؟,اتوار,جمعرات,ہفتہ,جمعہ,D,ہفتہ سے 20 دن آگے شمار کرنے پر دن جمعہ بنتا ہے۔,"دماغ کا امتحان, آسان"
Q0826,🧩 دلچسپ پہیلیاں,E,وہ کیا ہے جو دیتے وقت خرچ نہیں ہوتا بلکہ بڑھتا ہے؟,کھانا,پیسہ,پانی,دعا,D,یہ ایک لطیف پہیلی ہے جس کا جواب ہے: دعا۔,"دلچسپ پہیلیاں, آسان"
Q0827,🤯 دماغ کا امتحان,E,مثلث کے اندرونی زاویوں کا مجموعہ کتنا ہوتا ہے؟,180°,90°,270°,360°,A,درست جواب ہے: 180°۔,"دماغ کا امتحان, آسان"
Q0828,😈 ٹرک سوالات,E,اگر 2+3=10 اور 3+4=21 تو 4+5=?,26,36,54,45,B,پیٹرن: (2+3)×2=10، (3+4)×3=21، (4+5)×4=36۔,"ٹرک سوالات, آسان"
Q0829,😈 ٹرک سوالات,E,ایک آدمی 5 دن سے سو نہیں رہا پھر بھی تھکا نہیں۔ کیسے,وہ بیمار ہے,وہ دن میں سوتا ہے,وہ مر چکا ہے,وہ رات کو سوتا ہے,D,وہ رات کو سوتا ہے۔,"ٹرک سوالات, آسان"
Q0830,🎭 الفاظ کا جادو,E,حیات کا مترادف کیا ہے؟,نیند,موت,صحت,زندگی,D,درست جواب ہے: زندگی۔,"الفاظ کا جادو, آسان"
Q0831,🧩 دلچسپ پہیلیاں,E,وہ کیا ہے جو خود روشنی نہیں دیتا مگر روشن نظر آتا ہے؟,سورج,دیا,چاند,بلب,C,یہ ایک لطیف پہیلی ہے جس کا جواب ہے: چاند۔,"دلچسپ پہیلیاں, آسان"
Q0832,👑 صرف ذہین لوگوں کے لیے,E,ایکسرے کس نے دریافت کیے؟,ولہیم رونٹجن,ایڈیسن,نیوٹن,آئن سٹائن,A,درست جواب ہے: ولہیم رونٹجن۔,"صرف ذہین لوگوں کے لیے, آسان"
Q0833,🤯 دماغ کا امتحان,E,3، 7، 11، 15 کے بعد اگلا عدد کیا ہوگا؟,20,19,18,23,B,ہر بار 4 کا اضافہ ہو رہا ہے، لہٰذا اگلا عدد 15+4 = 19 ہوگا۔,"دماغ کا امتحان, آسان"
Q0834,🧩 دلچسپ پہیلیاں,E,وہ کون سی چیز ہے جو پانی میں ڈالنے سے بھیگی نہیں,پانی,سایہ,کاغذ,مچھلی,B,سایہ پانی میں ڈالنے سے نہیں بھیگتا۔,"دلچسپ پہیلیاں, آسان"
Q0835,🧠 99٪ لوگ غلط جواب دیتے ہیں,E,ایک شخص کے 4 بیٹے اور 4 بیٹیاں ہیں، کل اولاد کتنی ہے؟,5,8,9,4,B,4 بیٹے اور 4 بیٹیاں ملا کر 8 بچے ہیں۔,"99٪ لوگ غلط جواب دیتے ہیں, آسان"
Q0836,📖 اردو محاورے,E,"اردو لفظ ""تذکرہ"" کا مطلب؟",کہانی,ذکر یا یاد,کتاب,تاریخ,B,درست جواب ہے: ذکر یا یاد۔,"اردو محاورے, آسان"
Q0837,👑 صرف ذہین لوگوں کے لیے,E,پاکستان کا پہلا صدر کون تھا,لیاقت علی خان,ایوب خان,اسکندر مرزا,قائد اعظم,C,اسکندر مرزا پاکستان کے پہلے صدر تھے۔,"صرف ذہین لوگوں کے لیے, آسان"
Q0838,🤯 دماغ کا امتحان,E,3 سوئچ اور 3 بلب ہیں۔ صرف 1 بار کمرے میں جا سکتے ہو۔ کیسے پتہ کرو گے؟,ایک آن کر کے بند کرو دوسرا آن کرو پھر چیک کرو,بلب توڑ دو,اندازہ لگاؤ,تینوں آن کر دو,A,درست جواب ہے: ایک آن کر کے بند کرو دوسرا آن کرو پھر چیک کرو۔,"دماغ کا امتحان, آسان"
Q0839,👑 صرف ذہین لوگوں کے لیے,E,اردو زبان کا رسم الخط کون سا ہے,عربی فارسی,رومن,دیوناگری,گرمکھی,A,اردو عام طور پر عربی فارسی رسم الخط میں لکھی جاتی ہے۔,"صرف ذہین لوگوں کے لیے, آسان"
Q0840,🎭 الفاظ کا جادو,E,"""نیکی"" کا متضاد کیا ہے؟",بدی,عاجزی,بےوفائی,ہمدردی,A,"""نیکی"" کا متضاد ""بدی"" ہے۔","الفاظ کا جادو, آسان"
Q0841,🤯 دماغ کا امتحان,E,اگر آج منگل ہے تو 19 دن بعد کون سا دن ہوگا؟,ہفتہ,اتوار,منگل,پیر,B,منگل سے 19 دن آگے شمار کرنے پر دن اتوار بنتا ہے۔,"دماغ کا امتحان, آسان"
Q0842,😈 ٹرک سوالات,E,17 بھیڑیں تھیں۔ 9 کے علاوہ سب مر گئیں۔ کتنی بچیں؟,9,8,17,0,A,درست جواب ہے: 9۔,"ٹرک سوالات, آسان"
Q0843,😈 ٹرک سوالات,E,ایک ٹوکری میں 25 پھل تھے، بچوں نے 17 کھا لیے، ٹوکری میں کتنے پھل بچے؟ (سیٹ 25),7,8,9,17,B,25-17=8 پھل بچے۔,"ٹرک سوالات, آسان"
Q0844,🧠 99٪ لوگ غلط جواب دیتے ہیں,E,ایک دکان پر 4 قلم 200 روپے کے ہیں۔ ایک قلم کی قیمت کتنی ہوگی؟,40 روپے,55 روپے,45 روپے,50 روپے,D,200 ÷ 4 = 50 روپے۔,"99٪ لوگ غلط جواب دیتے ہیں, آسان"
Q0845,⏳ 5 سیکنڈ چیلنج,E,علامہ اقبال کی مشہور کتاب کیا ہے؟,بال جبریل,بانگ درا,اسرار خودی,سب,D,درست جواب ہے: سب۔,"5 سیکنڈ چیلنج, آسان"
Q0846,😈 ٹرک سوالات,E,ایک ٹوکری میں 23 پھل تھے، بچوں نے 1 کھا لیے، ٹوکری میں کتنے پھل بچے؟ (سیٹ 6),1,21,23,22,D,23-1=22 پھل بچے۔,"ٹرک سوالات, آسان"
Q0847,🧩 دلچسپ پہیلیاں,E,وہ کیا ہے جو ٹوٹنے پر بھی کام کرتا رہتا ہے؟,شیشہ,دن (طلوع و غروب),گھڑی,کھلونا,B,یہ ایک لطیف پہیلی ہے جس کا جواب ہے: دن (طلوع و غروب)۔,"دلچسپ پہیلیاں, آسان"
Q0848,😈 ٹرک سوالات,E,ایک ٹوکری میں 21 پھل تھے، بچوں نے 16 کھا لیے، ٹوکری میں کتنے پھل بچے؟ (سیٹ 22),5,16,4,6,A,21-16=5 پھل بچے۔,"ٹرک سوالات, آسان"
Q0849,🧩 دلچسپ پہیلیاں,E,وہ کیا ہے جو ہمیشہ آتا ہے مگر کبھی پہنچتا نہیں؟,رات,آج,کل,صبح,C,کل کبھی نہیں آتا,"دلچسپ پہیلیاں, آسان"
Q0850,😈 ٹرک سوالات,E,ایک شخص کے پاس 3 سیب ہیں اس نے 2 اٹھا لیے اس کے پاس کتنے سیب ہیں,2,5,3,1,C,اس کے پاس کل 3 سیب ہیں جن میں سے 2 اٹھائے ہیں۔,"ٹرک سوالات, آسان"
Q0851,📖 اردو محاورے,E,ہاتھ ملانا کا مطلب کیا ہے؟,معاہدہ,دوستی,لڑائی,جھگڑا,A,ہاتھ ملانا اکثر معاہدہ یا اتفاق کی علامت ہوتا ہے۔,"اردو محاورے, آسان"
Q0852,🎭 الفاظ کا جادو,E,"""وفا"" کا متضاد کیا ہے؟",سادہ,بےوفائی,ہمدردی,بدی,B,"""وفا"" کا متضاد ""بےوفائی"" ہے۔","الفاظ کا جادو, آسان"
Q0853,🤯 دماغ کا امتحان,E,اگر آج جمعہ ہے تو 12 دن بعد کون سا دن ہوگا؟,بدھ,جمعرات,جمعہ,منگل,A,جمعہ سے 12 دن آگے شمار کرنے پر دن بدھ بنتا ہے۔,"دماغ کا امتحان, آسان"
Q0854,🧠 99٪ لوگ غلط جواب دیتے ہیں,E,اگر ایک قلم کی قیمت 18 روپے ہے تو 5 قلموں کی قیمت کتنی ہوگی؟,100 روپے,95 روپے,80 روپے,90 روپے,D,18 × 5 = 90 روپے۔,"99٪ لوگ غلط جواب دیتے ہیں, آسان"
Q0855,🎭 الفاظ کا جادو,E,نرم کا متضاد کیا ہے؟,سخت,صاف,باریک,ہلکا,A,نرم کا متضاد سخت ہے۔,"الفاظ کا جادو, آسان"
Q0856,⏳ 5 سیکنڈ چیلنج,E,قرآن مجید کس زبان میں نازل ہوا؟,عربی,عبرانی,فارسی,اردو,A,درست جواب ہے: عربی۔,"5 سیکنڈ چیلنج, آسان"
Q0857,⏳ 5 سیکنڈ چیلنج,E,دنیا کی سب سے بلند عمارت کون سی ہے؟,پیٹرو ناس ٹاور,ایمپائر اسٹیٹ بلڈنگ,ایفل ٹاور,برج خلیفہ,D,برج خلیفہ دنیا کی بلند ترین عمارت ہے۔,"5 سیکنڈ چیلنج, آسان"
Q0858,🤯 دماغ کا امتحان,E,اگر ایک درجن میں 12 چیزیں ہوں تو دو درجن میں کتنی ہوں گی؟,20,22,24,26,C,دو درجن 24 کے برابر ہوتے ہیں۔,"دماغ کا امتحان, آسان"
Q0859,🎭 الفاظ کا جادو,E,"""خوش"" کا متضاد کیا ہے؟",جواب,مردہ,ناراض,تری,C,"""خوش"" کا متضاد ""ناراض"" ہے۔","الفاظ کا جادو, آسان"
Q0860,👑 صرف ذہین لوگوں کے لیے,E,پاکستان کے قومی شاعر کون ہیں,علامہ اقبال,غالب,میر تقی میر,فیض احمد فیض,A,علامہ اقبال کو پاکستان کا قومی شاعر کہا جاتا ہے۔,"صرف ذہین لوگوں کے لیے, آسان"
Q0861,🧩 دلچسپ پہیلیاں,E,وہ کون سی چیز ہے جسے پانی بھی نہیں بجھا سکتا؟,آگ,سگریٹ,چراغ,علم کی پیاس,D,یہ ایک لطیف پہیلی ہے جس کا جواب ہے: علم کی پیاس۔,"دلچسپ پہیلیاں, آسان"
Q0862,🧩 دلچسپ پہیلیاں,E,وہ کیا ہے جو بغیر منہ کے کھاتا ہے؟,وقت,سایہ,گھڑی,آگ,D,درست جواب ہے: آگ۔,"دلچسپ پہیلیاں, آسان"
Q0863,📖 اردو محاورے,E,جھوٹے کا گواہ کوئی نہیں,عدالت,گواہ ڈھونڈنا,جھوٹے کی کوئی نہیں سنتا,سچ,C,جھوٹ بولنے والے کا کوئی ساتھ نہیں دیتا۔,"اردو محاورے, آسان"
Q0864,⏳ 5 سیکنڈ چیلنج,E,انسان کے دل میں کتنے خانے ہوتے ہیں؟,2,3,5,4,D,درست جواب ہے: 4۔,"5 سیکنڈ چیلنج, آسان"
Q0865,🧠 99٪ لوگ غلط جواب دیتے ہیں,E,اگر ایک درجن میں 12 چیزیں ہوتی ہیں تو آدھے درجن میں کتنی ہوں گی؟,4,8,6,5,C,آدھا درجن 6 کے برابر ہوتا ہے۔,"99٪ لوگ غلط جواب دیتے ہیں, آسان"
Q0866,👑 صرف ذہین لوگوں کے لیے,E,بلیک ہول کیا ہوتا ہے؟,سیارہ,ایسا خلائی مقام جہاں کشش ثقل اتنی زیادہ ہو کہ روشنی بھی نہ نکل سکے,روشن ستارہ,دم دار ستارہ,B,درست جواب ہے: ایسا خلائی مقام جہاں کشش ثقل اتنی زیادہ ہو کہ روشنی بھی نہ نکل سکے۔,"صرف ذہین لوگوں کے لیے, آسان"
Q0867,🎭 الفاظ کا جادو,E,عقلمند کا متضاد کیا ہے؟,جاہل,دانا,ہوشیار,سمجھدار,A,عقلمند کا مخالف جاہل ہے,"الفاظ کا جادو, آسان"
Q0868,🧩 دلچسپ پہیلیاں,E,وہ کیا ہے جس کی قیمت اسے کھونے کے بعد پتا چلتی ہے؟,صحت/وقت,سونا,کپڑا,کھلونا,A,یہ ایک لطیف پہیلی ہے جس کا جواب ہے: صحت/وقت۔,"دلچسپ پہیلیاں, آسان"
Q0869,🎭 الفاظ کا جادو,E,"""صحت"" کا متضاد کیا ہے؟",گیلا,ذلت,بیماری,موت,C,"""صحت"" کا متضاد ""بیماری"" ہے۔","الفاظ کا جادو, آسان"
Q0870,🤯 دماغ کا امتحان,E,مثلث کے تینوں زاویے 60 ڈگری ہوں تو کیا کہلاتا ہے؟,مساوی الاضلاع,منفرج,حاد,متکافل,A,درست جواب ہے: مساوی الاضلاع۔,"دماغ کا امتحان, آسان"
Q0871,🤯 دماغ کا امتحان,E,اگر ایک مربع کی ہر ضلع 7 سینٹی میٹر ہو تو اس کا محیط کتنا ہوگا؟,28,21,49,35,A,محیط = 4 × ضلع = 28 سینٹی میٹر۔,"دماغ کا امتحان, آسان"
Q0872,🧩 دلچسپ پہیلیاں,E,وہ کون سی چیز ہے جو بغیر آگ کے جلتی محسوس ہوتی ہے؟,برف,پانی,مرچ کی تیزی,لکڑی,C,یہ ایک لطیف پہیلی ہے جس کا جواب ہے: مرچ کی تیزی۔,"دلچسپ پہیلیاں, آسان"
Q0873,⏳ 5 سیکنڈ چیلنج,E,دریائے سندھ کہاں سے نکلتا ہے,پنجاب,بلوچستان,تبت,ایران,C,درست جواب ہے: تبت۔,"5 سیکنڈ چیلنج, آسان"
Q0874,⏳ 5 سیکنڈ چیلنج,E,تجربہ,A,پتھر,کھلونا,کاغذ,A,درست جواب ہے: A۔,"5 سیکنڈ چیلنج, آسان"
Q0875,👑 صرف ذہین لوگوں کے لیے,E,پاکستان کا قومی کھیل کون سا ہے؟,کبڈی,کرکٹ,ہاکی,فٹبال,C,درست جواب ہے: ہاکی۔,"صرف ذہین لوگوں کے لیے, آسان"
Q0876,👑 صرف ذہین لوگوں کے لیے,E,ہجرت نبویؐ کس سن میں ہوئی؟,610 عیسوی,632 عیسوی,622 عیسوی,570 عیسوی,C,درست جواب ہے: 622 عیسوی۔,"صرف ذہین لوگوں کے لیے, آسان"
Q0877,⏳ 5 سیکنڈ چیلنج,E,دنیا کا سب سے چھوٹا ملک کون سا ہے؟,موناکو,سنگاپور,وٹیکن سٹی,مالدیپ,C,وٹیکن سٹی رقبے کے لحاظ سے سب سے چھوٹا ملک ہے,"5 سیکنڈ چیلنج, آسان"
Q0878,📖 اردو محاورے,E,منہ پھیر لینا کا مطلب کیا ہے؟,بات کرنا,مسکرانا,دوڑنا,نظر انداز کرنا,D,اس کا مطلب توجہ نہ دینا یا تعلق ختم کرنا ہے۔,"اردو محاورے, آسان"
Q0879,⏳ 5 سیکنڈ چیلنج,E,تحریک پاکستان کے رہنما کون تھے؟,سب,سر سید,علامہ اقبال,قائد اعظم,A,درست جواب ہے: سب۔,"5 سیکنڈ چیلنج, آسان"
Q0880,📖 اردو محاورے,E,آسمان سر پر اٹھانا,آسمان دیکھنا,بہت شور مچانا,خوش ہونا,اونچا گھر بنانا,B,اس محاورے سے مراد بہت شور شرابا کرنا ہے۔,"اردو محاورے, آسان"
Q0881,🧠 99٪ لوگ غلط جواب دیتے ہیں,E,اگر ایک مربع کے ہر ضلع کی لمبائی 9 سینٹی میٹر ہو تو اس کا محیط کتنا ہوگا؟,27,36,45,81,B,محیط = 4 × 9 = 36 سینٹی میٹر۔,"99٪ لوگ غلط جواب دیتے ہیں, آسان"
Q0882,⏳ 5 سیکنڈ چیلنج,E,تحریک خلافت کب شروع ہوئی؟,1947,1920,1919,1857,C,درست جواب ہے: 1919۔,"5 سیکنڈ چیلنج, آسان"
Q0883,🧩 دلچسپ پہیلیاں,E,وہ کیا ہے جو باہر سے مضبوط اور اندر سے نازک ہو؟,پتھر,درخت,لوہا,دل والا انسان,D,یہ ایک لطیف پہیلی ہے جس کا جواب ہے: دل والا انسان۔,"دلچسپ پہیلیاں, آسان"
Q0884,👑 صرف ذہین لوگوں کے لیے,E,سلطنت مغلیہ کا بانی کون تھا؟,اکبر,اورنگزیب,شاہجہان,بابر,D,درست جواب ہے: بابر ✓۔,"صرف ذہین لوگوں کے لیے, آسان"
Q0885,🎭 الفاظ کا جادو,E,"""امن"" کا متضاد کیا ہے؟",ناراض,آخری,جنگ,بعید,C,"""امن"" کا متضاد ""جنگ"" ہے۔","الفاظ کا جادو, آسان"
Q0886,🧠 99٪ لوگ غلط جواب دیتے ہیں,E,3، 8، 13، 18 کے بعد اگلا عدد کیا ہوگا؟,23,28,24,22,A,ہر بار 5 کا اضافہ ہو رہا ہے، لہٰذا اگلا عدد 18+5 = 23 ہوگا۔,"99٪ لوگ غلط جواب دیتے ہیں, آسان"
Q0887,🧠 99٪ لوگ غلط جواب دیتے ہیں,E,انسانی جسم میں سرخ خون کے خلیات (RBCs) کی اوسط عمر کتنی ہوتی ہے؟,60 دن,365 دن,120 دن,30 دن,C,درست جواب ہے: 120 دن۔,"99٪ لوگ غلط جواب دیتے ہیں, آسان"
Q0888,🎭 الفاظ کا جادو,E,"""ہوا"" کا مترادف کیا ہے؟",ضیف,نسیم,خامہ,گل,B,"""ہوا"" کا مترادف ""نسیم"" ہے۔","الفاظ کا جادو, آسان"
Q0889,⏳ 5 سیکنڈ چیلنج,E,اردو کا پہلا ناول کون سا ہے؟,فسانہ آزاد,ابن الوقت,توبۃ النصوح,مراۃ العروس,D,درست جواب ہے: مراۃ العروس۔,"5 سیکنڈ چیلنج, آسان"
Q0890,📖 اردو محاورے,E,مونچھوں پر تاؤ دینا,شیو کرنا,تیل لگانا,مونچھیں رکھنا,گھمنڈ کرنا,D,اپنی طاقت یا کامیابی پر غرور کرنا۔,"اردو محاورے, آسان"
Q0891,🤯 دماغ کا امتحان,E,اگر آج ہفتہ ہے تو 17 دن بعد کون سا دن ہوگا؟,بدھ,پیر,منگل,جمعرات,C,ہفتہ سے 17 دن آگے شمار کرنے پر دن منگل بنتا ہے۔,"دماغ کا امتحان, آسان"
Q0892,👑 صرف ذہین لوگوں کے لیے,E,اردو کے پہلے ناول کا نام کیا ہے,آگ کا دریا,امراؤ جان ادا,مرآت العروس,فسانہ آزاد,C,مرآت العروس کو اردو کا پہلا ناول مانا جاتا ہے۔,"صرف ذہین لوگوں کے لیے, آسان"
Q0893,🧩 دلچسپ پہیلیاں,E,وہ کیا ہے جو بولتا نہیں مگر بہت کچھ سمجھا دیتا ہے؟,کرسی,پتھر,دروازہ,اشارے,D,اشارے بغیر الفاظ کے بھی پیغام پہنچا دیتے ہیں۔,"دلچسپ پہیلیاں, آسان"
Q0894,🤯 دماغ کا امتحان,E,3، 6، 9، 12 کے بعد اگلا عدد کیا ہوگا؟,15,14,18,16,A,ہر بار 3 کا اضافہ ہو رہا ہے، لہٰذا اگلا عدد 12+3 = 15 ہوگا۔,"دماغ کا امتحان, آسان"
Q0895,🤯 دماغ کا امتحان,E,1، 7، 13، 19 کے بعد اگلا عدد کیا ہوگا؟,26,25,24,31,B,ہر بار 6 کا اضافہ ہو رہا ہے، لہٰذا اگلا عدد 19+6 = 25 ہوگا۔,"دماغ کا امتحان, آسان"
Q0896,📖 اردو محاورے,E,"""سرخرو ہونا"" کا مطلب کیا ہے؟",شرمندہ ہونا,کامیاب اور باعزت ہونا,ناکام ہونا,بیمار ہونا,B,"""سرخرو ہونا"" کا محاورتی مطلب ہے: کامیاب اور باعزت ہونا۔","اردو محاورے, آسان"
Q0897,🎭 الفاظ کا جادو,E,"""وفا"" کا مترادف کیا ہے؟",مہک,استحکام,اخلاص,اہانت,C,"""وفا"" کا مترادف ""اخلاص"" ہے۔","الفاظ کا جادو, آسان"
Q0898,🧩 دلچسپ پہیلیاں,E,وہ کون سی چیز ہے جو مرنے کے بعد بھی زندہ رہتی ہے؟,سانس,آواز,جسم,اچھے کام کی یاد,D,یہ ایک لطیف پہیلی ہے جس کا جواب ہے: اچھے کام کی یاد۔,"دلچسپ پہیلیاں, آسان"
Q0899,⏳ 5 سیکنڈ چیلنج,E,کمپیوٹر کا دماغ کسے کہا جاتا ہے؟,CPU,ماؤس,کی بورڈ,مانیٹر,A,درست جواب ہے: CPU۔,"5 سیکنڈ چیلنج, آسان"
Q0900,🎭 الفاظ کا جادو,E,"""خود مختار"" کا متضاد؟",تنہا,تابع / ماتحت,آزاد,غلام,B,درست جواب ہے: تابع / ماتحت۔,"الفاظ کا جادو, آسان"
Q0901,🎭 الفاظ کا جادو,E,آب کا ایک معنی کیا ہے؟,خاک,نور,پانی,رنگ,C,درست جواب ہے: پانی۔,"الفاظ کا جادو, آسان"
Q0902,👑 صرف ذہین لوگوں کے لیے,E,پاکستان کا پہلا وزیر اعظم کون تھا,لیاقت علی خان,ایوب خان,قائد اعظم,ذوالفقار بھٹو,A,لیاقت علی خان پاکستان کے پہلے وزیر اعظم تھے۔,"صرف ذہین لوگوں کے لیے, آسان"
Q0903,👑 صرف ذہین لوگوں کے لیے,E,مسجد نبویؐ کس شہر میں واقع ہے؟,مکہ مکرمہ,مدینہ منورہ,بغداد,یروشلم,B,درست جواب ہے: مدینہ منورہ۔,"صرف ذہین لوگوں کے لیے, آسان"
Q0904,⏳ 5 سیکنڈ چیلنج,E,پاکستان کا قومی پرندہ کون سا ہے؟,چکور,طوطا,چیل,کوا,A,چکور پاکستان کا قومی پرندہ ہے,"5 سیکنڈ چیلنج, آسان"
Q0905,🧠 99٪ لوگ غلط جواب دیتے ہیں,E,اگر آج ہفتہ ہے تو 16 دن بعد کون سا دن ہوگا؟,منگل,بدھ,اتوار,پیر,D,ہفتہ سے 16 دن آگے شمار کرنے پر دن پیر بنتا ہے۔,"99٪ لوگ غلط جواب دیتے ہیں, آسان"
Q0906,🧠 99٪ لوگ غلط جواب دیتے ہیں,E,ایک شخص کے 5 بیٹے ہیں۔ ہر بیٹے کی ایک ہی بہن ہے۔ خاندان میں کل کتنے بچے ہیں؟,5,10,6,11,C,درست جواب ہے: 6۔,"99٪ لوگ غلط جواب دیتے ہیں, آسان"
Q0907,🧠 99٪ لوگ غلط جواب دیتے ہیں,E,اگر آج پیر ہے تو 10 دن بعد کون سا دن ہوگا؟,بدھ,جمعہ,ہفتہ,جمعرات,D,پیر سے 10 دن آگے شمار کرنے پر دن جمعرات بنتا ہے۔,"99٪ لوگ غلط جواب دیتے ہیں, آسان"
Q0908,😈 ٹرک سوالات,E,کون سا سوال ہمیشہ ہاں میں جواب دیتا ہے,کیا تم بیمار ہو,کیا تم زندہ ہو,نام کیا ہے,کیا تم سو رہے ہو,B,زندہ شخص کا جواب ہاں ہوگا۔,"ٹرک سوالات, آسان"
Q0909,👑 صرف ذہین لوگوں کے لیے,E,شاہ فیصل مسجد کس شہر میں ہے؟,اسلام آباد,کراچی,لاہور,پشاور,A,یہ پاکستان کی معروف مساجد میں سے ایک ہے۔,"صرف ذہین لوگوں کے لیے, آسان"
Q0910,⏳ 5 سیکنڈ چیلنج,E,پاکستان کی سب سے لمبی نہر کون سی ہے؟,نارا کینال,روہڑی کینال,رچنا دوآب,لوئر باری دوآب,A,نارا کینال سندھ کی اہم اور طویل نہروں میں شمار ہوتی ہے۔,"5 سیکنڈ چیلنج, آسان"
Q0911,🤯 دماغ کا امتحان,E,اگر ایک درجن میں 12 چیزیں ہوں تو 5 درجن میں کتنی چیزیں ہوں گی؟,72,120,50,60,D,درست جواب ہے: 60۔,"دماغ کا امتحان, آسان"
Q0912,🎭 الفاظ کا جادو,E,"""کھلا"" کا متضاد کیا ہے؟",شاگرد,باہر,سردی,تنگ,D,"""کھلا"" کا متضاد ""تنگ"" ہے۔","الفاظ کا جادو, آسان"
Q0913,🧩 دلچسپ پہیلیاں,E,وہ کون سی چیز ہے جو ٹھنڈ میں بھی پگھل سکتی ہے؟,نمک,موم,برف,دل,D,محبت میں دل پگھلنے کا محاورہ مشہور ہے۔,"دلچسپ پہیلیاں, آسان"
Q0914,🤯 دماغ کا امتحان,E,روشنی کی رفتار کتنی ہے؟,300 کلومیٹر فی سیکنڈ,3 کلومیٹر فی سیکنڈ,3 لاکھ کلومیٹر فی سیکنڈ,30 لاکھ,C,درست جواب ہے: 3 لاکھ کلومیٹر فی سیکنڈ۔,"دماغ کا امتحان, آسان"
Q0915,👑 صرف ذہین لوگوں کے لیے,E,دریائے سندھ کی کل لمبائی کتنی ہے,2500 کلومیٹر,3500 کلومیٹر,2900 کلومیٹر,3200 کلومیٹر,D,دریائے سندھ کی کل لمبائی تقریباً 3200 کلومیٹر ہے۔,"صرف ذہین لوگوں کے لیے, آسان"
Q0916,📖 اردو محاورے,E,زبان سے نکلنا کا مطلب کیا ہے؟,بولنا,غلطی سے بات نکل جانا,زبان کاٹنا,خاموش رہنا,B,بے اختیار کوئی بات کہہ دینا,"اردو محاورے, آسان"
Q0917,🤯 دماغ کا امتحان,E,اگر آج ہفتہ ہے تو 6 دن بعد کون سا دن ہوگا؟,اتوار,ہفتہ,جمعہ,جمعرات,C,ہفتہ سے 6 دن آگے شمار کرنے پر دن جمعہ بنتا ہے۔,"دماغ کا امتحان, آسان"
Q0918,👑 صرف ذہین لوگوں کے لیے,E,ارتقا کا نظریہ کس نے پیش کیا؟,آئن سٹائن,نیوٹن,چارلس ڈارون,مینڈل,C,درست جواب ہے: چارلس ڈارون۔,"صرف ذہین لوگوں کے لیے, آسان"
Q0919,🧩 دلچسپ پہیلیاں,E,وہ کیا ہے جو خاموش رہ کر بھی سب سے زیادہ سکھاتا ہے؟,استاد,کتاب,قدرت/تجربہ,تقریر,C,یہ ایک لطیف پہیلی ہے جس کا جواب ہے: قدرت/تجربہ۔,"دلچسپ پہیلیاں, آسان"
Q0920,🧠 99٪ لوگ غلط جواب دیتے ہیں,E,اگر 9×9=81 تو 11×11=?,121,131,141,111,A,11×11=121۔,"99٪ لوگ غلط جواب دیتے ہیں, آسان"
Q0921,🧠 99٪ لوگ غلط جواب دیتے ہیں,E,اگر ایک درجن آموں کی قیمت 240 روپے ہے تو 6 آموں کی قیمت کتنی ہوگی؟,140 روپے,120 روپے,100 روپے,160 روپے,B,آدھا درجن = آدھی قیمت = 120 روپے۔,"99٪ لوگ غلط جواب دیتے ہیں, آسان"
Q0922,🧩 دلچسپ پہیلیاں,E,وہ کیا ہے جو جتنا بھر جائے اتنا ہی ہلکا لگتا ہے؟,بالٹی,پتھر,غبارہ,کتاب,C,ہوا بھرنے سے غبارہ ہلکا محسوس ہوتا ہے۔,"دلچسپ پہیلیاں, آسان"
Q0923,🧠 99٪ لوگ غلط جواب دیتے ہیں,E,اگر آج بدھ ہے تو 11 دن بعد کون سا دن ہوگا؟,پیر,اتوار,منگل,ہفتہ,B,بدھ سے 11 دن آگے شمار کرنے پر دن اتوار بنتا ہے۔,"99٪ لوگ غلط جواب دیتے ہیں, آسان"
Q0924,🎭 الفاظ کا جادو,E,"""گھر"" کا مترادف کیا ہے؟",روزی,مکان,راہ,آب,B,"""گھر"" کا مترادف ""مکان"" ہے۔","الفاظ کا جادو, آسان"
Q0925,📖 اردو محاورے,E,آگ بگولا ہونا کا مطلب کیا ہے؟,بہت غصہ ہونا,سو جانا,ہنسنا,خوش ہونا,A,بہت زیادہ غصے میں آنے کو آگ بگولا ہونا کہتے ہیں۔,"اردو محاورے, آسان"
Q0926,👑 صرف ذہین لوگوں کے لیے,E,جناح کیپ کس رنگ کی ہوتی ہے؟,کالی,سبز,سفید,بھوری,A,درست جواب ہے: کالی۔,"صرف ذہین لوگوں کے لیے, آسان"
Q0927,📖 اردو محاورے,E,"""کان پکڑنا"" کا مطلب کیا ہے؟",معافی مانگنا یا آئندہ نہ کرنے کا عہد کرنا,سننے سے انکار,غصہ کرنا,کان صاف کرنا,A,"""کان پکڑنا"" کا محاورتی مطلب ہے: معافی مانگنا یا آئندہ نہ کرنے کا عہد کرنا۔","اردو محاورے, آسان"
Q0928,😈 ٹرک سوالات,E,ایک ٹوکری میں 15 پھل تھے، بچوں نے 5 کھا لیے، ٹوکری میں کتنے پھل بچے؟ (سیٹ 19),11,10,5,9,B,15-5=10 پھل بچے۔,"ٹرک سوالات, آسان"
Q0929,🧩 دلچسپ پہیلیاں,E,وہ کیا ہے جو خود کبھی نہیں چلتی مگر سب کو چلاتی ہے؟,گاڑی,ہوا,سڑک,گھڑی,D,گھڑی خود نہیں چلتی مگر وقت کے مطابق سب کو چلاتی ہے۔,"دلچسپ پہیلیاں, آسان"
Q0930,🤯 دماغ کا امتحان,E,ایک ہفتے میں کتنے دن ہوتے ہیں؟,5,6,8,7,D,درست جواب ہے: C)7 ✓۔,"دماغ کا امتحان, آسان"
Q0931,😈 ٹرک سوالات,E,دو باپ اور دو بیٹے نے تین مچھلیاں پکڑیں۔ صرف تین ہی کیوں؟,ایک نے کوئی نہیں پکڑی,ایک بھاگ گئی,ایک نے دو پکڑیں,دادا، باپ، پوتا تھے,D,درست جواب ہے: دادا، باپ، پوتا تھے۔,"ٹرک سوالات, آسان"
Q0932,🧩 دلچسپ پہیلیاں,E,وہ کیا ہے جو ٹوٹ جائے تو آواز نہیں کرتا؟,پتھر,گھنٹی,وعدہ,شیشہ,C,وعدہ ٹوٹنے پر آواز نہیں ہوتی مگر اس کی اہمیت بہت ہوتی ہے۔,"دلچسپ پہیلیاں, آسان"
Q0933,📖 اردو محاورے,E,آگ بھڑک اٹھنا کا مطلب کیا ہے؟,شدید غصے میں آنا,تیز چلنا,آگ جلانا,خوش ہونا,A,بہت زیادہ غصہ آنے کے لیے استعمال ہوتا ہے,"اردو محاورے, آسان"
Q0934,🤯 دماغ کا امتحان,E,15، 19، 23، 27 کے بعد اگلا عدد کیا ہوگا؟,35,30,32,31,D,ہر بار 4 کا اضافہ ہو رہا ہے، لہٰذا اگلا عدد 27+4 = 31 ہوگا۔,"دماغ کا امتحان, آسان"
Q0935,😈 ٹرک سوالات,E,ایک آدمی بارش میں بھیگ رہا تھا مگر اس کے بال گیلے نہیں ہوئے، کیوں؟,گاڑی میں تھا,وہ گنجا تھا,بارش رک گئی,چھتری تھی,B,وہ گنجا تھا اس لیے بال ہی نہیں تھے۔,"ٹرک سوالات, آسان"
Q0936,🎭 الفاظ کا جادو,E,مشکل کا متضاد کیا ہے,آسان,بھاری,سخت,دشوار,A,مشکل کا متضاد آسان ہے۔,"الفاظ کا جادو, آسان"
Q0937,🎭 الفاظ کا جادو,E,"""ظلم"" کا مترادف کیا ہے؟",جدید,سہل,حریت,جبر,D,"""ظلم"" کا مترادف ""جبر"" ہے۔","الفاظ کا جادو, آسان"
Q0938,📖 اردو محاورے,E,ایک ہاتھ سے تالی نہیں بجتی,تنہا کام نہیں ہوتا,ایک ہاتھ,خاموشی,تالی بجانا,A,کسی بھی جھگڑے یا کام میں دونوں فریق کا ہاتھ ہوتا ہے۔,"اردو محاورے, آسان"
Q0939,😈 ٹرک سوالات,E,ایک مہینے میں 30 دن ہیں۔ آدھے مہینے میں کتنے دن ہوں گے,30,15,20,10,B,30 دن کے مہینے کا آدھا حصہ 15 دن ہوتا ہے۔,"ٹرک سوالات, آسان"
Q0940,📖 اردو محاورے,E,کان پر جوں نہ رینگنا,غصہ کرنا,کان صاف کرنا,چپ رہنا,دھیان نہ دینا,D,کسی بات کی بالکل پروا نہ کرنا۔,"اردو محاورے, آسان"
Q0941,📖 اردو محاورے,E,ہاتھ پیر پھول جانا کا مطلب؟,گھبرا جانا,دوڑنا,بیمار ہونا,خوش ہونا,A,اچانک خوف یا پریشانی میں گھبرا جانا۔,"اردو محاورے, آسان"
Q0942,🎭 الفاظ کا جادو,E,موت کا متضاد کیا ہے,پیدائش,زندگی,سب,حیات,C,زندگی، حیات اور پیدائش سب موت کے مقابل مفہوم رکھتے ہیں۔,"الفاظ کا جادو, آسان"
Q0943,👑 صرف ذہین لوگوں کے لیے,E,منٹو کس صنف ادب کے لیے مشہور ہیں؟,سفرنامہ,افسانہ نگاری,ناول نگاری,شاعری,B,درست جواب ہے: افسانہ نگاری۔,"صرف ذہین لوگوں کے لیے, آسان"
Q0944,👑 صرف ذہین لوگوں کے لیے,E,مستطیل کا محیط فارمولا کیا ہے؟,چوڑائی²,لمبائی²,لمبائی × چوڑائی,2(لمبائی + چوڑائی),D,درست جواب ہے: 2(لمبائی + چوڑائی)۔,"صرف ذہین لوگوں کے لیے, آسان"
Q0945,🤯 دماغ کا امتحان,E,وہ کون سی چیز ہے جو بغیر پاؤں کے دوڑتی ہے؟,ہوا,دھواں,بادل,وقت,D,وقت ہمیشہ آگے بڑھتا رہتا ہے۔,"دماغ کا امتحان, آسان"
Q0946,🧩 دلچسپ پہیلیاں,E,وہ کیا ہے جسے جتنا کھینچو اتنا ہی چھوٹا ہوتا جاتا ہے؟,رسی,ربڑ,سگریٹ,کپڑا,C,سگریٹ پیتے ہوئے چھوٹا ہوتا جاتا ہے۔,"دلچسپ پہیلیاں, آسان"
Q0947,⏳ 5 سیکنڈ چیلنج,E,مینار پاکستان کس شہر میں واقع ہے؟,ملتان,کراچی,لاہور,اسلام آباد,C,درست جواب ہے: لاہور ✓۔,"5 سیکنڈ چیلنج, آسان"
Q0948,🧩 دلچسپ پہیلیاں,E,وہ کیا ہے جو خود بغیر پاؤں کے دوسروں کو دوڑاتا ہے؟,گھوڑا,خوف/خبر,ہوا,گاڑی,B,یہ ایک لطیف پہیلی ہے جس کا جواب ہے: خوف/خبر۔,"دلچسپ پہیلیاں, آسان"
Q0949,😈 ٹرک سوالات,E,اگر آج پیر ہے تو 9 دن بعد کون سا دن ہوگا؟,جمعہ,منگل,بدھ,جمعرات,C,پیر سے 9 دن آگے شمار کرنے پر دن بدھ بنتا ہے۔,"ٹرک سوالات, آسان"
Q0950,🤯 دماغ کا امتحان,E,وہ کون سا نمبر ہے جو 1 سے لے کر 10 تک سب پر تقسیم ہو سکتا ہے,500,1000,100,2520,D,2520 سب سے چھوٹا عدد ہے جو 1 سے 10 تک تمام اعداد پر تقسیم ہوتا ہے۔,"دماغ کا امتحان, آسان"
Q0951,👑 صرف ذہین لوگوں کے لیے,E,"اردو لفظ ""فکر"" کا متضاد کیا ہے؟",ڈر,غم,بے فکری,خوشی,C,درست جواب ہے: بے فکری ________________۔,"صرف ذہین لوگوں کے لیے, آسان"
Q0952,📖 اردو محاورے,E,"""ہوا ہو جانا"" کا مطلب کیا ہے؟",بیمار ہونا,ظاہر ہونا,اچانک غائب ہو جانا,تیز چلنا,C,"""ہوا ہو جانا"" کا محاورتی مطلب ہے: اچانک غائب ہو جانا۔","اردو محاورے, آسان"
Q0953,🧩 دلچسپ پہیلیاں,E,وہ کیا ہے جو رات کو سب سو جائیں تب بھی جاگتا رہتا ہے؟,بادل,درخت,سورج,چوکیدار/چاند,D,یہ ایک لطیف پہیلی ہے جس کا جواب ہے: چوکیدار/چاند۔,"دلچسپ پہیلیاں, آسان"
Q0954,🧠 99٪ لوگ غلط جواب دیتے ہیں,E,15، 23، 31، 39 کے بعد اگلا عدد کیا ہوگا؟,46,48,55,47,D,ہر بار 8 کا اضافہ ہو رہا ہے، لہٰذا اگلا عدد 39+8 = 47 ہوگا۔,"99٪ لوگ غلط جواب دیتے ہیں, آسان"
Q0955,🧠 99٪ لوگ غلط جواب دیتے ہیں,E,اگر آج پیر ہے تو 6 دن بعد کون سا دن ہوگا؟,منگل,اتوار,ہفتہ,پیر,B,پیر سے 6 دن آگے شمار کرنے پر دن اتوار بنتا ہے۔,"99٪ لوگ غلط جواب دیتے ہیں, آسان"
Q0956,🧠 99٪ لوگ غلط جواب دیتے ہیں,E,ایک آدمی نے 3 دن میں 3 کنویں کھودے۔ 6 کنویں کتنے دن میں کھودے گا؟,6 دن,12 دن,9 دن,3 دن,A,درست جواب ہے: 6 دن۔,"99٪ لوگ غلط جواب دیتے ہیں, آسان"
Q0957,📖 اردو محاورے,E,منہ کی کھانا کا مطلب کیا ہے؟,مہمانی کرنا,شکست کھانا,خاموش رہنا,کھانا کھانا,B,ناکامی یا شکست کا سامنا کرنا۔,"اردو محاورے, آسان"
Q0958,🧠 99٪ لوگ غلط جواب دیتے ہیں,E,اگر آج اتوار ہے تو 5 دن بعد کون سا دن ہوگا؟,جمعرات,اتوار,جمعہ,ہفتہ,C,اتوار سے 5 دن آگے شمار کرنے پر دن جمعہ بنتا ہے۔,"99٪ لوگ غلط جواب دیتے ہیں, آسان"
Q0959,📖 اردو محاورے,E,دل ہارنا کا مطلب کیا ہے؟,پیار میں گرفتار ہونا,ہار مان لینا,ہنسنا,غصہ کرنا,A,عام محاوراتی استعمال میں دل ہارنا کسی پر فریفتہ ہونے کے معنی میں آتا ہے۔,"اردو محاورے, آسان"
Q0960,😈 ٹرک سوالات,E,ایک آدمی کے پاس 10 آم تھے اس نے 3 کھا لیے کتنے باقی ہیں,5,7,10,3,B,درست جواب ہے: 7۔,"ٹرک سوالات, آسان"
Q0961,🎭 الفاظ کا جادو,E,"""مالک"" کا متضاد کیا ہے؟",نوکر,تنگ,میزبان,شام,A,"""مالک"" کا متضاد ""نوکر"" ہے۔","الفاظ کا جادو, آسان"
Q0962,⏳ 5 سیکنڈ چیلنج,E,دنیا کی سب سے لمبی دیوار کون سی ہے؟,برلن وال,حدِ فاصل دیوار,ہیڈرین وال,چین کی عظیم دیوار,D,چین کی عظیم دیوار دنیا کی سب سے مشہور اور طویل تاریخی دیوار ہے۔,"5 سیکنڈ چیلنج, آسان"
Q0963,📖 اردو محاورے,E,دل میں اترنا کا مطلب کیا ہے؟,بھول جانا,غصہ آنا,پسند آنا,نفرت ہونا,C,کسی کو بہت اچھا لگنا دل میں اترنا کہلاتا ہے۔,"اردو محاورے, آسان"
Q0964,🧠 99٪ لوگ غلط جواب دیتے ہیں,E,اگر 5 قلموں کی قیمت 25 روپے ہے تو 15 قلموں کی قیمت کیا ہوگی,50,100,125,75,D,ایک قلم 5 روپے کا ہے، 15 × 5 = 75 روپے۔,"99٪ لوگ غلط جواب دیتے ہیں, آسان"
Q0965,⏳ 5 سیکنڈ چیلنج,E,ChatGPT کس کمپنی نے تیار کیا؟,گوگل,OpenAI,میٹا,مائیکروسافٹ,B,درست جواب ہے: OpenAI۔,"5 سیکنڈ چیلنج, آسان"
Q0966,🧩 دلچسپ پہیلیاں,E,وہ کون سی چیز ہے جو ٹوٹنے کے بعد ہی استعمال ہوتی ہے؟,پتھر,شیشہ,لکڑی,انڈا,D,درست جواب ہے: انڈا۔,"دلچسپ پہیلیاں, آسان"
Q0967,👑 صرف ذہین لوگوں کے لیے,E,"اردو لفظ ""توبہ"" کا متضاد کیا ہے؟",دعا,گناہ,عبادت,معافی,B,درست جواب ہے: گناہ۔,"صرف ذہین لوگوں کے لیے, آسان"
Q0968,🧠 99٪ لوگ غلط جواب دیتے ہیں,E,ایک کمرے میں 3 سیب تھے۔ آپ نے 2 سیب اٹھا لیے۔ اب آپ کے پاس کتنے سیب ہیں؟,1,3,2,0,C,آپ نے دو سیب اٹھائے، اس لیے آپ کے پاس دو سیب ہیں۔,"99٪ لوگ غلط جواب دیتے ہیں, آسان"
Q0969,🎭 الفاظ کا جادو,E,"""علم"" کا متضاد کیا ہے؟",ناپاک,جہالت,تاریک,جدید,B,"""علم"" کا متضاد ""جہالت"" ہے۔","الفاظ کا جادو, آسان"
Q0970,🧠 99٪ لوگ غلط جواب دیتے ہیں,E,12 کا آدھا اور پھر 2 جمع کریں تو جواب کیا ہوگا,9,8,7,6,B,12 کا آدھا 6، پھر 2 جمع کریں تو 8۔,"99٪ لوگ غلط جواب دیتے ہیں, آسان"
Q0971,😈 ٹرک سوالات,E,چوکور میز کا ایک کونا کاٹ دیں تو کتنے کونے رہیں گے,3,4,5,6,C,دو نئے کونے بن جاتے ہیں۔,"ٹرک سوالات, آسان"
Q0972,😈 ٹرک سوالات,E,ایک شخص کے 6 بیٹے اور ہر بیٹے کی ایک بہن ہے، کل اولاد کتنی ہے؟,6,8,7,12,C,درست جواب ہے: 7۔,"ٹرک سوالات, آسان"
Q0973,🎭 الفاظ کا جادو,E,اندر کا متضاد کیا ہے,اوپر,نیچے,سامنے,باہر,D,اندر کا متضاد باہر ہے۔,"الفاظ کا جادو, آسان"
Q0974,🎭 الفاظ کا جادو,E,"""گرم"" کا متضاد کیا ہے؟",کڑوا,بیماری,بےچینی,سرد,D,"""گرم"" کا متضاد ""سرد"" ہے۔","الفاظ کا جادو, آسان"
Q0975,📖 اردو محاورے,E,آنکھوں کا نور کا مطلب کیا ہے؟,کمزور شخص,اجنبی,بہت عزیز شخص,دشمن,C,یہ محاورہ بہت پیارے شخص کے لیے استعمال ہوتا ہے۔,"اردو محاورے, آسان"
Q0976,😈 ٹرک سوالات,E,وہ کون سا نمبر ہے جو 3 سے تقسیم ہو اور 4 سے بھی,6,9,8,12,D,12 دونوں 3 اور 4 پر تقسیم ہو جاتا ہے۔,"ٹرک سوالات, آسان"
Q0977,😈 ٹرک سوالات,E,ایک کمرے میں 5 بتیاں ہیں 2 بجھا دیں تو کتنی جل رہی ہیں؟,5,3,2,0,B,5-2=3,"ٹرک سوالات, آسان"
Q0978,👑 صرف ذہین لوگوں کے لیے,E,پاکستان کا قومی لباس کیا ہے,دھوتی,سوٹ,شلوار قمیض,ساڑھی,C,درست جواب ہے: شلوار قمیض۔,"صرف ذہین لوگوں کے لیے, آسان"
Q0979,⏳ 5 سیکنڈ چیلنج,E,پاکستان کا سب سے بڑا شہر کون سا ہے؟,پشاور,لاہور,کوئٹہ,کراچی,D,درست جواب ہے: کراچی۔,"5 سیکنڈ چیلنج, آسان"
Q0980,🎭 الفاظ کا جادو,E,"""سخت"" کا متضاد کیا ہے؟",دور,ہمت,نرم,دشمن,C,"""سخت"" کا متضاد ""نرم"" ہے۔","الفاظ کا جادو, آسان"
Q0981,🎭 الفاظ کا جادو,E,"""عزم"" کا متضاد کیا ہے؟",ناپاک,بےعزمی,حرام,جہالت,B,"""عزم"" کا متضاد ""بےعزمی"" ہے۔","الفاظ کا جادو, آسان"
Q0982,🎭 الفاظ کا جادو,E,طاقت کا متضاد کیا ہے,بس,قوت,کمزوری,زور,C,طاقت کا متضاد کمزوری ہے۔,"الفاظ کا جادو, آسان"
Q0983,🧩 دلچسپ پہیلیاں,E,وہ کون سی چیز ہے جو خود ٹوٹتی ہے مگر آواز نہیں کرتی,رسی,خاموشی,پتھر,شیشہ,B,خاموشی ٹوٹتی ہے مگر اس کی آواز نہیں ہوتی۔,"دلچسپ پہیلیاں, آسان"
Q0984,😈 ٹرک سوالات,E,اگر آج منگل ہے تو 2 دن بعد کون سا دن ہوگا؟,ہفتہ,جمعہ,بدھ,جمعرات,D,منگل سے 2 دن آگے شمار کرنے پر دن جمعرات بنتا ہے۔,"ٹرک سوالات, آسان"
Q0985,🧩 دلچسپ پہیلیاں,E,وہ کیا ہے جو کمرے میں ہونے کے باوجود جگہ نہیں گھیرتی,سب,سایہ,روشنی,بو,A,روشنی، سایہ اور بو جگہ نہیں گھیرتے۔,"دلچسپ پہیلیاں, آسان"
Q0986,📖 اردو محاورے,E,"""پاپڑ بیلنا"" کا مطلب کیا ہے؟",بہت مشکل کام کرنا,سیر کرنا,کھانا پکانا,آسان کام کرنا,A,"""پاپڑ بیلنا"" کا محاورتی مطلب ہے: بہت مشکل کام کرنا۔","اردو محاورے, آسان"
Q0987,🧠 99٪ لوگ غلط جواب دیتے ہیں,E,وہ کون سی چیز ہے جو جتنی زیادہ بانٹی جائے اتنی ہی بڑھتی ہے؟,پیسہ,محبت,وقت,روٹی,B,محبت بانٹنے سے کم نہیں بلکہ مزید بڑھتی ہے۔,"99٪ لوگ غلط جواب دیتے ہیں, آسان"
Q0988,😈 ٹرک سوالات,E,ایک ٹوکری میں 10 پھل تھے، بچوں نے 4 کھا لیے، ٹوکری میں کتنے پھل بچے؟ (سیٹ 5),5,7,6,4,C,10-4=6 پھل بچے۔,"ٹرک سوالات, آسان"
Q0989,😈 ٹرک سوالات,E,ایک ٹوکری میں 17 پھل تھے، بچوں نے 2 کھا لیے، ٹوکری میں کتنے پھل بچے؟ (سیٹ 20),15,14,2,16,A,17-2=15 پھل بچے۔,"ٹرک سوالات, آسان"
Q0990,👑 صرف ذہین لوگوں کے لیے,E,دل کی آواز سے کیا مراد ہے؟,اندرونی احساس,چیخ,موسیقی,آواز,A,درست جواب ہے: اندرونی احساس۔,"صرف ذہین لوگوں کے لیے, آسان"
Q0991,🧠 99٪ لوگ غلط جواب دیتے ہیں,E,25 کا آدھا اور پھر 5 جمع کریں تو کتنا بنتا ہے,17.5,25,20,15.5,A,25 کا آدھا 12.5، اس میں 5 جمع کریں تو 17.5۔,"99٪ لوگ غلط جواب دیتے ہیں, آسان"
Q0992,🧩 دلچسپ پہیلیاں,E,وہ کیا ہے جو بولتی نہیں مگر بہت کچھ کہہ جاتی ہے؟,آنکھیں,قلم,دیوار,کتاب,A,درست جواب ہے: آنکھیں۔,"دلچسپ پہیلیاں, آسان"
Q0993,⏳ 5 سیکنڈ چیلنج,E,زندگی کا سبق سے کیا مراد ہے؟,کتاب,تجربات,سکول,امتحان,B,درست جواب ہے: تجربات۔,"5 سیکنڈ چیلنج, آسان"
Q0994,👑 صرف ذہین لوگوں کے لیے,E,پینسلین کس نے دریافت کی؟,لوئی پاسچر,ڈارون,الیگزینڈر فلیمنگ,نیوٹن,C,درست جواب ہے: الیگزینڈر فلیمنگ۔,"صرف ذہین لوگوں کے لیے, آسان"
Q0995,👑 صرف ذہین لوگوں کے لیے,E,دوسری جنگ عظیم کب ختم ہوئی؟,1945,1950,1918,1939,A,درست جواب ہے: 1945۔,"صرف ذہین لوگوں کے لیے, آسان"
Q0996,🤯 دماغ کا امتحان,E,اگر ایک درجن کیلے 240 روپے کے ہیں تو 3 کیلوں کی قیمت کتنی ہوگی؟,60 روپے,50 روپے,70 روپے,80 روپے,A,12 کیلوں کی قیمت 240 روپے ہے، ایک کیلا 20 روپے کا، لہٰذا 3 کیلے 60 روپے کے ہوں گے۔,"دماغ کا امتحان, آسان"
Q0997,⏳ 5 سیکنڈ چیلنج,E,چاند زمین کے کتنے قریب ہے (تقریباً فاصلہ)؟,1 لاکھ کلومیٹر,10 لاکھ کلومیٹر,5 لاکھ کلومیٹر,3 لاکھ 84 ہزار کلومیٹر,D,درست جواب ہے۔,"5 سیکنڈ چیلنج, آسان"
Q0998,🧩 دلچسپ پہیلیاں,E,وہ کون سی چیز ہے جسے توڑنے پر ہی استعمال کیا جاتا ہے؟,گلاس,پتھر,آئینہ,انڈا,D,درست جواب ہے: B)انڈا ✓۔,"دلچسپ پہیلیاں, آسان"
Q0999,🧩 دلچسپ پہیلیاں,E,وہ کون سی چیز ہے جس کے پر ہیں مگر وہ اڑ نہیں سکتی؟,کبوتر,مرغی,چمگادڑ,شتر مرغ,D,شتر مرغ کے پر ہوتے ہیں مگر وہ اڑ نہیں سکتا۔,"دلچسپ پہیلیاں, آسان"
Q1000,😈 ٹرک سوالات,E,اگر ایک قلم 25 روپے کا ہے تو 4 قلموں کی قیمت کتنی ہوگی؟,100,75,90,125,A,25 × 4 = 100 روپے۔,"ٹرک سوالات, آسان"
Q1001,🧩 دلچسپ پہیلیاں,E,وہ کیا ہے جس کے دانت ہیں مگر کاٹ نہیں سکتا,دروازہ,کنگھی,چاقو,آری,B,کنگھی کے دانت ہوتے ہیں مگر وہ کاٹ نہیں سکتی۔,"دلچسپ پہیلیاں, آسان"
Q1002,👑 صرف ذہین لوگوں کے لیے,M,علامہ اقبال کو کس لقب سے یاد کیا جاتا ہے,قائد اعظم,بابائے قوم,شاعر مشرق,خدائے سخن,C,علامہ اقبال کو شاعر مشرق کہا جاتا ہے۔,"صرف ذہین لوگوں کے لیے, درمیانہ"
Q1003,🤯 دماغ کا امتحان,M,ایک آدمی نے 4 دیواروں پر 4 تصویریں لگائیں۔ ہر تصویر ایک کونے پر ہے۔ کل کتنے کونے استعمال ہوئے؟,12,4,8,16,B,درست جواب ہے: 4۔,"دماغ کا امتحان, درمیانہ"
Q1004,⏳ 5 سیکنڈ چیلنج,M,دنیا کا سب سے بڑا بارشی جنگل کون سا ہے؟,ایمیزون جنگل,کانگو,سنڈر بنز,ٹائیگا,A,ایمیزون دنیا کا سب سے بڑا Rainforest ہے,"5 سیکنڈ چیلنج, درمیانہ"
Q1005,🧩 دلچسپ پہیلیاں,M,وہ کون سی چیز ہے جو بغیر پروں کے دوسروں تک خبر پہنچا دیتی ہے؟,کاغذ,خط,افواہ/موبائل فون,کبوتر,C,یہ ایک لطیف پہیلی ہے جس کا جواب ہے: افواہ/موبائل فون۔,"دلچسپ پہیلیاں, درمیانہ"
Q1006,👑 صرف ذہین لوگوں کے لیے,M,نظام شمسی کا سب سے بڑا سیارہ کون سا ہے؟,زمین,مشتری,زحل,زہرہ,B,درست جواب ہے: مشتری۔,"صرف ذہین لوگوں کے لیے, درمیانہ"
Q1007,🤯 دماغ کا امتحان,M,باپ اور بیٹے کی عمروں کا مجموعہ 52 سال ہے۔ باپ بیٹے سے 3 گنا بڑا ہے۔ بیٹے کی عمر کیا ہے؟,15,11,18,13,D,بیٹا + باپ = 52، باپ = 3×بیٹا، لہٰذا بیٹا = 52/4 = 13 سال۔,"دماغ کا امتحان, درمیانہ"
Q1008,🎭 الفاظ کا جادو,M,"""آنکھ"" کا مترادف کیا ہے؟",چشم,رخ,تحمل,قدیم,A,"""آنکھ"" کا مترادف ""چشم"" ہے۔","الفاظ کا جادو, درمیانہ"
Q1009,🧠 99٪ لوگ غلط جواب دیتے ہیں,M,5، 10، 20، 40 کے بعد اگلا عدد کیا ہوگا؟ (ہر عدد دگنا ہو رہا ہے),78,82,80,45,C,ہر عدد پچھلے سے دگنا ہے، لہٰذا اگلا عدد 40×2 = 80 ہوگا۔,"99٪ لوگ غلط جواب دیتے ہیں, درمیانہ"
Q1010,📖 اردو محاورے,M,"""سینے پر مونگ دلنا"" کا مطلب کیا ہے؟",آرام دینا,مدد کرنا,خوشی دینا,کسی کو تکلیف پہنچانا یا ذہنی اذیت دینا,D,"""سینے پر مونگ دلنا"" کا محاورتی مطلب ہے: کسی کو تکلیف پہنچانا یا ذہنی اذیت دینا۔","اردو محاورے, درمیانہ"
Q1011,🧠 99٪ لوگ غلط جواب دیتے ہیں,M,3، 6، 12، 24 کے بعد اگلا عدد کیا ہوگا؟ (ہر عدد دگنا ہو رہا ہے),27,48,46,50,B,ہر عدد پچھلے سے دگنا ہے، لہٰذا اگلا عدد 24×2 = 48 ہوگا۔,"99٪ لوگ غلط جواب دیتے ہیں, درمیانہ"
Q1012,🎭 الفاظ کا جادو,M,"""سخی"" کا مترادف کیا ہے؟",کنجوس,مہربان,دانشور,کریم,D,"""سخی"" کا مترادف ""کریم"" ہے۔","الفاظ کا جادو, درمیانہ"
Q1013,📖 اردو محاورے,M,"""منہ میں پانی آنا"" کا مطلب کیا ہے؟",بیمار ہونا,پیاس لگنا,نہانا,کسی چیز کی خواہش پیدا ہونا خصوصاً کھانے کی,D,"""منہ میں پانی آنا"" کا محاورتی مطلب ہے: کسی چیز کی خواہش پیدا ہونا خصوصاً کھانے کی۔","اردو محاورے, درمیانہ"
Q1014,🎭 الفاظ کا جادو,M,"""تکبر"" کا متضاد کیا ہے؟",بدی,سادہ,عاجزی,بےوفائی,C,"""تکبر"" کا متضاد ""عاجزی"" ہے۔","الفاظ کا جادو, درمیانہ"
Q1015,😈 ٹرک سوالات,M,ایک ٹوکری میں 23 پھل تھے، بچوں نے 6 کھا لیے، ٹوکری میں کتنے پھل بچے؟,16,17,6,18,B,23-6=17 پھل بچے۔,"ٹرک سوالات, درمیانہ"
Q1016,🤯 دماغ کا امتحان,M,3000 روپے پر 5% سالانہ کے حساب سے 1 سال کا سود کتنا بنے گا؟,250,350,50,150,D,سود = (اصل رقم × شرح × مدت)/100 = (3000×5×1)/100 = 150 روپے۔,"دماغ کا امتحان, درمیانہ"
Q1017,👑 صرف ذہین لوگوں کے لیے,M,پاکستان کی سب سے لمبی سرنگ کون سی ہے؟,کوہاٹ ٹنل,خنجراب ٹنل,سوات ٹنل,لواری ٹنل,D,لواری ٹنل دیر اور چترال کو ملاتی ہے۔,"صرف ذہین لوگوں کے لیے, درمیانہ"
Q1018,🧠 99٪ لوگ غلط جواب دیتے ہیں,M,باپ اور بیٹے کی عمروں کا مجموعہ 95 سال ہے۔ باپ بیٹے سے 4 گنا بڑا ہے۔ بیٹے کی عمر کیا ہے؟,19,17,24,21,A,بیٹا + باپ = 95، باپ = 4×بیٹا، لہٰذا بیٹا = 95/5 = 19 سال۔,"99٪ لوگ غلط جواب دیتے ہیں, درمیانہ"
Q1019,🧩 دلچسپ پہیلیاں,M,وہ کون سی چیز ہے جو دیکھنے میں ایک مگر حقیقت میں لاتعداد ہو؟,آسمان,سمندر,پہاڑ,ریت کے ذرات,D,یہ ایک لطیف پہیلی ہے جس کا جواب ہے: ریت کے ذرات۔,"دلچسپ پہیلیاں, درمیانہ"
Q1020,🎭 الفاظ کا جادو,M,"""خاکسار"" کا مطلب کیا ہے؟",ریگستان,عاجز و منکسر,نظر,نشہ یا کیفیت,B,"""خاکسار"" کا مطلب ہے: عاجز و منکسر۔","الفاظ کا جادو, درمیانہ"
Q1021,🤯 دماغ کا امتحان,M,دو مقداروں کا تناسب 6:4 ہے۔ اگر کل مقدار 40 ہے تو پہلی مقدار کتنی ہوگی؟,24,16,26,22,A,کل حصے = 6+4 = 10۔ پہلی مقدار = (6/10)×40 = 24۔,"دماغ کا امتحان, درمیانہ"
Q1022,🧠 99٪ لوگ غلط جواب دیتے ہیں,M,باپ اور بیٹے کی عمروں کا مجموعہ 70 سال ہے۔ باپ بیٹے سے 4 گنا بڑا ہے۔ بیٹے کی عمر کیا ہے؟,12,14,19,16,B,بیٹا + باپ = 70، باپ = 4×بیٹا، لہٰذا بیٹا = 70/5 = 14 سال۔,"99٪ لوگ غلط جواب دیتے ہیں, درمیانہ"
Q1023,😈 ٹرک سوالات,M,ان میں سے کون سا عدد باقیوں سے مختلف ہے: 8، 16، 12، 24؟,12,8,24,16,A,باقی تمام اعداد جفت (even) ہیں مگر 12 طاق (odd) ہے۔,"ٹرک سوالات, درمیانہ"
Q1024,🎭 الفاظ کا جادو,M,"""پھول"" کا مترادف کیا ہے؟",نسخہ,شمشیر,گل,سلطان,C,"""پھول"" کا مترادف ""گل"" ہے۔","الفاظ کا جادو, درمیانہ"
Q1025,👑 صرف ذہین لوگوں کے لیے,M,پاکستان کے قومی ترانے کے بول کس نے لکھے؟,فیض احمد فیض,علامہ اقبال,احمد ندیم قاسمی,حفیظ جالندھری,D,پاکستان کے قومی ترانے کے بول حفیظ جالندھری نے تحریر کیے۔,"صرف ذہین لوگوں کے لیے, درمیانہ"
Q1026,👑 صرف ذہین لوگوں کے لیے,M,انسانی جسم میں کتنی ہڈیاں ہوتی ہیں؟,206,300,180,150,A,درست جواب ہے: 206۔,"صرف ذہین لوگوں کے لیے, درمیانہ"
Q1027,👑 صرف ذہین لوگوں کے لیے,M,پاکستان کب اقوام متحدہ کا رکن بنا؟,1950,1956,1948,1947,D,درست جواب ہے: 1947۔,"صرف ذہین لوگوں کے لیے, درمیانہ"
Q1028,📖 اردو محاورے,M,ٹیڑھی نظر سے دیکھنا کا مطلب کیا ہے؟,محبت سے دیکھنا,مسکرانا,غور سے پڑھنا,نفرت یا شک سے دیکھنا,D,یہ محاورہ ناراضی یا شک ظاہر کرنے کے لیے استعمال ہوتا ہے۔,"اردو محاورے, درمیانہ"
Q1029,📖 اردو محاورے,M,"""اپنا پیٹ کاٹنا"" کا مطلب کیا ہے؟",بھوکا رہنا,بیمار ہونا,خود کو نقصان دینا,اپنی ضرورت کم کر کے دوسروں کی مدد کرنا,D,درست جواب ہے: اپنی ضرورت کم کر کے دوسروں کی مدد کرنا۔,"اردو محاورے, درمیانہ"
Q1030,⏳ 5 سیکنڈ چیلنج,M,پاکستان میں سب سے زیادہ بارش کس مقام پر ہوتی ہے,لاہور,مری,سیالکوٹ,اسلام آباد,B,مری پاکستان کے زیادہ بارش والے علاقوں میں شمار ہوتا ہے۔,"5 سیکنڈ چیلنج, درمیانہ"
Q1031,🤯 دماغ کا امتحان,M,ایک بندہ 3 دن تک بغیر سورج دیکھے 2000 کلومیٹر سفر کرتا ہے۔ وہ کدھر جا رہا ہے؟,بادلوں کے اوپر,زمین کے اندر,سمندر کے نیچے,شمالی یا جنوبی قطبی دائرہ,D,درست جواب ہے: شمالی یا جنوبی قطبی دائرہ۔,"دماغ کا امتحان, درمیانہ"
Q1032,😈 ٹرک سوالات,M,"ایک باپ اور بیٹا حادثے کا شکار ہوئے۔ ڈاکٹر نے بچے کو دیکھ کر کہا: ""یہ میرا بیٹا ہے۔"" کیسے؟",ڈاکٹر باپ کا دوست تھا,ڈاکٹر جھوٹ بول رہا تھا,"""ڈاکٹر بچے کی ماں تھی""",بچہ گود لیا ہوا تھا,C,"درست جواب ہے: ""ڈاکٹر بچے کی ماں تھی""۔","ٹرک سوالات, درمیانہ"
Q1033,👑 صرف ذہین لوگوں کے لیے,M,ٹیکسلا کی تہذیب کس دور سے تعلق رکھتی ہے؟,عرب دور,مغل دور,برطانوی دور,گندھارا تہذیب,D,درست جواب ہے: گندھارا تہذیب۔,"صرف ذہین لوگوں کے لیے, درمیانہ"
Q1034,🧠 99٪ لوگ غلط جواب دیتے ہیں,M,دو مقداروں کا تناسب 4:6 ہے۔ اگر کل مقدار 50 ہے تو پہلی مقدار کتنی ہوگی؟,22,20,30,18,B,کل حصے = 4+6 = 10۔ پہلی مقدار = (4/10)×50 = 20۔,"99٪ لوگ غلط جواب دیتے ہیں, درمیانہ"
Q1035,🧩 دلچسپ پہیلیاں,M,وہ کون سی چیز ہے جو جتنی زیادہ ہو اتنی کم دکھائی دیتی ہے؟,پانی,روشنی,دھند,ہوا,C,درست جواب ہے: دھند۔,"دلچسپ پہیلیاں, درمیانہ"
Q1036,👑 صرف ذہین لوگوں کے لیے,M,خلافت راشدہ کے پہلے خلیفہ کون تھے؟,حضرت عمرؓ,حضرت عثمانؓ,حضرت ابوبکر صدیقؓ,حضرت علیؓ,C,درست جواب ہے: حضرت ابوبکر صدیقؓ۔,"صرف ذہین لوگوں کے لیے, درمیانہ"
Q1037,🧠 99٪ لوگ غلط جواب دیتے ہیں,M,باپ اور بیٹے کی عمروں کا مجموعہ 60 سال ہے۔ باپ بیٹے سے 4 گنا بڑا ہے۔ بیٹے کی عمر کیا ہے؟,12,14,17,10,A,بیٹا + باپ = 60، باپ = 4×بیٹا، لہٰذا بیٹا = 60/5 = 12 سال۔,"99٪ لوگ غلط جواب دیتے ہیں, درمیانہ"
Q1038,🎭 الفاظ کا جادو,M,"""غریب"" کا مترادف کیا ہے؟",کذب,حق,ظلمت,نادار,D,"""غریب"" کا مترادف ""نادار"" ہے۔","الفاظ کا جادو, درمیانہ"
Q1039,⏳ 5 سیکنڈ چیلنج,M,پاکستان کا سب سے اونچا درہ کون سا ہے؟,لواری,بابوسر,شندور,خنجراب,D,خنجراب پاس دنیا کے بلند ترین پختہ سرحدی راستوں میں شمار ہوتا ہے۔,"5 سیکنڈ چیلنج, درمیانہ"
Q1040,🎭 الفاظ کا جادو,M,"""زمین"" کا مترادف کیا ہے؟",ارض,حریت,فلک,آتش,A,"""زمین"" کا مترادف ""ارض"" ہے۔","الفاظ کا جادو, درمیانہ"
Q1041,🤯 دماغ کا امتحان,M,باپ اور بیٹے کی عمروں کا مجموعہ 64 سال ہے۔ باپ بیٹے سے 3 گنا بڑا ہے۔ بیٹے کی عمر کیا ہے؟,18,16,14,21,B,بیٹا + باپ = 64، باپ = 3×بیٹا، لہٰذا بیٹا = 64/4 = 16 سال۔,"دماغ کا امتحان, درمیانہ"
Q1042,🧠 99٪ لوگ غلط جواب دیتے ہیں,M,اگر 9 مزدور ایک کام 8 دنوں میں مکمل کرتے ہیں تو 2 مزدور وہی کام کتنے دنوں میں مکمل کریں گے؟,37,35,38,36,D,کل کام = 9×8 = 72 مزدور-دن۔ 2 مزدوروں کے لیے وقت = 72/2 = 36 دن۔,"99٪ لوگ غلط جواب دیتے ہیں, درمیانہ"
Q1043,🎭 الفاظ کا جادو,M,چاندنی کا متضاد کیا ہے؟,دن,رات,سورج,اندھیرا,D,درست جواب ہے: اندھیرا۔,"الفاظ کا جادو, درمیانہ"
Q1044,👑 صرف ذہین لوگوں کے لیے,M,تحریک خلافت کس سلسلے میں شروع کی گئی؟,پاکستان کے قیام کے لیے,تعلیم کے فروغ کے لیے,خلافت عثمانیہ کے تحفظ کے لیے,ہندوستان کی آزادی کے لیے,C,درست جواب ہے: خلافت عثمانیہ کے تحفظ کے لیے۔,"صرف ذہین لوگوں کے لیے, درمیانہ"
Q1045,📖 اردو محاورے,M,"""ناک بھوں چڑھانا"" کا مطلب کیا ہے؟",ناپسندیدگی یا نفرت کا اظہار کرنا,تعریف کرنا,مسکرانا,خوشی ظاہر کرنا,A,"""ناک بھوں چڑھانا"" کا محاورتی مطلب ہے: ناپسندیدگی یا نفرت کا اظہار کرنا۔","اردو محاورے, درمیانہ"
Q1046,🧠 99٪ لوگ غلط جواب دیتے ہیں,M,ان میں سے کون سا عدد باقیوں سے مختلف ہے: 32، 16، 24، 48؟,24,48,32,16,A,باقی تمام اعداد جفت (even) ہیں مگر 24 طاق (odd) ہے۔,"99٪ لوگ غلط جواب دیتے ہیں, درمیانہ"
Q1047,👑 صرف ذہین لوگوں کے لیے,M,نانگا پربت کو کس نام سے بھی جانا جاتا ہے؟,سفید دیو,آسمانی پہاڑ,برفانی محل,قاتل پہاڑ,D,درست جواب ہے: قاتل پہاڑ۔,"صرف ذہین لوگوں کے لیے, درمیانہ"
Q1048,👑 صرف ذہین لوگوں کے لیے,M,سیالکوٹ کس چیز کی صنعت کے لیے مشہور ہے؟,کان کنی,چاول,کھیلوں کا سامان اور سرجیکل آلات,ٹیکسٹائل,C,درست جواب ہے: کھیلوں کا سامان اور سرجیکل آلات۔,"صرف ذہین لوگوں کے لیے, درمیانہ"
Q1049,😈 ٹرک سوالات,M,ایک ٹوکری میں 20 پھل تھے، بچوں نے 2 کھا لیے، ٹوکری میں کتنے پھل بچے؟,18,2,17,19,A,20-2=18 پھل بچے۔,"ٹرک سوالات, درمیانہ"
Q1050,🤯 دماغ کا امتحان,M,دو مقداروں کا تناسب 6:5 ہے۔ اگر کل مقدار 66 ہے تو پہلی مقدار کتنی ہوگی؟,36,30,38,34,A,کل حصے = 6+5 = 11۔ پہلی مقدار = (6/11)×66 = 36۔,"دماغ کا امتحان, درمیانہ"
Q1051,😈 ٹرک سوالات,M,ایک ٹوکری میں 17 پھل تھے، بچوں نے 10 کھا لیے، ٹوکری میں کتنے پھل بچے؟,10,8,7,6,C,17-10=7 پھل بچے۔,"ٹرک سوالات, درمیانہ"
Q1052,⏳ 5 سیکنڈ چیلنج,M,پاکستان کا یوم آزادی کب منایا جاتا ہے,14 اگست,25 دسمبر,23 مارچ,6 ستمبر,A,پاکستان ہر سال 14 اگست کو یوم آزادی مناتا ہے۔,"5 سیکنڈ چیلنج, درمیانہ"
Q1053,🧩 دلچسپ پہیلیاں,M,وہ کون سی چیز ہے جو آپ جتنی کاٹیں اتنی ہی لمبی ہو جائے؟,دھاگا,موم بتی,تار,بال,A,درست جواب ہے: دھاگا۔,"دلچسپ پہیلیاں, درمیانہ"
Q1054,⏳ 5 سیکنڈ چیلنج,M,قوسِ قزح میں کتنے بنیادی رنگ ہوتے ہیں؟,6,5,8,7,D,قوسِ قزح کے سات رنگ ہوتے ہیں۔,"5 سیکنڈ چیلنج, درمیانہ"
Q1055,📖 اردو محاورے,M,“دل کی گہرائی سے” کا مطلب کیا ہے؟,خلوص کے ساتھ,غصے میں,جلدی میں,مجبوری سے,A,یہ محاورہ مکمل اخلاص اور سچے جذبات کے لیے استعمال ہوتا ہے۔,"اردو محاورے, درمیانہ"
Q1056,🧩 دلچسپ پہیلیاں,M,وہ کون سی چیز ہے جو آپ جتنی زیادہ دیکھیں اتنی ہی کم نظر آئے؟,ستارے,اندھیرا,روشنی,سورج,B,درست جواب ہے: اندھیرا۔,"دلچسپ پہیلیاں, درمیانہ"
Q1057,🎭 الفاظ کا جادو,M,"""حیرت"" کا مترادف کیا ہے؟",خیر,ہدف,تعجب,سبیل,C,"""حیرت"" کا مترادف ""تعجب"" ہے۔","الفاظ کا جادو, درمیانہ"
Q1058,🎭 الفاظ کا جادو,M,خاکسار کا مترادف کیا ہے؟,بلند,مغرور,متواضع,امیر,C,درست جواب ہے: متواضع۔,"الفاظ کا جادو, درمیانہ"
Q1059,👑 صرف ذہین لوگوں کے لیے,M,انسانی کان میں کتنی ہڈیاں ہوتی ہیں؟,2,4,3,1,C,درست جواب ہے: 3۔,"صرف ذہین لوگوں کے لیے, درمیانہ"
Q1060,👑 صرف ذہین لوگوں کے لیے,M,دنیا کا سب سے اونچا آبشار کون سا ہے؟,وکٹوریا,اینجل آبشار,نیاگرا,جگوار,B,اینجل آبشار دنیا کا سب سے بلند آبشار ہے,"صرف ذہین لوگوں کے لیے, درمیانہ"
Q1061,🤯 دماغ کا امتحان,M,ایک چیز کی قیمت 600 روپے ہے۔ اس پر 25% رعایت ملے تو ادا کی جانے والی رقم کتنی ہوگی؟,460,450,600,440,B,25% رعایت = 150 روپے، لہٰذا ادا کی جانے والی رقم = 600 - 150 = 450 روپے۔,"دماغ کا امتحان, درمیانہ"
Q1062,🤯 دماغ کا امتحان,M,دو مقداروں کا تناسب 2:5 ہے۔ اگر کل مقدار 49 ہے تو پہلی مقدار کتنی ہوگی؟,35,12,14,16,C,کل حصے = 2+5 = 7۔ پہلی مقدار = (2/7)×49 = 14۔,"دماغ کا امتحان, درمیانہ"
Q1063,📖 اردو محاورے,M,“ہمت نہ ہارنا” کا مطلب کیا ہے؟,بھاگ جانا,کام چھوڑ دینا,خاموش رہنا,کوشش جاری رکھنا,D,یہ محاورہ مسلسل کوشش کرتے رہنے کی تلقین کرتا ہے۔,"اردو محاورے, درمیانہ"
Q1064,👑 صرف ذہین لوگوں کے لیے,M,پطرس بخاری کس صنف ادب کے لیے مشہور ہیں؟,تاریخ نویسی,مزاح نگاری,شاعری,سفرنامہ,B,درست جواب ہے: مزاح نگاری۔,"صرف ذہین لوگوں کے لیے, درمیانہ"
Q1065,👑 صرف ذہین لوگوں کے لیے,M,قائد اعظم نے قانون کی تعلیم کہاں سے حاصل کی,کیمبرج,لنکنز اِن,آکسفورڈ,ہارورڈ,B,قائد اعظم نے لنکنز اِن سے بار ایٹ لا کیا۔,"صرف ذہین لوگوں کے لیے, درمیانہ"
Q1066,😈 ٹرک سوالات,M,اگر 9 کتابوں کی قیمت 450 روپے ہے تو ایک کتاب کی قیمت کتنی ہوگی؟,55 روپے,45 روپے,40 روپے,50 روپے,D,450 ÷ 9 = 50 روپے۔,"ٹرک سوالات, درمیانہ"
Q1067,🧠 99٪ لوگ غلط جواب دیتے ہیں,M,38، 72، 63، 95 کا اوسط (average) کیا ہوگا؟,69,67,68,66,B,اوسط = تمام اعداد کا مجموعہ ÷ تعداد = 268/4 = 67۔,"99٪ لوگ غلط جواب دیتے ہیں, درمیانہ"
Q1068,🧩 دلچسپ پہیلیاں,M,وہ کیا ہے جو باندھنے سے آزاد اور کھولنے سے قید محسوس ہو؟,دھاگہ,تالا,معمہ/گتھی,رسی,C,یہ ایک لطیف پہیلی ہے جس کا جواب ہے: معمہ/گتھی۔,"دلچسپ پہیلیاں, درمیانہ"
Q1069,⏳ 5 سیکنڈ چیلنج,M,پاکستان کی سب سے بڑی برآمدی فصل کون سی ہے,گنا,کپاس,گندم,چاول,B,کپاس پاکستان کی اہم برآمدی فصل ہے۔,"5 سیکنڈ چیلنج, درمیانہ"
Q1070,⏳ 5 سیکنڈ چیلنج,M,انسانی خون کی تین اقسام میں سے ایک کیا ہے؟,O,سب,A,AB,B,درست جواب ہے: سب۔,"5 سیکنڈ چیلنج, درمیانہ"
Q1071,📖 اردو محاورے,M,"""ٹس سے مس نہ ہونا"" کا مطلب کیا ہے؟",اپنی جگہ سے بالکل نہ ہلنا، ضد پر قائم رہنا,خوش ہونا,فوراً مان جانا,بھاگ جانا,A,"""ٹس سے مس نہ ہونا"" کا محاورتی مطلب ہے: اپنی جگہ سے بالکل نہ ہلنا، ضد پر قائم رہنا۔","اردو محاورے, درمیانہ"
Q1072,🧠 99٪ لوگ غلط جواب دیتے ہیں,M,ایک آدمی نے 10 منٹ میں 10 درخت لگائے۔ 60 درخت کتنے منٹ میں لگائے گا؟,60 منٹ,600 منٹ,1 منٹ,10 منٹ,D,درست جواب ہے: 10 منٹ۔,"99٪ لوگ غلط جواب دیتے ہیں, درمیانہ"
Q1073,⏳ 5 سیکنڈ چیلنج,M,NVIDIA بنیادی طور پر کس چیز کے لیے مشہور کمپنی ہے؟,موبائل فون,سرچ انجن,سوشل میڈیا,گرافکس پروسیسر (GPU),D,درست جواب ہے: گرافکس پروسیسر (GPU)۔,"5 سیکنڈ چیلنج, درمیانہ"
Q1074,👑 صرف ذہین لوگوں کے لیے,M,پاکستان کا سب سے بڑا ڈیم کون سا ہے؟,تربیلا ڈیم,ورسک ڈیم,داسو ڈیم,منگلا ڈیم,A,درست جواب ہے: تربیلا ڈیم۔,"صرف ذہین لوگوں کے لیے, درمیانہ"
Q1075,🧠 99٪ لوگ غلط جواب دیتے ہیں,M,باپ اور بیٹے کی عمروں کا مجموعہ 40 سال ہے۔ باپ بیٹے سے 4 گنا بڑا ہے۔ بیٹے کی عمر کیا ہے؟,10,13,6,8,D,بیٹا + باپ = 40، باپ = 4×بیٹا، لہٰذا بیٹا = 40/5 = 8 سال۔,"99٪ لوگ غلط جواب دیتے ہیں, درمیانہ"
Q1076,🤯 دماغ کا امتحان,M,2000 روپے پر 5% سالانہ کے حساب سے 3 سال کا سود کتنا بنے گا؟,200,400,500,300,D,سود = (اصل رقم × شرح × مدت)/100 = (2000×5×3)/100 = 300 روپے۔,"دماغ کا امتحان, درمیانہ"
Q1077,🧠 99٪ لوگ غلط جواب دیتے ہیں,M,دو مقداروں کا تناسب 2:4 ہے۔ اگر کل مقدار 48 ہے تو پہلی مقدار کتنی ہوگی؟,18,32,14,16,D,کل حصے = 2+4 = 6۔ پہلی مقدار = (2/6)×48 = 16۔,"99٪ لوگ غلط جواب دیتے ہیں, درمیانہ"
Q1078,⏳ 5 سیکنڈ چیلنج,M,پھیپھڑوں میں آکسیجن خون میں کیسے داخل ہوتی ہے؟,دمنی,ورید,شریان,سب,C,درست جواب ہے: شریان۔,"5 سیکنڈ چیلنج, درمیانہ"
Q1079,🧩 دلچسپ پہیلیاں,M,وہ کیا ہے جو تاریک رات میں سب سے زیادہ چمکتا نظر آتا ہے؟,ستارہ,پتھر,درخت,بادل,A,یہ ایک لطیف پہیلی ہے جس کا جواب ہے: ستارہ۔,"دلچسپ پہیلیاں, درمیانہ"
Q1080,🧩 دلچسپ پہیلیاں,M,وہ کون سی چیز ہے جو بغیر آواز کے سب سے زیادہ اثر ڈالتی ہے؟,موسیقی,چیخ,خاموشی خود/مسکراہٹ,گانا,C,یہ ایک لطیف پہیلی ہے جس کا جواب ہے: خاموشی خود/مسکراہٹ۔,"دلچسپ پہیلیاں, درمیانہ"
Q1081,🧠 99٪ لوگ غلط جواب دیتے ہیں,M,5000 روپے پر 5% سالانہ کے حساب سے 3 سال کا سود کتنا بنے گا؟,950,650,750,850,C,سود = (اصل رقم × شرح × مدت)/100 = (5000×5×3)/100 = 750 روپے۔,"99٪ لوگ غلط جواب دیتے ہیں, درمیانہ"
Q1082,🧠 99٪ لوگ غلط جواب دیتے ہیں,M,باپ اور بیٹے کی عمروں کا مجموعہ 85 سال ہے۔ باپ بیٹے سے 4 گنا بڑا ہے۔ بیٹے کی عمر کیا ہے؟,19,15,22,17,D,بیٹا + باپ = 85، باپ = 4×بیٹا، لہٰذا بیٹا = 85/5 = 17 سال۔,"99٪ لوگ غلط جواب دیتے ہیں, درمیانہ"
Q1083,🤯 دماغ کا امتحان,M,اگر آپ 2 گھنٹے میں 20 صفحات لکھتے ہیں تو 5 گھنٹے میں کتنے صفحات لکھیں گے؟,70,50,40,60,B,درست جواب ہے: 50۔,"دماغ کا امتحان, درمیانہ"
Q1084,🧩 دلچسپ پہیلیاں,M,وہ کون سی چیز ہے جو جتنی زیادہ نکالو اتنا ہی بڑی ہو جاتی ہے؟,درخت,سمندر,گڑھا,بادل,C,گڑھے سے مٹی نکالنے پر وہ مزید بڑا ہوتا جاتا ہے۔,"دلچسپ پہیلیاں, درمیانہ"
Q1085,🤯 دماغ کا امتحان,M,دو مقداروں کا تناسب 6:3 ہے۔ اگر کل مقدار 81 ہے تو پہلی مقدار کتنی ہوگی؟,56,27,52,54,D,کل حصے = 6+3 = 9۔ پہلی مقدار = (6/9)×81 = 54۔,"دماغ کا امتحان, درمیانہ"
Q1086,👑 صرف ذہین لوگوں کے لیے,M,عالمی یوم مادری زبان کب منایا جاتا ہے؟,23 مارچ,1 مئی,21 فروری,14 فروری,C,درست جواب ہے: 21 فروری۔,"صرف ذہین لوگوں کے لیے, درمیانہ"
Q1087,📖 اردو محاورے,M,"""دل کا راز"" محاورے کا کیا مطلب ہے؟",دوستی,خفیہ بات,محبت,جذباتی تکلیف,B,درست جواب ہے: خفیہ بات۔,"اردو محاورے, درمیانہ"
Q1088,👑 صرف ذہین لوگوں کے لیے,M,پاکستان کا قومی ترانہ کس نے کمپوز کیا؟,نور جہاں,احمد غلام علی چھاگلہ,مہدی حسن,حفیظ جالندھری,B,درست جواب ہے: احمد غلام علی چھاگلہ۔,"صرف ذہین لوگوں کے لیے, درمیانہ"
Q1089,⏳ 5 سیکنڈ چیلنج,M,پاکستان کا پہلا آئین کس سال نافذ ہوا؟,1973,1956,1949,1962,B,درست جواب ہے: 1956۔,"5 سیکنڈ چیلنج, درمیانہ"
Q1090,🧠 99٪ لوگ غلط جواب دیتے ہیں,M,دو مقداروں کا تناسب 2:4 ہے۔ اگر کل مقدار 60 ہے تو پہلی مقدار کتنی ہوگی؟,22,18,40,20,D,کل حصے = 2+4 = 6۔ پہلی مقدار = (2/6)×60 = 20۔,"99٪ لوگ غلط جواب دیتے ہیں, درمیانہ"
Q1091,🧠 99٪ لوگ غلط جواب دیتے ہیں,M,اگر آپ 4 گھنٹے میں 40 صفحات پڑھتے ہیں، تو 6 گھنٹے میں کتنے صفحات پڑھیں گے؟,80,70,50,60,D,درست جواب ہے: 60 ________________۔,"99٪ لوگ غلط جواب دیتے ہیں, درمیانہ"
Q1092,🤯 دماغ کا امتحان,M,ایک چیز کی قیمت 350 روپے ہے۔ اس پر 10% رعایت ملے تو ادا کی جانے والی رقم کتنی ہوگی؟,325,305,350,315,D,10% رعایت = 35 روپے، لہٰذا ادا کی جانے والی رقم = 350 - 35 = 315 روپے۔,"دماغ کا امتحان, درمیانہ"
Q1093,🧩 دلچسپ پہیلیاں,M,وہ کیا ہے جو سب کچھ دیکھتا ہے مگر خود کبھی نہیں دیکھا جاتا؟,آنکھ,کیمرہ,آئینہ,دماغ کی سوچ,D,یہ ایک لطیف پہیلی ہے جس کا جواب ہے: دماغ کی سوچ۔,"دلچسپ پہیلیاں, درمیانہ"
Q1094,🎭 الفاظ کا جادو,M,"""حسد"" کا مترادف کیا ہے؟",مہک,جلن,بھلائی,انکساری,B,"""حسد"" کا مترادف ""جلن"" ہے۔","الفاظ کا جادو, درمیانہ"
Q1095,👑 صرف ذہین لوگوں کے لیے,M,پودے اپنی خوراک کس عمل سے بناتے ہیں؟,فوٹو سنتھیسز (روشنی سنتھیسز),ابال (fermentation),سانس,تنفس,A,درست جواب ہے: فوٹو سنتھیسز (روشنی سنتھیسز)۔,"صرف ذہین لوگوں کے لیے, درمیانہ"
Q1096,😈 ٹرک سوالات,M,17، 26، 35، 44 کے بعد اگلا عدد کیا ہوگا؟,54,62,53,52,C,ہر بار 9 کا اضافہ ہو رہا ہے، لہٰذا اگلا عدد 44+9 = 53 ہوگا۔,"ٹرک سوالات, درمیانہ"
Q1097,😈 ٹرک سوالات,M,ایک ٹوکری میں 27 پھل تھے، بچوں نے 2 کھا لیے، ٹوکری میں کتنے پھل بچے؟,26,2,24,25,D,27-2=25 پھل بچے۔,"ٹرک سوالات, درمیانہ"
Q1098,👑 صرف ذہین لوگوں کے لیے,M,"اردو لفظ ""استغفار"" کا متضاد کیا ہے؟",دعا,معافی,گناہ,عبادت,C,درست جواب ہے: گناہ ________________۔,"صرف ذہین لوگوں کے لیے, درمیانہ"
Q1099,😈 ٹرک سوالات,M,ایک ٹوکری میں 23 پھل تھے، بچوں نے 14 کھا لیے، ٹوکری میں کتنے پھل بچے؟,10,14,9,8,C,23-14=9 پھل بچے۔,"ٹرک سوالات, درمیانہ"
Q1100,🧩 دلچسپ پہیلیاں,M,وہ کون سی چیز ہے جسے سب دیکھ سکتے ہیں مگر کوئی خرید نہیں سکتا؟,چاند,ستارہ,قوس قزح,سورج,C,قوس قزح سب کو نظر آتی ہے,"دلچسپ پہیلیاں, درمیانہ"
Q1101,😈 ٹرک سوالات,M,ایک ٹوکری میں 16 پھل تھے، بچوں نے 3 کھا لیے، ٹوکری میں کتنے پھل بچے؟,14,3,12,13,D,16-3=13 پھل بچے۔,"ٹرک سوالات, درمیانہ"
Q1102,😈 ٹرک سوالات,M,ایک ٹوکری میں 17 پھل تھے، بچوں نے 16 کھا لیے، ٹوکری میں کتنے پھل بچے؟,16,1,0,2,B,17-16=1 پھل بچے۔,"ٹرک سوالات, درمیانہ"
Q1103,🤯 دماغ کا امتحان,M,باپ اور بیٹے کی عمروں کا مجموعہ 18 سال ہے۔ باپ بیٹے سے 2 گنا بڑا ہے۔ بیٹے کی عمر کیا ہے؟,8,11,4,6,D,بیٹا + باپ = 18، باپ = 2×بیٹا، لہٰذا بیٹا = 18/3 = 6 سال۔,"دماغ کا امتحان, درمیانہ"
Q1104,🤯 دماغ کا امتحان,M,ایک لڑکی نے 3 سیب اٹھائے۔ دو بھائیوں کو ایک ایک سیب دیا، پھر بھی اس کے پاس 2 سیب کیوں بچے؟,ایک بھائی جڑواں تھا,ایک سیب خود رکھ لیا,ایک بھائی کو دو سیب دیے,"""اس نے ایک سیب کاٹ کر دو حصے کر دیے""",D,"درست جواب ہے: ""اس نے ایک سیب کاٹ کر دو حصے کر دیے""۔","دماغ کا امتحان, درمیانہ"
Q1105,🤯 دماغ کا امتحان,M,دو مقداروں کا تناسب 3:5 ہے۔ اگر کل مقدار 96 ہے تو پہلی مقدار کتنی ہوگی؟,60,38,34,36,D,کل حصے = 3+5 = 8۔ پہلی مقدار = (3/8)×96 = 36۔,"دماغ کا امتحان, درمیانہ"
Q1106,📖 اردو محاورے,M,"""الٹے بانس بریلی کو"" کا مطلب کیا ہے؟",بہت لمبا اور بے فائدہ سفر کرنا,آرام کرنا,جلدی پہنچنا,سیدھا راستہ اختیار کرنا,A,"""الٹے بانس بریلی کو"" کا محاورتی مطلب ہے: بہت لمبا اور بے فائدہ سفر کرنا۔","اردو محاورے, درمیانہ"
Q1107,😈 ٹرک سوالات,M,ایک آدمی کے دونوں ہاتھوں میں 5،5 سیب ہیں۔ اس کے پاس کل کتنے سیب ہیں؟,12,10,8,5,B,دونوں ہاتھوں میں مجموعی طور پر 10 سیب ہیں۔,"ٹرک سوالات, درمیانہ"
Q1108,🎭 الفاظ کا جادو,M,"""آسان"" کا متضاد کیا ہے؟",مردہ,آخری,دشوار,شاگرد,C,"""آسان"" کا متضاد ""دشوار"" ہے۔","الفاظ کا جادو, درمیانہ"
Q1109,😈 ٹرک سوالات,M,ایک ٹوکری میں 25 پھل تھے، بچوں نے 22 کھا لیے، ٹوکری میں کتنے پھل بچے؟,3,2,22,4,A,25-22=3 پھل بچے۔,"ٹرک سوالات, درمیانہ"
Q1110,📖 اردو محاورے,M,"""ناک کا بال"" محاورے کا کیا مطلب ہے؟",خوبصورت,چھوٹی سی چیز,بہت تکلیف دہ,بہت عزیز,D,درست جواب ہے: بہت عزیز۔,"اردو محاورے, درمیانہ"
Q1111,🤯 دماغ کا امتحان,M,اگر آپ 3 گھنٹے میں 30 صفحات لکھتے ہیں، تو 7 گھنٹے میں کتنے صفحات لکھیں گے؟,90,60,70,80,C,درست جواب ہے: 70 ________________۔,"دماغ کا امتحان, درمیانہ"
Q1112,🎭 الفاظ کا جادو,M,"""حلال"" کا متضاد کیا ہے؟",ہار,انتشار,حرام,بیماری,C,"""حلال"" کا متضاد ""حرام"" ہے۔","الفاظ کا جادو, درمیانہ"
Q1113,🧠 99٪ لوگ غلط جواب دیتے ہیں,M,3 ڈاکٹر اور 3 نرسیں ایک دوسرے سے صرف ایک بار ہاتھ ملاتے ہیں۔ کل کتنے ہاتھ ملائے جائیں گے؟,9,18,15,12,C,درست جواب ہے: 15۔,"99٪ لوگ غلط جواب دیتے ہیں, درمیانہ"
Q1114,🎭 الفاظ کا جادو,M,"""بہادر"" کا متضاد کیا ہے؟",پتلا,بزدل,اندھیرا,خاموشی,B,"""بہادر"" کا متضاد ""بزدل"" ہے۔","الفاظ کا جادو, درمیانہ"
Q1115,😈 ٹرک سوالات,M,ایک ٹوکری میں 19 پھل تھے، بچوں نے 6 کھا لیے، ٹوکری میں کتنے پھل بچے؟,6,12,14,13,D,19-6=13 پھل بچے۔,"ٹرک سوالات, درمیانہ"
Q1116,🎭 الفاظ کا جادو,M,"""آشوب"" کا مترادف کیا ہے؟",سکون,دوستی,فساد,خوشحالی,C,آشوب کے معنی ہنگامہ، فساد یا تباہی ہیں۔,"الفاظ کا جادو, درمیانہ"
Q1117,⏳ 5 سیکنڈ چیلنج,M,انسانی جسم میں خون پمپ کرنے والا عضو کون سا ہے؟,گردہ,جگر,دماغ,دل,D,درست جواب ہے: دل۔,"5 سیکنڈ چیلنج, درمیانہ"
Q1118,🤯 دماغ کا امتحان,M,اگر ایک مثلث کے دو زاویے 50 اور 60 درجے ہوں تو تیسرا زاویہ کتنا ہوگا؟,70,80,60,90,A,مثلث کے زاویوں کا مجموعہ 180 درجے ہوتا ہے، اس لیے تیسرا زاویہ 70 درجے ہوگا۔,"دماغ کا امتحان, درمیانہ"
Q1119,🧠 99٪ لوگ غلط جواب دیتے ہیں,M,ایک گھڑی 3 بجے 3 بار اور 4 بجے 4 بار بجتی ہے۔ 6 بجے کتنی بار بجے گی؟,9 بار,3 بار,12 بار,6 بار,D,درست جواب ہے: 6 بار۔,"99٪ لوگ غلط جواب دیتے ہیں, درمیانہ"
Q1120,📖 اردو محاورے,M,"""آنکھیں ٹھنڈی کرنا"" محاورے کا مطلب؟",غصہ کرنا,رو لینا,تسکین محسوس کرنا,ڈر جانا,C,درست جواب ہے: تسکین محسوس کرنا۔,"اردو محاورے, درمیانہ"
Q1121,⏳ 5 سیکنڈ چیلنج,M,"""سیر"" لفظ کے کتنے مختلف معنی ہو سکتے ہیں؟","""4 معنی""",2 معنی,3 معنی,5 معنی,A,"درست جواب ہے: ""4 معنی""۔","5 سیکنڈ چیلنج, درمیانہ"
Q1122,👑 صرف ذہین لوگوں کے لیے,M,علامہ اقبال نے کس یونیورسٹی سے ڈاکٹریٹ کی؟,میونخ یونیورسٹی,آکسفورڈ,کیمبرج,ہارورڈ,A,درست جواب ہے: میونخ یونیورسٹی۔,"صرف ذہین لوگوں کے لیے, درمیانہ"
Q1123,🧩 دلچسپ پہیلیاں,M,وہ کیا ہے جسے آپ جتنا بھر دیں اتنا ہی ہلکا محسوس ہوتا ہے؟,بالٹی,صندوق,بوتل,غبارہ,D,غبارہ ہوا بھرنے سے ہلکا رہتے ہوئے پھول جاتا ہے۔,"دلچسپ پہیلیاں, درمیانہ"
Q1124,🧩 دلچسپ پہیلیاں,M,وہ کیا ہے جو جتنا خشک ہوتا ہے اتنا ہی دوسروں کو گیلا کرتا ہے,صابن,تولیہ,کاغذ,بارش,B,تولیہ خود خشک ہوتا ہے مگر چیزوں کو خشک کرتے ہوئے گیلا ہو جاتا ہے۔,"دلچسپ پہیلیاں, درمیانہ"
Q1125,⏳ 5 سیکنڈ چیلنج,M,مکران کوسٹل ہائی وے کس صوبے میں واقع ہے,سندھ,خیبر پختونخوا,بلوچستان,پنجاب,C,یہ شاہراہ بلوچستان میں کراچی سے گوادر تک جاتی ہے۔,"5 سیکنڈ چیلنج, درمیانہ"
Q1126,⏳ 5 سیکنڈ چیلنج,M,دنیا کا سب سے بڑا مصنوعی جنگل پاکستان میں کون سا ہے؟,چھانگا مانگا,لورنس پارک,ہنگول,ایوبیہ,A,درست جواب ہے: چھانگا مانگا۔,"5 سیکنڈ چیلنج, درمیانہ"
Q1127,🧠 99٪ لوگ غلط جواب دیتے ہیں,M,اگر 2 مزدور ایک کام 8 دنوں میں مکمل کرتے ہیں تو 8 مزدور وہی کام کتنے دنوں میں مکمل کریں گے؟,4,2,1,3,B,کل کام = 2×8 = 16 مزدور-دن۔ 8 مزدوروں کے لیے وقت = 16/8 = 2 دن۔,"99٪ لوگ غلط جواب دیتے ہیں, درمیانہ"
Q1128,🧠 99٪ لوگ غلط جواب دیتے ہیں,M,ایک گھر میں 10 موم بتیاں جل رہی تھیں، 5 بجھ گئیں۔ باقی کتنی دیر جلتی رہیں گی؟,7 موم بتیاں,کبھی نہیں بجھیں گی,"""جب تک موم ختم نہ ہو""",5 موم بتیاں,C,"درست جواب ہے: ""جب تک موم ختم نہ ہو""۔","99٪ لوگ غلط جواب دیتے ہیں, درمیانہ"
Q1129,🎭 الفاظ کا جادو,M,"روشن"""" کا متضاد کیا ہے؟",اندھیرا,صاف,چمکدار,سفید,A,روشن کا متضاد اندھیرا ہے۔,"الفاظ کا جادو, درمیانہ"
Q1130,🎭 الفاظ کا جادو,M,"""سوال"" کا متضاد کیا ہے؟",کمزور,سستا,جواب,شام,C,"""سوال"" کا متضاد ""جواب"" ہے۔","الفاظ کا جادو, درمیانہ"
Q1131,🧠 99٪ لوگ غلط جواب دیتے ہیں,M,دو مقداروں کا تناسب 6:3 ہے۔ اگر کل مقدار 36 ہے تو پہلی مقدار کتنی ہوگی؟,22,26,12,24,D,کل حصے = 6+3 = 9۔ پہلی مقدار = (6/9)×36 = 24۔,"99٪ لوگ غلط جواب دیتے ہیں, درمیانہ"
Q1132,⏳ 5 سیکنڈ چیلنج,M,قوسِ قزح میں عام طور پر کتنے رنگ ہوتے ہیں؟,6,8,5,7,D,قوسِ قزح کے 7 رنگ مشہور ہیں۔,"5 سیکنڈ چیلنج, درمیانہ"
Q1133,🤯 دماغ کا امتحان,M,اگر ایک درخت پر 8 آم ہیں اور 3 توڑ لیے جائیں تو درخت پر کتنے آم رہ جائیں گے؟,8,4,3,5,D,8 میں سے 3 توڑنے پر 5 آم رہ جاتے ہیں۔,"دماغ کا امتحان, درمیانہ"
Q1134,📖 اردو محاورے,M,"""کان کا کچا"" محاورے کا کیا مطلب ہے؟",جسے سنائی نہ دے,غصے والا,بہت ذہین,جو جلدی یقین کر لے,D,درست جواب ہے: جو جلدی یقین کر لے ________________۔,"اردو محاورے, درمیانہ"
Q1135,📖 اردو محاورے,M,"""ہاتھ تنگ ہونا"" کا مطلب کیا ہے؟",بچت کرنا,خرچ کرنا,امیر ہونا,پیسوں کی کمی ہونا,D,"""ہاتھ تنگ ہونا"" کا محاورتی مطلب ہے: پیسوں کی کمی ہونا۔","اردو محاورے, درمیانہ"
Q1136,😈 ٹرک سوالات,M,ایک ٹوکری میں 12 پھل تھے، بچوں نے 7 کھا لیے، ٹوکری میں کتنے پھل بچے؟,5,7,4,6,A,12-7=5 پھل بچے۔,"ٹرک سوالات, درمیانہ"
Q1137,🧠 99٪ لوگ غلط جواب دیتے ہیں,M,اگر 2+2=6،3+3=12،4+4=20 تو 5+5 کیا ہوگا,25,30,40,35,B,پیٹرن n×n+n کے مطابق 5×5+5=30۔,"99٪ لوگ غلط جواب دیتے ہیں, درمیانہ"
Q1138,😈 ٹرک سوالات,M,ایک آدمی ہر سال 10 کلو وزن بڑھا لیتا ہے، حالانکہ معمول ایک جیسا ہے۔ کیوں؟,ڈاکٹر کے پاس نہیں جاتا,زیادہ کھاتا ہے,"""ہر سال 10 کلو سونے کا زیور پہن لیتا ہے""",ورزش نہیں کرتا,C,"درست جواب ہے: ""ہر سال 10 کلو سونے کا زیور پہن لیتا ہے""۔","ٹرک سوالات, درمیانہ"
Q1139,🎭 الفاظ کا جادو,M,"""دانا"" کا مترادف کیا ہے؟",حرب,عقل مند,رخ,راہ,B,"""دانا"" کا مترادف ""عقل مند"" ہے۔","الفاظ کا جادو, درمیانہ"
Q1140,⏳ 5 سیکنڈ چیلنج,M,دنیا کی مشہور کھیوڑہ نمک کی کان کہاں ہے؟,کراچی,کھیوڑہ,کوہاٹ,کوئٹہ,B,درست جواب ہے: کھیوڑہ۔,"5 سیکنڈ چیلنج, درمیانہ"
Q1141,👑 صرف ذہین لوگوں کے لیے,M,سندھ طاس معاہدہ کس ملک کے ساتھ ہوا؟,ایران,چین,بھارت,افغانستان,C,درست جواب ہے: بھارت۔,"صرف ذہین لوگوں کے لیے, درمیانہ"
Q1142,🤯 دماغ کا امتحان,M,باپ اور بیٹے کی عمروں کا مجموعہ 76 سال ہے۔ باپ بیٹے سے 3 گنا بڑا ہے۔ بیٹے کی عمر کیا ہے؟,24,17,19,21,C,بیٹا + باپ = 76، باپ = 3×بیٹا، لہٰذا بیٹا = 76/4 = 19 سال۔,"دماغ کا امتحان, درمیانہ"
Q1143,🧩 دلچسپ پہیلیاں,M,وہ کیا ہے جو دیکھنے میں ہلکا مگر اٹھانا سب سے مشکل ہو؟,لوہا,ذمہ داری,پتھر,سونا,B,یہ ایک لطیف پہیلی ہے جس کا جواب ہے: ذمہ داری۔,"دلچسپ پہیلیاں, درمیانہ"
Q1144,😈 ٹرک سوالات,M,ایک ٹوکری میں 23 پھل تھے، بچوں نے 4 کھا لیے، ٹوکری میں کتنے پھل بچے؟,18,4,20,19,D,23-4=19 پھل بچے۔,"ٹرک سوالات, درمیانہ"
Q1145,⏳ 5 سیکنڈ چیلنج,M,مثلث کے تینوں زاویے برابر ہوں تو کیا کہلاتا ہے؟,متکافل,منفرج,مساوی الاضلاع,حاد,C,درست جواب ہے: مساوی الاضلاع۔,"5 سیکنڈ چیلنج, درمیانہ"
Q1146,⏳ 5 سیکنڈ چیلنج,M,انسانی جسم میں سب سے بڑا عضو کون سا ہے؟,پھیپھڑے,دل,جگر,جلد,D,درست جواب ہے: جلد۔,"5 سیکنڈ چیلنج, درمیانہ"
Q1147,⏳ 5 سیکنڈ چیلنج,M,پانی ابالنے پر کس درجہ حرارت پر ابلتا ہے؟,212°C,100°C,0°C,50°C,B,درست جواب ہے: 100°C۔,"5 سیکنڈ چیلنج, درمیانہ"
Q1148,⏳ 5 سیکنڈ چیلنج,M,پاکستان کا سب سے طویل دریا کون سا ہے؟,دریائے جہلم,دریائے سندھ,دریائے چناب,دریائے راوی,B,درست جواب ہے: دریائے سندھ۔,"5 سیکنڈ چیلنج, درمیانہ"
Q1149,🧩 دلچسپ پہیلیاں,M,وہ کیا ہے جو دیکھنے میں مردہ مگر اندر سے زندہ ہوتا ہے؟,بیج,لکڑی,پتھر,مٹی,A,یہ ایک لطیف پہیلی ہے جس کا جواب ہے: بیج۔,"دلچسپ پہیلیاں, درمیانہ"
Q1150,🎭 الفاظ کا جادو,M,تعلیم کا مترادف کیا ہے؟,جہالت,علم,اندھیرا,سستی,B,تعلیم کا مترادف علم ہے۔,"الفاظ کا جادو, درمیانہ"
Q1151,⏳ 5 سیکنڈ چیلنج,M,پاکستان میں موٹروے نظام کا آغاز کس موٹروے سے ہوا؟,M-5,M-2,M-3,M-1,B,درست جواب ہے: M-2۔,"5 سیکنڈ چیلنج, درمیانہ"
Q1152,😈 ٹرک سوالات,M,20، 22، 24، 26 کے بعد اگلا عدد کیا ہوگا؟,30,27,29,28,D,ہر بار 2 کا اضافہ ہو رہا ہے، لہٰذا اگلا عدد 26+2 = 28 ہوگا۔,"ٹرک سوالات, درمیانہ"
Q1153,🧩 دلچسپ پہیلیاں,M,وہ کیا ہے جسے آپ روزانہ توڑتے ہیں مگر وہ ہمیشہ سلامت رہتا ہے؟,روزہ (افطار کے وقت),پیمانہ,شیشہ,برتن,A,یہ ایک لطیف پہیلی ہے جس کا جواب ہے: روزہ (افطار کے وقت)۔,"دلچسپ پہیلیاں, درمیانہ"
Q1154,📖 اردو محاورے,M,"""منہ زبانی یاد ہونا"" کا مطلب کیا ہے؟",زبانی یاد ہونا، لکھے بغیر یاد رکھنا,لکھنا,بھول جانا,کتاب پڑھنا,A,"""منہ زبانی یاد ہونا"" کا محاورتی مطلب ہے: زبانی یاد ہونا، لکھے بغیر یاد رکھنا۔","اردو محاورے, درمیانہ"
Q1155,🧠 99٪ لوگ غلط جواب دیتے ہیں,M,اگر 4 مزدور ایک کام 5 دنوں میں مکمل کرتے ہیں تو 5 مزدور وہی کام کتنے دنوں میں مکمل کریں گے؟,6,4,3,5,B,کل کام = 4×5 = 20 مزدور-دن۔ 5 مزدوروں کے لیے وقت = 20/5 = 4 دن۔,"99٪ لوگ غلط جواب دیتے ہیں, درمیانہ"
Q1156,⏳ 5 سیکنڈ چیلنج,M,آستین کا سانپ محاورے کا صحیح مطلب کیا ہے؟,آستین میں چھپا ہوا سانپ,جو شخص بظاہر مخلص مگر اندر سے دشمن ہو,بہت لمبا شخص,کپڑے سینے والا شخص,B,درست جواب ہے: جو شخص بظاہر مخلص مگر اندر سے دشمن ہو۔,"5 سیکنڈ چیلنج, درمیانہ"
Q1157,🤯 دماغ کا امتحان,M,10 روپے کے 3 سکے اور 5 روپے کے 4 سکے ہیں 45 روپے کم از کم کتنے سکوں سے؟,6,4,7,5,A,10+10+10+10+5=45,"دماغ کا امتحان, درمیانہ"
Q1158,😈 ٹرک سوالات,M,ایک ٹوکری میں 24 پھل تھے، بچوں نے 3 کھا لیے، ٹوکری میں کتنے پھل بچے؟,22,3,21,20,C,24-3=21 پھل بچے۔,"ٹرک سوالات, درمیانہ"
Q1159,🧩 دلچسپ پہیلیاں,M,وہ کون سی چیز ہے جو دن بھر باتیں سنتی ہے مگر جواب نہیں دیتی؟,ریڈیو,کتاب,دیوار,فون,C,یہ ایک لطیف پہیلی ہے جس کا جواب ہے: دیوار۔,"دلچسپ پہیلیاں, درمیانہ"
Q1160,🧩 دلچسپ پہیلیاں,M,وہ کیا ہے جو اپنی جگہ سے ہلے بغیر پوری دنیا کی خبر رکھتا ہے؟,خط,انٹرنیٹ/موبائل فون,اخبار,ریڈیو,B,یہ ایک لطیف پہیلی ہے جس کا جواب ہے: انٹرنیٹ/موبائل فون۔,"دلچسپ پہیلیاں, درمیانہ"
Q1161,🧠 99٪ لوگ غلط جواب دیتے ہیں,M,ایک چیز کی قیمت 500 روپے ہے۔ اس پر 25% رعایت ملے تو ادا کی جانے والی رقم کتنی ہوگی؟,365,385,375,500,C,25% رعایت = 125 روپے، لہٰذا ادا کی جانے والی رقم = 500 - 125 = 375 روپے۔,"99٪ لوگ غلط جواب دیتے ہیں, درمیانہ"
Q1162,📖 اردو محاورے,M,"""آگ پر پانی ڈالنا"" کا مطلب کیا ہے؟",جھگڑا بڑھانا,معاملہ ٹھنڈا یا پرسکون کرنا,آگ لگانا,ناراض ہونا,B,"""آگ پر پانی ڈالنا"" کا محاورتی مطلب ہے: معاملہ ٹھنڈا یا پرسکون کرنا۔","اردو محاورے, درمیانہ"
Q1163,👑 صرف ذہین لوگوں کے لیے,M,دنیا کا سب سے بڑا مرجان کا نظام کون سا ہے؟,بحیرہ احمر ریف,گریٹ بیریئر ریف,مالدیپ ریف,فلوریڈا ریف,B,گریٹ بیریئر ریف دنیا کا سب سے بڑا کورل ریف سسٹم ہے۔,"صرف ذہین لوگوں کے لیے, درمیانہ"
Q1164,⏳ 5 سیکنڈ چیلنج,M,پاکستان کا سب سے بڑا ہوائی اڈہ کون سا ہے؟,سیالکوٹ ایئرپورٹ,جناح انٹرنیشنل ایئرپورٹ,باچا خان ایئرپورٹ,علامہ اقبال ایئرپورٹ,B,کراچی کا جناح انٹرنیشنل ملک کا سب سے بڑا ہوائی اڈہ ہے۔,"5 سیکنڈ چیلنج, درمیانہ"
Q1165,📖 اردو محاورے,M,"""کھری کھری سنانا"" کا مطلب کیا ہے؟",جھوٹ بولنا,خاموش رہنا,صاف اور سچی بات کہہ دینا,تعریف کرنا,C,"""کھری کھری سنانا"" کا محاورتی مطلب ہے: صاف اور سچی بات کہہ دینا۔","اردو محاورے, درمیانہ"
Q1166,🎭 الفاظ کا جادو,M,اندھیرا کا متضاد کیا ہے؟,روشنی,سایہ,دھواں,رات,A,درست جواب ہے: روشنی۔,"الفاظ کا جادو, درمیانہ"
Q1167,😈 ٹرک سوالات,M,10، 13، 16، 19 کے بعد اگلا عدد کیا ہوگا؟,21,25,23,22,D,ہر بار 3 کا اضافہ ہو رہا ہے، لہٰذا اگلا عدد 19+3 = 22 ہوگا۔,"ٹرک سوالات, درمیانہ"
Q1168,📖 اردو محاورے,M,دانت کھٹے کرنا کا مطلب کیا ہے؟,سخت مقابلہ کرنا,دوستی کرنا,ہنسنا,کھانا کھلانا,A,کسی کو سخت سبق سکھانا یا سخت مقابلہ کرنا۔,"اردو محاورے, درمیانہ"
Q1169,😈 ٹرک سوالات,M,ایک ٹوکری میں 27 پھل تھے، بچوں نے 15 کھا لیے، ٹوکری میں کتنے پھل بچے؟,13,12,11,15,B,27-15=12 پھل بچے۔,"ٹرک سوالات, درمیانہ"
Q1170,🤯 دماغ کا امتحان,M,اگر 9 بچوں کو برابر 27 ٹافیاں دی جائیں تو ہر بچے کو کتنی ٹافیاں ملیں گی,4,2,3,5,C,27÷9=3۔,"دماغ کا امتحان, درمیانہ"
Q1171,👑 صرف ذہین لوگوں کے لیے,M,زمین کی سب سے اونچی چوٹی کون سی ہے؟,K2,نانگا پربت,ماؤنٹ ایورسٹ,کنچن جنگا,C,درست جواب ہے: ماؤنٹ ایورسٹ۔,"صرف ذہین لوگوں کے لیے, درمیانہ"
Q1172,🧩 دلچسپ پہیلیاں,M,وہ کیا ہے جو جتنا خالی ہوتا ہے اتنی زیادہ آواز کرتا ہے؟,ڈھول,شیشہ,درخت,پتھر,A,خالی ڈھول زیادہ آواز کرتا ہے۔,"دلچسپ پہیلیاں, درمیانہ"
Q1173,🧠 99٪ لوگ غلط جواب دیتے ہیں,M,دودھ پانی کا تناسب 5:1 ہے کل مقدار 12 لیٹر ہے پانی کتنے لیٹر؟,3,2,1,4,B,12/6=2,"99٪ لوگ غلط جواب دیتے ہیں, درمیانہ"
Q1174,👑 صرف ذہین لوگوں کے لیے,M,پاکستان کی قدیم ترین یونیورسٹی کون سی ہے؟,پنجاب یونیورسٹی,LUMS,کراچی یونیورسٹی,NUST,A,درست جواب ہے: پنجاب یونیورسٹی۔,"صرف ذہین لوگوں کے لیے, درمیانہ"
Q1175,🎭 الفاظ کا جادو,M,"""خوشی"" کا مترادف کیا ہے؟",ظلمت,قدیم,مسرت,طیش,C,"""خوشی"" کا مترادف ""مسرت"" ہے۔","الفاظ کا جادو, درمیانہ"
Q1176,😈 ٹرک سوالات,M,ایک ٹوکری میں 27 پھل تھے، بچوں نے 10 کھا لیے، ٹوکری میں کتنے پھل بچے؟,17,10,18,16,A,27-10=17 پھل بچے۔,"ٹرک سوالات, درمیانہ"
Q1177,👑 صرف ذہین لوگوں کے لیے,M,سب سے پہلا مصنوعی سیارہ کون سا تھا؟,اپالو 11,سپوتنک 1,ایکسپلورر 1,ہبل ٹیلی سکوپ,B,درست جواب ہے: سپوتنک 1۔,"صرف ذہین لوگوں کے لیے, درمیانہ"
Q1178,🎭 الفاظ کا جادو,M,"""سادہ"" کا مترادف کیا ہے؟",اخلاص,اہانت,بھولا,جلن,C,"""سادہ"" کا مترادف ""بھولا"" ہے۔","الفاظ کا جادو, درمیانہ"
Q1179,🎭 الفاظ کا جادو,M,"""خطرہ"" کا مترادف کیا ہے؟",ہدف,خدشہ,بندگی,انابت,B,"""خطرہ"" کا مترادف ""خدشہ"" ہے۔","الفاظ کا جادو, درمیانہ"
Q1180,🧠 99٪ لوگ غلط جواب دیتے ہیں,M,دو مقداروں کا تناسب 2:4 ہے۔ اگر کل مقدار 84 ہے تو پہلی مقدار کتنی ہوگی؟,30,26,56,28,D,کل حصے = 2+4 = 6۔ پہلی مقدار = (2/6)×84 = 28۔,"99٪ لوگ غلط جواب دیتے ہیں, درمیانہ"
Q1181,📖 اردو محاورے,M,آگ میں تیل ڈالنا کا مطلب کیا ہے؟,آگ بجھانا,تیل جلانا,جھگڑا بڑھانا,کھانا پکانا,C,کسی مسئلے یا جھگڑے کو مزید بڑھانا,"اردو محاورے, درمیانہ"
Q1182,🧩 دلچسپ پہیلیاں,M,وہ کون سی چیز ہے جو خود نہیں بولتی مگر سب کی بات پہنچا دیتی ہے؟,ریڈیو,آئینہ,خط,کتاب,C,خط ایک شخص کا پیغام دوسرے تک پہنچاتا ہے۔,"دلچسپ پہیلیاں, درمیانہ"
Q1183,😈 ٹرک سوالات,M,ایک ٹوکری میں 18 پھل تھے، بچوں نے 6 کھا لیے، ٹوکری میں کتنے پھل بچے؟,12,11,6,13,A,18-6=12 پھل بچے۔,"ٹرک سوالات, درمیانہ"
Q1184,📖 اردو محاورے,M,"""لکیر کا فقیر ہونا"" کا مطلب کیا ہے؟",بغیر سوچے پرانے طریقوں پر عمل کرتے رہنا,فقیری کرنا,نیا راستہ اختیار کرنا,بہادر ہونا,A,"""لکیر کا فقیر ہونا"" کا محاورتی مطلب ہے: بغیر سوچے پرانے طریقوں پر عمل کرتے رہنا۔","اردو محاورے, درمیانہ"
Q1185,🤯 دماغ کا امتحان,M,باپ اور بیٹے کی عمروں کا مجموعہ 25 سال ہے۔ باپ بیٹے سے 4 گنا بڑا ہے۔ بیٹے کی عمر کیا ہے؟,3,5,7,10,B,بیٹا + باپ = 25، باپ = 4×بیٹا، لہٰذا بیٹا = 25/5 = 5 سال۔,"دماغ کا امتحان, درمیانہ"
Q1186,🤯 دماغ کا امتحان,M,ان میں سے کون سا عدد باقیوں سے مختلف ہے: 16، 12، 8، 24؟,24,12,8,16,B,باقی تمام اعداد جفت (even) ہیں مگر 12 طاق (odd) ہے۔,"دماغ کا امتحان, درمیانہ"
Q1187,👑 صرف ذہین لوگوں کے لیے,M,پاکستان اسٹاک ایکسچینج کہاں واقع ہے؟,لاہور,فیصل آباد,اسلام آباد,کراچی,D,درست جواب ہے: کراچی۔,"صرف ذہین لوگوں کے لیے, درمیانہ"
Q1188,🧩 دلچسپ پہیلیاں,M,وہ کون سی چیز ہے جو جتنی بھری ہو اتنی ہی کم آواز کرتی ہے؟,خالی برتن,پانی کی بوتل,بھرا ہوا برتن,ڈھول,C,بھرا ہوا برتن نسبتاً کم آواز کرتا ہے۔,"دلچسپ پہیلیاں, درمیانہ"
Q1189,🧩 دلچسپ پہیلیاں,M,وہ کون سی چیز ہے جو ہر بار نئی لگے مگر ہمیشہ ایک جیسی ہو؟,چاند,ستارہ,صبح کا سورج,بادل,C,یہ ایک لطیف پہیلی ہے جس کا جواب ہے: صبح کا سورج۔,"دلچسپ پہیلیاں, درمیانہ"
Q1190,🧠 99٪ لوگ غلط جواب دیتے ہیں,M,ایک چیز کی قیمت 200 روپے ہے۔ اس پر 15% رعایت ملے تو ادا کی جانے والی رقم کتنی ہوگی؟,170,200,160,180,A,15% رعایت = 30 روپے، لہٰذا ادا کی جانے والی رقم = 200 - 30 = 170 روپے۔,"99٪ لوگ غلط جواب دیتے ہیں, درمیانہ"
Q1191,🎭 الفاظ کا جادو,M,مہربان کا متضاد کیا ہے؟,سخت دل,خوش,پیارا,نرم,A,مہربانی کے مقابل سخت دلی آتی ہے,"الفاظ کا جادو, درمیانہ"
Q1192,🧩 دلچسپ پہیلیاں,M,وہ کیا ہے جو آپ کے ساتھ رہتا ہے مگر آپ اسے نہیں دیکھ سکتے؟,چہرہ,بات,سایہ,آواز,C,درست جواب ہے: سایہ۔,"دلچسپ پہیلیاں, درمیانہ"
Q1193,🎭 الفاظ کا جادو,M,"""عزت"" کا مترادف کیا ہے؟",توقیر,غرور,بھلائی,استحکام,A,"""عزت"" کا مترادف ""توقیر"" ہے۔","الفاظ کا جادو, درمیانہ"
Q1194,⏳ 5 سیکنڈ چیلنج,M,K2 دنیا کا کون سا بلند ترین پہاڑ ہے؟,چوتھا,دوسرا,تیسرا,پہلا,B,درست جواب ہے: دوسرا۔,"5 سیکنڈ چیلنج, درمیانہ"
Q1195,⏳ 5 سیکنڈ چیلنج,M,کون سا براعظم مکمل طور پر جنوبی نصف کرے میں واقع ہے؟,ایشیا,آسٹریلیا,یورپ,شمالی امریکہ,B,آسٹریلیا مکمل طور پر جنوبی نصف کرے میں واقع ہے۔,"5 سیکنڈ چیلنج, درمیانہ"
Q1196,😈 ٹرک سوالات,M,20 فٹ گہرے گڑھے میں گری چڑیا روز 3 فٹ چڑھتی اور 2 فٹ پھسلتی ہے۔ کب نکلے گی؟,18 دن,20 دن,19 دن,17 دن,D,درست جواب ہے: 17 دن۔,"ٹرک سوالات, درمیانہ"
Q1197,⏳ 5 سیکنڈ چیلنج,M,دنیا کا سب سے زیادہ آبادی والا ملک کون سا ہے؟,امریکہ,روس,چین,بھارت,D,درست جواب ہے: بھارت ✓۔,"5 سیکنڈ چیلنج, درمیانہ"
Q1198,⏳ 5 سیکنڈ چیلنج,M,پاکستان کا 'پھولوں کا شہر' کسے کہا جاتا ہے؟,لاہور,فیصل آباد,پشاور,پٹوکی,D,درست جواب ہے: پٹوکی۔,"5 سیکنڈ چیلنج, درمیانہ"
Q1199,😈 ٹرک سوالات,M,ایک برتن میں 10 لیٹر پانی ہے۔ 3 لیٹر نکال دیے 2 لیٹر ڈال دیے۔ اب کتنا پانی ہے,7,5,9,8,C,10-3+2=9 لیٹر۔,"ٹرک سوالات, درمیانہ"
Q1200,🧠 99٪ لوگ غلط جواب دیتے ہیں,M,ان میں سے کون سا عدد باقیوں سے مختلف ہے: 24، 12، 18، 36؟,18,24,12,36,A,باقی تمام اعداد جفت (even) ہیں مگر 18 طاق (odd) ہے۔,"99٪ لوگ غلط جواب دیتے ہیں, درمیانہ"
Q1201,🎭 الفاظ کا جادو,M,"""یقین"" کا متضاد کیا ہے؟",شک,انتشار,ناپاک,ناجائز,A,"""یقین"" کا متضاد ""شک"" ہے۔","الفاظ کا جادو, درمیانہ"
Q1202,📖 اردو محاورے,M,"اردو لفظ ""استغفار"" کا کیا مطلب ہے؟",معافی مانگنا,عبادت کرنا,شکر ادا کرنا,دعا کرنا,A,درست جواب ہے: معافی مانگنا۔,"اردو محاورے, درمیانہ"
Q1203,😈 ٹرک سوالات,M,ایک عورت کے 5 بیٹے ہیں، ہر بیٹے کی ایک بہن ہے، خاندان میں کل کتنے بچے ہیں؟,10,11,5,6,D,غور سے سوچیں، ظاہری الفاظ کے بجائے منطق استعمال کریں۔,"ٹرک سوالات, درمیانہ"
Q1204,🎭 الفاظ کا جادو,M,"""بدی"" کا مترادف کیا ہے؟",برائی,انکساری,غرور,استحکام,A,"""بدی"" کا مترادف ""برائی"" ہے۔","الفاظ کا جادو, درمیانہ"
Q1205,📖 اردو محاورے,M,"""منہ کالا کرنا"" کا مطلب کیا ہے؟",منہ دھونا,سیاہی لگانا,بدنام یا رسوا ہونا,خوش ہونا,C,"""منہ کالا کرنا"" کا محاورتی مطلب ہے: بدنام یا رسوا ہونا۔","اردو محاورے, درمیانہ"
Q1206,🧩 دلچسپ پہیلیاں,M,وہ کیا ہے جو دیکھنے میں چھوٹا مگر اثر بہت بڑا ڈالتا ہے؟,ایک اچھا لفظ,پتھر,سکہ,دانہ,A,یہ ایک لطیف پہیلی ہے جس کا جواب ہے: ایک اچھا لفظ۔,"دلچسپ پہیلیاں, درمیانہ"
Q1207,⏳ 5 سیکنڈ چیلنج,M,دنیا کا سب سے بڑا جاندار جانور کون سا ہے؟,جراف,افریقی ہاتھی,شارک,نیلی وہیل,D,نیلی وہیل دنیا کا سب سے بڑا جاندار جانور ہے۔,"5 سیکنڈ چیلنج, درمیانہ"
Q1208,🎭 الفاظ کا جادو,M,"""شکر"" کا مترادف کیا ہے؟",آفت,معصیت,کریم,حمد,D,"""شکر"" کا مترادف ""حمد"" ہے۔","الفاظ کا جادو, درمیانہ"
Q1209,👑 صرف ذہین لوگوں کے لیے,M,شاہ عبداللطیف بھٹائی کا مزار کہاں واقع ہے؟,کراچی,سکھر,بھٹ شاہ,حیدرآباد,C,شاہ عبداللطیف بھٹائی کا مزار بھٹ شاہ سندھ میں ہے۔,"صرف ذہین لوگوں کے لیے, درمیانہ"
Q1210,🎭 الفاظ کا جادو,M,"""منزل"" کا مترادف کیا ہے؟",بے وقوف,احترام,آتش,ٹھکانہ,D,"""منزل"" کا مترادف ""ٹھکانہ"" ہے۔","الفاظ کا جادو, درمیانہ"
Q1211,📖 اردو محاورے,M,"""آنکھوں میں سمانا"" کا مطلب کیا ہے؟",ناپسند ہونا,بھول جانا,بہت پیارا لگنا,نظر انداز ہونا,C,"""آنکھوں میں سمانا"" کا محاورتی مطلب ہے: بہت پیارا لگنا۔","اردو محاورے, درمیانہ"
Q1212,🤯 دماغ کا امتحان,M,دو مقداروں کا تناسب 2:5 ہے۔ اگر کل مقدار 28 ہے تو پہلی مقدار کتنی ہوگی؟,8,10,6,20,A,کل حصے = 2+5 = 7۔ پہلی مقدار = (2/7)×28 = 8۔,"دماغ کا امتحان, درمیانہ"
Q1213,🤯 دماغ کا امتحان,M,دو مقداروں کا تناسب 3:2 ہے۔ اگر کل مقدار 45 ہے تو پہلی مقدار کتنی ہوگی؟,25,18,29,27,D,کل حصے = 3+2 = 5۔ پہلی مقدار = (3/5)×45 = 27۔,"دماغ کا امتحان, درمیانہ"
Q1214,🤯 دماغ کا امتحان,M,دو مقداروں کا تناسب 4:3 ہے۔ اگر کل مقدار 28 ہے تو پہلی مقدار کتنی ہوگی؟,18,14,16,12,C,کل حصے = 4+3 = 7۔ پہلی مقدار = (4/7)×28 = 16۔,"دماغ کا امتحان, درمیانہ"
Q1215,🧠 99٪ لوگ غلط جواب دیتے ہیں,M,3000 روپے پر 12% سالانہ کے حساب سے 3 سال کا سود کتنا بنے گا؟,1280,980,1180,1080,D,سود = (اصل رقم × شرح × مدت)/100 = (3000×12×3)/100 = 1080 روپے۔,"99٪ لوگ غلط جواب دیتے ہیں, درمیانہ"
Q1216,⏳ 5 سیکنڈ چیلنج,M,پاکستان میں K2 کس پہاڑی سلسلے میں واقع ہے؟,سلیمان,ہندوکش,قراقرم,ہمالیہ,C,K2 قراقرم کے پہاڑی سلسلے میں واقع ہے۔,"5 سیکنڈ چیلنج, درمیانہ"
Q1217,🧩 دلچسپ پہیلیاں,M,وہ کون سی چیز ہے جو آپ کی بات سنتی ہے مگر خود بولتی نہیں؟,موبائل کا مائیکروفون,خاموشی,دل,کان,A,درست جواب ہے: موبائل کا مائیکروفون۔,"دلچسپ پہیلیاں, درمیانہ"
Q1218,😈 ٹرک سوالات,M,کون سی چیز خریدتے وقت کالی، استعمال کرتے وقت لال، اور آخر میں سفید ہو جاتی ہے؟,شمع,سگریٹ,اینٹ,کوئلہ,D,درست جواب ہے: کوئلہ۔,"ٹرک سوالات, درمیانہ"
Q1219,📖 اردو محاورے,M,"""منہ چھپانا"" محاورے کا کیا مطلب ہے؟",غصہ کرنا,شرمندہ ہونا,چھپ جانا,ڈر جانا,B,درست جواب ہے: شرمندہ ہونا ________________۔,"اردو محاورے, درمیانہ"
Q1220,🤯 دماغ کا امتحان,M,دو مقداروں کا تناسب 5:4 ہے۔ اگر کل مقدار 54 ہے تو پہلی مقدار کتنی ہوگی؟,28,24,32,30,D,کل حصے = 5+4 = 9۔ پہلی مقدار = (5/9)×54 = 30۔,"دماغ کا امتحان, درمیانہ"
Q1221,🎭 الفاظ کا جادو,M,"""چھوٹا"" کا متضاد کیا ہے؟",بعید,نادار,جھوٹا,بڑا,D,"""چھوٹا"" کا متضاد ""بڑا"" ہے۔","الفاظ کا جادو, درمیانہ"
Q1222,⏳ 5 سیکنڈ چیلنج,M,الیکٹرک ٹرین چل رہی ہے۔ دھواں کس طرف جائے گا؟,شمال,کہیں نہیں,ہوا کی سمت,جنوب,B,الیکٹرک ٹرین دھواں خارج نہیں کرتی۔,"5 سیکنڈ چیلنج, درمیانہ"
Q1223,🎭 الفاظ کا جادو,M,"""پرانا"" کا متضاد کیا ہے؟",نمکین,باہر,نادار,تازہ,D,"""پرانا"" کا متضاد ""تازہ"" ہے۔","الفاظ کا جادو, درمیانہ"
Q1224,👑 صرف ذہین لوگوں کے لیے,M,خیبر پختونخوا کا پرانا نام کیا تھا؟,صوبہ سرحد,پنجاب مغربی,بلوچستان شمالی,سندھ شمالی,A,درست جواب ہے: صوبہ سرحد۔,"صرف ذہین لوگوں کے لیے, درمیانہ"
Q1225,⏳ 5 سیکنڈ چیلنج,M,کنویں کا مینڈک اس محاورے کا کیا مطلب ہے؟,جو شخص بہت چھوٹی جگہ سے آیا ہو,جو شخص پانی کے قریب رہتا ہو,جو شخص محدود سوچ رکھتا ہو اور بڑی دنیا نہ دیکھی ہو,جو شخص بہت اونچی آواز میں بات کرتا ہو,C,درست جواب ہے: جو شخص محدود سوچ رکھتا ہو اور بڑی دنیا نہ دیکھی ہو۔,"5 سیکنڈ چیلنج, درمیانہ"
Q1226,⏳ 5 سیکنڈ چیلنج,M,"اردو میں ""غزل"" لفظ کس زبان سے آیا ہے؟",عربی,سنسکرت,ترکی,فارسی,A,درست جواب ہے: عربی۔,"5 سیکنڈ چیلنج, درمیانہ"
Q1227,🎭 الفاظ کا جادو,M,"""ہمت"" کا مترادف کیا ہے؟",کذب,رخ,پیدا کرنے والا,حوصلہ,D,"""ہمت"" کا مترادف ""حوصلہ"" ہے۔","الفاظ کا جادو, درمیانہ"
Q1228,🧠 99٪ لوگ غلط جواب دیتے ہیں,M,اگر 12 آم 12 بچوں میں برابر تقسیم کیے جائیں تو ہر بچے کو کتنے آم ملیں گے؟,0,3,1,2,C,درست جواب ہے: B)1 ✓۔,"99٪ لوگ غلط جواب دیتے ہیں, درمیانہ"
Q1229,🤯 دماغ کا امتحان,M,ایک چیز کی قیمت 250 روپے ہے۔ اس پر 30% رعایت ملے تو ادا کی جانے والی رقم کتنی ہوگی؟,165,185,250,175,D,30% رعایت = 75 روپے، لہٰذا ادا کی جانے والی رقم = 250 - 75 = 175 روپے۔,"دماغ کا امتحان, درمیانہ"
Q1230,📖 اردو محاورے,M,"""گھر کا بھیدی لنکا ڈھائے"" کا مطلب؟",گھر کا فرد,اندرونی شخص ہی نقصان پہنچائے,دوستی کرنا,مہمان آنا,B,درست جواب ہے: اندرونی شخص ہی نقصان پہنچائے۔,"اردو محاورے, درمیانہ"
Q1231,⏳ 5 سیکنڈ چیلنج,M,کمپیوٹر کا دماغ کس حصے کو کہا جاتا ہے؟,ماؤس,کی بورڈ,CPU,مانیٹر,C,درست جواب ہے: CPU۔,"5 سیکنڈ چیلنج, درمیانہ"
Q1232,🧠 99٪ لوگ غلط جواب دیتے ہیں,M,ایک چیز کی قیمت 200 روپے ہے۔ اس پر 30% رعایت ملے تو ادا کی جانے والی رقم کتنی ہوگی؟,200,150,140,130,C,30% رعایت = 60 روپے، لہٰذا ادا کی جانے والی رقم = 200 - 60 = 140 روپے۔,"99٪ لوگ غلط جواب دیتے ہیں, درمیانہ"
Q1233,😈 ٹرک سوالات,M,ایک ٹوکری میں 30 پھل تھے، بچوں نے 26 کھا لیے، ٹوکری میں کتنے پھل بچے؟,3,26,5,4,D,30-26=4 پھل بچے۔,"ٹرک سوالات, درمیانہ"
Q1234,🧩 دلچسپ پہیلیاں,M,وہ کیا ہے جو ہر موسم میں بدلتا رہتا ہے مگر خود کبھی نہیں بدلتا؟,پانی,درخت,پتھر,موسم کا نام,D,یہ ایک لطیف پہیلی ہے جس کا جواب ہے: موسم کا نام۔,"دلچسپ پہیلیاں, درمیانہ"
Q1235,👑 صرف ذہین لوگوں کے لیے,M,"اردو لفظ ""تقویٰ"" کا متضاد کیا ہے؟",گناہ,عبادت,محبت,بے دینی,D,درست جواب ہے: بے دینی ________________۔,"صرف ذہین لوگوں کے لیے, درمیانہ"
Q1236,🤯 دماغ کا امتحان,M,باپ اور بیٹے کی عمروں کا مجموعہ 21 سال ہے۔ باپ بیٹے سے 2 گنا بڑا ہے۔ بیٹے کی عمر کیا ہے؟,12,7,9,5,B,بیٹا + باپ = 21، باپ = 2×بیٹا، لہٰذا بیٹا = 21/3 = 7 سال۔,"دماغ کا امتحان, درمیانہ"
Q1237,🤯 دماغ کا امتحان,M,اگر ایک گاڑی 60 کلومیٹر فی گھنٹہ کی رفتار سے 2 گھنٹے چلے تو کتنی دور جائے گی,110,120,100,130,B,60×2=120 کلومیٹر۔,"دماغ کا امتحان, درمیانہ"
Q1238,🎭 الفاظ کا جادو,M,بے رحم کا متضاد کیا ہے؟,ظالم,نیک,رحم دل,سخت,C,بے رحم کا متضاد رحم دل ہے۔,"الفاظ کا جادو, درمیانہ"
Q1239,📖 اردو محاورے,M,"""جان پر کھیلنا"" کا مطلب کیا ہے؟",آرام سے کام کرنا,ڈرپوک ہونا,کھیل کھیلنا,اپنی جان خطرے میں ڈال کر کام کرنا,D,"""جان پر کھیلنا"" کا محاورتی مطلب ہے: اپنی جان خطرے میں ڈال کر کام کرنا۔","اردو محاورے, درمیانہ"
Q1240,🧠 99٪ لوگ غلط جواب دیتے ہیں,M,ایک گھڑی 3 بجے 3 بار بجتی ہے 4 بجے 4 بار۔ 6 بجے کتنی بار بجے گی؟,3 بار,12 بار,6 بار,9 بار,C,درست جواب ہے: 6 بار۔,"99٪ لوگ غلط جواب دیتے ہیں, درمیانہ"
Q1241,🧩 دلچسپ پہیلیاں,M,وہ کیا ہے جو جتنا بھرتا جاتا ہے اتنا ہی ہلکا محسوس ہوتا ہے؟,بیگ,صندوق,غبارہ,بالٹی,C,غبارے میں ہوا بھرنے سے وہ اوپر اٹھنے لگتا ہے۔,"دلچسپ پہیلیاں, درمیانہ"
Q1242,🧠 99٪ لوگ غلط جواب دیتے ہیں,M,اگر 15 سیب 3 بچوں میں برابر تقسیم کیے جائیں تو ہر بچے کو کتنے سیب ملیں گے؟,3,6,4,5,D,15 ÷ 3 = 5۔,"99٪ لوگ غلط جواب دیتے ہیں, درمیانہ"
Q1243,😈 ٹرک سوالات,M,ایک ٹوکری میں 10 پھل تھے، بچوں نے 6 کھا لیے، ٹوکری میں کتنے پھل بچے؟,3,5,4,6,C,10-6=4 پھل بچے۔,"ٹرک سوالات, درمیانہ"
Q1244,😈 ٹرک سوالات,M,ایک گھڑی 3 بجے 3 بار، 4 بجے 4 بار بجتی ہے، تو 6 بجے کتنی بار بجے گی؟,9 بار,12 بار,3 بار,6 بار,D,درست جواب ہے: 6 بار۔,"ٹرک سوالات, درمیانہ"
Q1245,🧩 دلچسپ پہیلیاں,M,وہ کون سی چیز ہے جو جتنی زیادہ ہوگی اتنی ہی کم نظر آئے گی؟,روشنی,پانی,اندھیرا,"""دھند""",D,"درست جواب ہے: ""دھند""۔","دلچسپ پہیلیاں, درمیانہ"
Q1246,🤯 دماغ کا امتحان,M,دو مقداروں کا تناسب 5:2 ہے۔ اگر کل مقدار 70 ہے تو پہلی مقدار کتنی ہوگی؟,52,48,20,50,D,کل حصے = 5+2 = 7۔ پہلی مقدار = (5/7)×70 = 50۔,"دماغ کا امتحان, درمیانہ"
Q1247,🎭 الفاظ کا جادو,M,"""بخیل"" کا مترادف کیا ہے؟",کنجوس,خامہ,صحیفہ,مہربان,A,"""بخیل"" کا مترادف ""کنجوس"" ہے۔","الفاظ کا جادو, درمیانہ"
Q1248,🧩 دلچسپ پہیلیاں,M,وہ کیا ہے جو جتنا آگے بڑھتا ہے اتنا ہی پیچھے چھوڑتا جاتا ہے؟,ہوا,وقت,قدم,گاڑی,C,قدم آگے بڑھتے ہیں تو پیچھے نشانات رہ جاتے ہیں۔,"دلچسپ پہیلیاں, درمیانہ"
Q1249,⏳ 5 سیکنڈ چیلنج,M,پاکستان کی سب سے پرانی یونیورسٹی کون سی ہے,جامعہ سندھ,جامعہ کراچی,جامعہ پنجاب,جامعہ پشاور,C,جامعہ پنجاب 1882 میں قائم ہوئی اور پاکستان کی قدیم ترین یونیورسٹی ہے۔,"5 سیکنڈ چیلنج, درمیانہ"
Q1250,😈 ٹرک سوالات,M,ایک ٹوکری میں 21 پھل تھے، بچوں نے 1 کھا لیے، ٹوکری میں کتنے پھل بچے؟,19,1,20,21,C,21-1=20 پھل بچے۔,"ٹرک سوالات, درمیانہ"
Q1251,⏳ 5 سیکنڈ چیلنج,M,دیوسائی نیشنل پارک کو کس نام سے بھی جانا جاتا ہے؟,نمک کا صحرا,دیوؤں کی سرزمین,گلابوں کی وادی,پرندوں کا گھر,B,دیوسائی دنیا کے بلند ترین میدانوں میں سے ایک ہے۔,"5 سیکنڈ چیلنج, درمیانہ"
Q1252,🎭 الفاظ کا جادو,M,"""اتحاد"" کا متضاد کیا ہے؟",شک,مہنگا,تفریق,انتشار,D,"""اتحاد"" کا متضاد ""انتشار"" ہے۔","الفاظ کا جادو, درمیانہ"
Q1253,🤯 دماغ کا امتحان,M,دو مقداروں کا تناسب 4:3 ہے۔ اگر کل مقدار 91 ہے تو پہلی مقدار کتنی ہوگی؟,39,50,54,52,D,کل حصے = 4+3 = 7۔ پہلی مقدار = (4/7)×91 = 52۔,"دماغ کا امتحان, درمیانہ"
Q1254,😈 ٹرک سوالات,M,دو ٹرینیں 45 اور 20 کلومیٹر فی گھنٹہ کی رفتار سے ایک دوسرے کی طرف آ رہی ہیں، درمیانی فاصلہ 130 کلومیٹر ہے (سیٹ 4)۔ کتنے گھنٹوں میں ملیں گی؟,4,1,2,3,C,وقت = فاصلہ/مجموعی رفتار = 130/65 = 2 گھنٹے۔,"ٹرک سوالات, درمیانہ"
Q1255,👑 صرف ذہین لوگوں کے لیے,M,سعادت حسن منٹو کا پورا نام کیا ہے؟,سعادت علی,منصور حسن,حسن رضا,سعادت حسن منٹو,D,درست جواب ہے: سعادت حسن منٹو۔,"صرف ذہین لوگوں کے لیے, درمیانہ"
Q1256,👑 صرف ذہین لوگوں کے لیے,M,جہانگیر خان کس کھیل سے تعلق رکھتے تھے؟,ہاکی,کرکٹ,اسکواش,ٹینس,C,درست جواب ہے: اسکواش۔,"صرف ذہین لوگوں کے لیے, درمیانہ"
Q1257,🧩 دلچسپ پہیلیاں,M,وہ کون سی چیز ہے جو دی جائے تو خرچ نہیں ہوتی بلکہ لوٹ آتی ہے؟,کھانا,پیسہ,مسکراہٹ/محبت,پانی,C,یہ ایک لطیف پہیلی ہے جس کا جواب ہے: مسکراہٹ/محبت۔,"دلچسپ پہیلیاں, درمیانہ"
Q1258,⏳ 5 سیکنڈ چیلنج,M,پاکستان میں دنیا کا دوسرا بلند ترین پہاڑ کون سا ہے؟,ترچ میر,کے ٹو (K2),نانگا پربت,راکاپوشی,B,درست جواب ہے: کے ٹو (K2)۔,"5 سیکنڈ چیلنج, درمیانہ"
Q1259,🧠 99٪ لوگ غلط جواب دیتے ہیں,M,دو مقداروں کا تناسب 4:2 ہے۔ اگر کل مقدار 42 ہے تو پہلی مقدار کتنی ہوگی؟,30,14,28,26,C,کل حصے = 4+2 = 6۔ پہلی مقدار = (4/6)×42 = 28۔,"99٪ لوگ غلط جواب دیتے ہیں, درمیانہ"
Q1260,🧠 99٪ لوگ غلط جواب دیتے ہیں,M,3000 روپے پر 15% سالانہ کے حساب سے 3 سال کا سود کتنا بنے گا؟,1450,1550,1250,1350,D,سود = (اصل رقم × شرح × مدت)/100 = (3000×15×3)/100 = 1350 روپے۔,"99٪ لوگ غلط جواب دیتے ہیں, درمیانہ"
Q1261,😈 ٹرک سوالات,M,ایک ٹوکری میں 28 پھل تھے، بچوں نے 5 کھا لیے، ٹوکری میں کتنے پھل بچے؟,22,24,23,5,C,28-5=23 پھل بچے۔,"ٹرک سوالات, درمیانہ"
Q1262,🧩 دلچسپ پہیلیاں,M,وہ کون سی چیز ہے جو ایک بار ٹوٹ جائے تو کبھی ویسی نہیں بنتی؟,بھروسہ,شیشہ,برتن,کھلونا,A,یہ ایک لطیف پہیلی ہے جس کا جواب ہے: بھروسہ۔,"دلچسپ پہیلیاں, درمیانہ"
Q1263,🤯 دماغ کا امتحان,M,ان میں سے کون سا عدد باقیوں سے مختلف ہے: 12، 6، 9، 18؟,18,6,9,12,C,باقی تمام اعداد جفت (even) ہیں مگر 9 طاق (odd) ہے۔,"دماغ کا امتحان, درمیانہ"
Q1264,🧠 99٪ لوگ غلط جواب دیتے ہیں,M,اگر 5 مزدور ایک کام 5 دن میں کرتے ہیں تو اسی رفتار سے ایک مزدور کتنے دن لے گا,10,1,5,25,D,کام کی مقدار پانچ مزدور دن کے برابر ہے یعنی 5 ضرب 5 = 25 مزدور دن۔,"99٪ لوگ غلط جواب دیتے ہیں, درمیانہ"
Q1265,🤯 دماغ کا امتحان,M,دو مقداروں کا تناسب 2:3 ہے۔ اگر کل مقدار 75 ہے تو پہلی مقدار کتنی ہوگی؟,30,32,45,28,A,کل حصے = 2+3 = 5۔ پہلی مقدار = (2/5)×75 = 30۔,"دماغ کا امتحان, درمیانہ"
Q1266,🧩 دلچسپ پہیلیاں,M,وہ کیا ہے جو دیکھنے میں مشکل مگر کرنے میں آسان لگتا ہے؟,امتحان دینا,معافی مانگنا,سفر کرنا,کھیل کھیلنا,B,یہ ایک لطیف پہیلی ہے جس کا جواب ہے: معافی مانگنا۔,"دلچسپ پہیلیاں, درمیانہ"
Q1267,🤯 دماغ کا امتحان,M,باپ اور بیٹے کی عمروں کا مجموعہ 20 سال ہے۔ باپ بیٹے سے 3 گنا بڑا ہے۔ بیٹے کی عمر کیا ہے؟,3,7,5,10,C,بیٹا + باپ = 20، باپ = 3×بیٹا، لہٰذا بیٹا = 20/4 = 5 سال۔,"دماغ کا امتحان, درمیانہ"
Q1268,👑 صرف ذہین لوگوں کے لیے,M,پاکستان کا پہلا آئین کب منظور ہوا,1973,1956,1962,1947,B,پاکستان کا پہلا آئین 1956 میں نافذ ہوا۔,"صرف ذہین لوگوں کے لیے, درمیانہ"
Q1269,🎭 الفاظ کا جادو,M,رحم دل کا متضاد کیا ہے؟,نیک,عدل,مہربان,ظالم,D,درست جواب ہے: ظالم۔,"الفاظ کا جادو, درمیانہ"
Q1270,📖 اردو محاورے,M,کان پر جوں نہ رینگنا کا مطلب کیا ہے؟,ڈر جانا,غور نہ کرنا,خوش ہونا,جلدی سننا,B,اس کا مطلب کسی بات کا کوئی اثر نہ ہونا ہے۔,"اردو محاورے, درمیانہ"
Q1271,🎭 الفاظ کا جادو,M,حوصلہ کا مترادف کیا ہے؟,ڈر,سستی,غصہ,ہمت,D,حوصلہ اور ہمت ہم معنی الفاظ ہیں,"الفاظ کا جادو, درمیانہ"
Q1272,👑 صرف ذہین لوگوں کے لیے,M,پاکستان کی پہلی مردم شماری کس سال ہوئی؟,1961,1951,1947,1956,B,پاکستان کی پہلی باقاعدہ مردم شماری 1951 میں ہوئی۔,"صرف ذہین لوگوں کے لیے, درمیانہ"
Q1273,⏳ 5 سیکنڈ چیلنج,M,انسانی جسم کی سب سے لمبی ہڈی کون سی ہے؟,فیمر,ریڑھ کی ہڈی,پاؤں,ہڈی بازو,A,درست جواب ہے: فیمر۔,"5 سیکنڈ چیلنج, درمیانہ"
Q1274,👑 صرف ذہین لوگوں کے لیے,M,بلڈ گروپ کا نظام کس نے دریافت کیا؟,فلیمنگ,پاسچر,کارل لینڈسٹائنر,مینڈل,C,درست جواب ہے: کارل لینڈسٹائنر۔,"صرف ذہین لوگوں کے لیے, درمیانہ"
Q1275,🧩 دلچسپ پہیلیاں,M,وہ کیا ہے جو بڑھتا بھی ہے اور گھٹتا بھی مگر کبھی چلتا نہیں؟,وقت,چاند,سورج,بادل,B,درست جواب ہے: B)چاند ✓۔,"دلچسپ پہیلیاں, درمیانہ"
Q1276,🧠 99٪ لوگ غلط جواب دیتے ہیں,M,ایک چیز کی قیمت 250 روپے ہے۔ اس پر 15% رعایت ملے تو ادا کی جانے والی رقم کتنی ہوگی؟,203,250,213,223,C,15% رعایت = 37 روپے، لہٰذا ادا کی جانے والی رقم = 250 - 37 = 213 روپے۔,"99٪ لوگ غلط جواب دیتے ہیں, درمیانہ"
Q1277,🤯 دماغ کا امتحان,M,87، 40، 51، 50 کا اوسط (average) کیا ہوگا؟,57,56,58,59,A,اوسط = تمام اعداد کا مجموعہ ÷ تعداد = 228/4 = 57۔,"دماغ کا امتحان, درمیانہ"
Q1278,🧩 دلچسپ پہیلیاں,M,وہ کون سی چیز ہے جو کاٹنے پر بڑھتی اور بغیر کاٹے رکتی نہیں؟,رسی,بال اور ناخن,لکڑی,درخت,B,یہ ایک لطیف پہیلی ہے جس کا جواب ہے: بال اور ناخن۔,"دلچسپ پہیلیاں, درمیانہ"
Q1279,👑 صرف ذہین لوگوں کے لیے,M,قرآن مجید کی سب سے پہلی سورت کون سی ہے؟,سورۂ فاتحہ,سورۂ یٰسین,سورۂ بقرہ,سورۂ اخلاص,A,قرآن مجید کا آغاز سورۂ فاتحہ سے ہوتا ہے۔,"صرف ذہین لوگوں کے لیے, درمیانہ"
Q1280,🤯 دماغ کا امتحان,M,ایک چیز کی قیمت 500 روپے ہے۔ اس پر 15% رعایت ملے تو ادا کی جانے والی رقم کتنی ہوگی؟,500,425,415,435,B,15% رعایت = 75 روپے، لہٰذا ادا کی جانے والی رقم = 500 - 75 = 425 روپے۔,"دماغ کا امتحان, درمیانہ"
Q1281,🎭 الفاظ کا جادو,M,"""راحت"" کا مترادف کیا ہے؟",آرام,عدل,آفت,خدشہ,A,"""راحت"" کا مترادف ""آرام"" ہے۔","الفاظ کا جادو, درمیانہ"
Q1282,⏳ 5 سیکنڈ چیلنج,M,پاکستان کی سب سے لمبی دریا کون سا ہے؟,دریائے سندھ,چناب,جہلم,راوی,A,درست جواب ہے: دریائے سندھ۔,"5 سیکنڈ چیلنج, درمیانہ"
Q1283,⏳ 5 سیکنڈ چیلنج,M,انڈے کھانے اور بچے گنوانے محاورے کا کیا مطلب ہے؟,بہت زیادہ پیسہ کمانا,بہت زیادہ کھانا,دوسرے کے فائدے کے لیے خود نقصان اٹھانا,بچوں کو کھو دینا,C,درست جواب ہے: دوسرے کے فائدے کے لیے خود نقصان اٹھانا۔,"5 سیکنڈ چیلنج, درمیانہ"
Q1284,🤯 دماغ کا امتحان,M,دو مقداروں کا تناسب 4:3 ہے۔ اگر کل مقدار 35 ہے تو پہلی مقدار کتنی ہوگی؟,20,15,18,22,A,کل حصے = 4+3 = 7۔ پہلی مقدار = (4/7)×35 = 20۔,"دماغ کا امتحان, درمیانہ"
Q1285,⏳ 5 سیکنڈ چیلنج,M,سلطان محمود غزنوی کتنے حملے کر چکا تھا؟,10,15,17,20,C,درست جواب ہے: 17۔,"5 سیکنڈ چیلنج, درمیانہ"
Q1286,🧠 99٪ لوگ غلط جواب دیتے ہیں,M,باپ اور بیٹے کی عمروں کا مجموعہ 78 سال ہے۔ باپ بیٹے سے 5 گنا بڑا ہے۔ بیٹے کی عمر کیا ہے؟,18,11,13,15,C,بیٹا + باپ = 78، باپ = 5×بیٹا، لہٰذا بیٹا = 78/6 = 13 سال۔,"99٪ لوگ غلط جواب دیتے ہیں, درمیانہ"
Q1287,🧩 دلچسپ پہیلیاں,M,وہ کیا ہے جو رات کو بغیر بلائے آتا ہے اور صبح چلا جاتا ہے؟,بادل,سورج,ستارے,چاند,C,یہ ایک لطیف پہیلی ہے جس کا جواب ہے: ستارے۔,"دلچسپ پہیلیاں, درمیانہ"
Q1288,🧩 دلچسپ پہیلیاں,M,وہ کیا ہے جو جتنا خشک ہوتا ہے اتنا ہی زیادہ گیلا کرتا ہے؟,اسفنج,روئی,تولیہ,صابن,C,تولیہ خود خشک ہوتا ہے مگر جسم کو خشک کرتے ہوئے گیلا ہو جاتا ہے۔,"دلچسپ پہیلیاں, درمیانہ"
Q1289,🧠 99٪ لوگ غلط جواب دیتے ہیں,M,ایک آدمی نے 10 موم بتیاں جلائیں۔ 2 بجھ گئیں۔ 3 اور بجھ گئیں۔ باقی کتنی؟,5 جلتی رہیں گی,5 ہیں جو پہلے سے بجھی تھیں,5 بجھ چکی ہیں,5,B,درست جواب ہے: 5 ہیں جو پہلے سے بجھی تھیں۔,"99٪ لوگ غلط جواب دیتے ہیں, درمیانہ"
Q1290,🎭 الفاظ کا جادو,M,بہادری کا مترادف کیا ہے؟,شجاعت,کمزوری,سستی,بزدلی,A,شجاعت بہادری کا مترادف ہے۔,"الفاظ کا جادو, درمیانہ"
Q1291,🎭 الفاظ کا جادو,M,"""گلستان"" کا مطلب کیا ہے؟",ذکر یا بیان,رات,باغ,سمندر,C,"""گلستان"" کا مطلب ہے: باغ۔","الفاظ کا جادو, درمیانہ"
Q1292,🧩 دلچسپ پہیلیاں,M,وہ کیا ہے جو آپ کو معلوم ہوتا ہے مگر ہر کسی کو نہیں بتاتے؟,راز,عمر,پتہ,نام,A,راز ایسی بات ہوتی ہے جسے عام طور پر دوسروں سے چھپایا جاتا ہے۔,"دلچسپ پہیلیاں, درمیانہ"
Q1293,🧠 99٪ لوگ غلط جواب دیتے ہیں,M,1000 روپے پر 5% سالانہ کے حساب سے 1 سال کا سود کتنا بنے گا؟,50,150,0,250,A,سود = (اصل رقم × شرح × مدت)/100 = (1000×5×1)/100 = 50 روپے۔,"99٪ لوگ غلط جواب دیتے ہیں, درمیانہ"
Q1294,🎭 الفاظ کا جادو,M,"""اتفاق"" کا متضاد کیا ہے؟",تنگ نظری,اختلاف,تذبذب,لالچ,B,"""اتفاق"" کا متضاد ""اختلاف"" ہے۔","الفاظ کا جادو, درمیانہ"
Q1295,👑 صرف ذہین لوگوں کے لیے,M,"اردو لفظ ""توبہ"" کا مترادف کیا ہے؟",دعا,عبادت,گناہ,معافی مانگنا,D,درست جواب ہے: معافی مانگنا ________________۔,"صرف ذہین لوگوں کے لیے, درمیانہ"
Q1296,📖 اردو محاورے,M,"""موم کی ناک ہونا"" کا مطلب کیا ہے؟",ضدی ہونا,سخت ہونا,بہت آسانی سے ہر بات مان لینے والا ہونا,بہادر ہونا,C,"""موم کی ناک ہونا"" کا محاورتی مطلب ہے: بہت آسانی سے ہر بات مان لینے والا ہونا۔","اردو محاورے, درمیانہ"
Q1297,👑 صرف ذہین لوگوں کے لیے,M,انسانی آنکھ کتنے رنگ پہچان سکتی ہے؟,لاکھوں رنگ,صرف 12 رنگ,صرف 7 رنگ,صرف 3 رنگ,A,درست جواب ہے: لاکھوں رنگ۔,"صرف ذہین لوگوں کے لیے, درمیانہ"
Q1298,😈 ٹرک سوالات,M,ایک ٹوکری میں 26 پھل تھے، بچوں نے 8 کھا لیے، ٹوکری میں کتنے پھل بچے؟,8,18,19,17,B,26-8=18 پھل بچے۔,"ٹرک سوالات, درمیانہ"
Q1299,🧩 دلچسپ پہیلیاں,M,وہ کون سی چیز ہے جسے جتنا صاف کرو اتنی ہی کالی ہوتی جاتی ہے؟,شیشہ,جوتا,چولہا,تختہ سیاہ,D,بلیک بورڈ کو صاف کرنے پر چاک کی سفیدی ہٹتی ہے اور وہ مزید کالا نظر آتا ہے۔,"دلچسپ پہیلیاں, درمیانہ"
Q1300,👑 صرف ذہین لوگوں کے لیے,M,پاکستان کا سب سے بڑا جزیرہ کون سا ہے,چرنا,بڈو,منوڑا,آسٹولا,B,جزیرہ بڈو پاکستان کا سب سے بڑا جزیرہ ہے۔,"صرف ذہین لوگوں کے لیے, درمیانہ"
Q1301,⏳ 5 سیکنڈ چیلنج,M,انسانی جسم میں سب سے بڑی ہڈی کون سی ہے؟,پنڈلی کی ہڈی,بازو کی ہڈی,ریڑھ کی ہڈی,ران کی ہڈی,D,ران کی ہڈی (Femur) جسم کی سب سے بڑی ہڈی ہے۔,"5 سیکنڈ چیلنج, درمیانہ"
Q1302,⏳ 5 سیکنڈ چیلنج,M,انسانی جسم میں کیلشیم سب سے زیادہ کہاں پایا جاتا ہے؟,ہڈیاں,پٹھوں,جگر,خون,A,درست جواب ہے: ہڈیاں۔,"5 سیکنڈ چیلنج, درمیانہ"
Q1303,😈 ٹرک سوالات,M,ایک ٹوکری میں 17 پھل تھے، بچوں نے 15 کھا لیے، ٹوکری میں کتنے پھل بچے؟,3,15,1,2,D,17-15=2 پھل بچے۔,"ٹرک سوالات, درمیانہ"
Q1304,🎭 الفاظ کا جادو,M,"""قبول"" کا متضاد کیا ہے؟",تفریق,رد,بےترتیبی,بیماری,B,"""قبول"" کا متضاد ""رد"" ہے۔","الفاظ کا جادو, درمیانہ"
Q1305,👑 صرف ذہین لوگوں کے لیے,M,ملتان کو کس چیز کا شہر کہا جاتا ہے؟,پھولوں کا شہر,روشنیوں کا شہر,اولیاء کا شہر,محلات کا شہر,C,درست جواب ہے: اولیاء کا شہر۔,"صرف ذہین لوگوں کے لیے, درمیانہ"
Q1306,📖 اردو محاورے,M,"""تیل کی دھار دیکھنا"" کا مطلب کیا ہے؟",تیل ڈھونڈنا,تیل بیچنا,انتظار کر کے نتیجہ معلوم کرنا,جلدی فیصلہ کرنا,C,"""تیل کی دھار دیکھنا"" کا محاورتی مطلب ہے: انتظار کر کے نتیجہ معلوم کرنا۔","اردو محاورے, درمیانہ"
Q1307,🧠 99٪ لوگ غلط جواب دیتے ہیں,M,باپ اور بیٹے کی عمروں کا مجموعہ 72 سال ہے۔ باپ بیٹے سے 3 گنا بڑا ہے۔ بیٹے کی عمر کیا ہے؟,20,23,18,16,C,بیٹا + باپ = 72، باپ = 3×بیٹا، لہٰذا بیٹا = 72/4 = 18 سال۔,"99٪ لوگ غلط جواب دیتے ہیں, درمیانہ"
Q1308,📖 اردو محاورے,M,"""ہوا میں تیر چلانا"" کا مطلب کیا ہے؟",تیر اندازی سیکھنا,نشانہ لگانا,درست اندازہ لگانا,بغیر مکمل معلومات کے قیاس آرائی کرنا,D,"""ہوا میں تیر چلانا"" کا محاورتی مطلب ہے: بغیر مکمل معلومات کے قیاس آرائی کرنا۔","اردو محاورے, درمیانہ"
Q1309,👑 صرف ذہین لوگوں کے لیے,M,قرارداد لاہور بعد میں کس نام سے مشہور ہوئی؟,قرارداد دہلی,قرارداد پاکستان,قرارداد مقاصد,قرارداد آزادی,B,درست جواب ہے: قرارداد پاکستان۔,"صرف ذہین لوگوں کے لیے, درمیانہ"
Q1310,🧠 99٪ لوگ غلط جواب دیتے ہیں,M,ان میں سے کون سا عدد باقیوں سے مختلف ہے: 18، 36، 27، 54؟,54,18,36,27,D,باقی تمام اعداد جفت (even) ہیں مگر 27 طاق (odd) ہے۔,"99٪ لوگ غلط جواب دیتے ہیں, درمیانہ"
Q1311,🎭 الفاظ کا جادو,M,"""سکون"" کا متضاد کیا ہے؟",نیا,ہلکا,اندھیرا,بےچینی,D,"""سکون"" کا متضاد ""بےچینی"" ہے۔","الفاظ کا جادو, درمیانہ"
Q1312,⏳ 5 سیکنڈ چیلنج,M,کمپیوٹر کا مرکزی پروسیسنگ حصہ کیا کہلاتا ہے؟,Mouse,RAM,USB,CPU,D,درست جواب ہے: CPU۔,"5 سیکنڈ چیلنج, درمیانہ"
Q1313,👑 صرف ذہین لوگوں کے لیے,M,پاکستان کا پہلا ایٹمی تجربہ کب کیا گیا؟,28 مئی 1998,14 اگست 1947,6 ستمبر 1965,11 مئی 1998,A,درست جواب ہے: 28 مئی 1998۔,"صرف ذہین لوگوں کے لیے, درمیانہ"
Q1314,🎭 الفاظ کا جادو,M,"""صداقت"" کا متضاد کیا ہے؟",بخل,لالچ,تذبذب,منافقت,D,"""صداقت"" کا متضاد ""منافقت"" ہے۔","الفاظ کا جادو, درمیانہ"
Q1315,📖 اردو محاورے,M,"""چراغ پا ہونا"" کا مطلب کیا ہے؟",سخت غصے میں آ جانا,سو جانا,خوش ہونا,روشنی جلانا,A,"""چراغ پا ہونا"" کا محاورتی مطلب ہے: سخت غصے میں آ جانا۔","اردو محاورے, درمیانہ"
Q1316,🧩 دلچسپ پہیلیاں,M,وہ کون سی چیز ہے جو ہمیشہ آتی ہے مگر کبھی پہنچتی نہیں؟,صبح,وقت,کل,آج,C,کل ہمیشہ آنے والا ہوتا ہے مگر جب آتا ہے تو آج بن جاتا ہے۔,"دلچسپ پہیلیاں, درمیانہ"
Q1317,😈 ٹرک سوالات,M,ایک ٹوکری میں 26 پھل تھے، بچوں نے 1 کھا لیے، ٹوکری میں کتنے پھل بچے؟,26,25,1,24,B,26-1=25 پھل بچے۔,"ٹرک سوالات, درمیانہ"
Q1318,⏳ 5 سیکنڈ چیلنج,M,انٹرنیٹ پر ویب سائٹ کا پتہ کس نام سے جانا جاتا ہے؟,CPU,RAM,URL,USB,C,درست جواب ہے: URL۔,"5 سیکنڈ چیلنج, درمیانہ"
Q1319,👑 صرف ذہین لوگوں کے لیے,M,دیوسائی میدان کس صوبے میں واقع ہے؟,خیبر پختونخوا,گلگت بلتستان,پنجاب,بلوچستان,B,درست جواب ہے: گلگت بلتستان۔,"صرف ذہین لوگوں کے لیے, درمیانہ"
Q1320,🤯 دماغ کا امتحان,M,80 روپے میں خریدی چیز 100 میں بیچی گئی۔ منافع کتنے فیصد ہوا؟,20%,"""25%""",30%,15%,B,"درست جواب ہے: ""25%""۔","دماغ کا امتحان, درمیانہ"
Q1321,😈 ٹرک سوالات,M,ایک ٹوکری میں 17 پھل تھے، بچوں نے 6 کھا لیے، ٹوکری میں کتنے پھل بچے؟,6,10,11,12,C,17-6=11 پھل بچے۔,"ٹرک سوالات, درمیانہ"
Q1322,🧩 دلچسپ پہیلیاں,M,وہ کیا ہے جو آپ کا ہے مگر استعمال دوسرے زیادہ کرتے ہیں؟,فون,نام,گھر,قلم,B,درست جواب ہے: B)نام ✓۔,"دلچسپ پہیلیاں, درمیانہ"
Q1323,📖 اردو محاورے,M,"""کان میں تیل ڈالنا"" کا مطلب کیا ہے؟",بہت غور سے سننا,جان بوجھ کر کسی بات پر توجہ نہ دینا,بیمار ہونا,کان صاف کرنا,B,"""کان میں تیل ڈالنا"" کا محاورتی مطلب ہے: جان بوجھ کر کسی بات پر توجہ نہ دینا۔","اردو محاورے, درمیانہ"
Q1324,⏳ 5 سیکنڈ چیلنج,M,"اردو کے پہلے ناول ""امراؤ جان ادا"" کے مصنف کون تھے؟",سر سید احمد خان,مرزا محمد ہادی رسوا,پریم چند,ڈپٹی نذیر احمد,B,درست جواب ہے: مرزا محمد ہادی رسوا۔,"5 سیکنڈ چیلنج, درمیانہ"
Q1325,📖 اردو محاورے,M,بھینس کے آگے بین بجانا کا مطلب؟,دعوت دینا,خوشی منانا,موسیقی سکھانا,بیکار کوش,D,نااہل کے سامنے بات,"اردو محاورے, درمیانہ"
Q1326,🤯 دماغ کا امتحان,M,ان میں سے کون سا عدد باقیوں سے مختلف ہے: 32، 16، 48، 24؟,48,32,24,16,C,باقی تمام اعداد جفت (even) ہیں مگر 24 طاق (odd) ہے۔,"دماغ کا امتحان, درمیانہ"
Q1327,🧠 99٪ لوگ غلط جواب دیتے ہیں,M,"ایک آدمی نے 10 گھوڑے خریدے اور ہر گھوڑے کا نام ""پاکستان"" رکھا۔ ""پاکستان"" کتنی بار نام رکھا گیا؟",11 بار,ایک ہی نام رکھا گیا,0 بار,10 بار,B,درست جواب ہے: ایک ہی نام رکھا گیا۔,"99٪ لوگ غلط جواب دیتے ہیں, درمیانہ"
Q1328,📖 اردو محاورے,M,"""ہاتھ سے نکل جانا"" کا مطلب کیا ہے؟",سو جانا,خوش ہونا,ہاتھ میں آنا,قابو سے باہر ہو جانا,D,"""ہاتھ سے نکل جانا"" کا محاورتی مطلب ہے: قابو سے باہر ہو جانا۔","اردو محاورے, درمیانہ"
Q1329,⏳ 5 سیکنڈ چیلنج,M,پاکستان کا سب سے بلند آبی ذخیرہ کون سا ہے؟,منگلا,خانپور,تربیلا,حب,C,درست جواب ہے: تربیلا۔,"5 سیکنڈ چیلنج, درمیانہ"
Q1330,👑 صرف ذہین لوگوں کے لیے,M,فیصل مسجد کس ملک کے تعاون سے تعمیر ہوئی؟,ایران,مصر,ترکی,سعودی عرب,D,درست جواب ہے: سعودی عرب۔,"صرف ذہین لوگوں کے لیے, درمیانہ"
Q1331,📖 اردو محاورے,M,"""منہ سے پھول جھڑنا"" کا مطلب کیا ہے؟",خاموش رہنا,گالی دینا,چیخنا,بہت میٹھی اور اچھی باتیں کرنا,D,"""منہ سے پھول جھڑنا"" کا محاورتی مطلب ہے: بہت میٹھی اور اچھی باتیں کرنا۔","اردو محاورے, درمیانہ"
Q1332,🧩 دلچسپ پہیلیاں,M,وہ کیا ہے جو ایک بار کہی جائے تو واپس نہیں لی جا سکتی؟,تحفہ,وعدہ نامہ,بات/لفظ,خط,C,یہ ایک لطیف پہیلی ہے جس کا جواب ہے: بات/لفظ۔,"دلچسپ پہیلیاں, درمیانہ"
Q1333,🧩 دلچسپ پہیلیاں,M,وہ کیا ہے جو انسان کے قریب ہو کر بھی اسے چھو نہیں سکتا؟,ہوا,دھوپ,سایہ,پانی,A,یہ ایک لطیف پہیلی ہے جس کا جواب ہے: ہوا۔,"دلچسپ پہیلیاں, درمیانہ"
Q1334,🧩 دلچسپ پہیلیاں,M,وہ کیا ہے جو ہر شخص کے پاس ہوتا ہے مگر کوئی دیکھ نہیں سکتا؟,سانس,سوچ,نام,سایہ,B,سوچ نظر نہیں آتی مگر موجود ہوتی ہے,"دلچسپ پہیلیاں, درمیانہ"
Q1335,😈 ٹرک سوالات,M,ایک مستطیل کی لمبائی 10 میٹر اور چوڑائی 5 میٹر ہے۔ اس کا رقبہ کیا ہوگا,30,25,15,50,D,رقبہ = لمبائی × چوڑائی = 10 × 5 = 50 مربع میٹر۔,"ٹرک سوالات, درمیانہ"
Q1336,🧠 99٪ لوگ غلط جواب دیتے ہیں,M,3000 روپے پر 10% سالانہ کے حساب سے 2 سال کا سود کتنا بنے گا؟,800,500,600,700,C,سود = (اصل رقم × شرح × مدت)/100 = (3000×10×2)/100 = 600 روپے۔,"99٪ لوگ غلط جواب دیتے ہیں, درمیانہ"
Q1337,🎭 الفاظ کا جادو,M,"""ماں"" کا مترادف کیا ہے؟",والد,والدہ,فوج,دخترجن,B,"""ماں"" کا مترادف ""والدہ"" ہے۔","الفاظ کا جادو, درمیانہ"
Q1338,📖 اردو محاورے,M,"""ناک کٹنا"" محاورے کا کیا مطلب ہے؟",شرمندہ ہونا,ناک کاٹنا,عزت جانا,ڈر جانا,C,درست جواب ہے: عزت جانا ________________۔,"اردو محاورے, درمیانہ"
Q1339,🎭 الفاظ کا جادو,M,"""دوست"" کا مترادف کیا ہے؟",سپنا,رفیق,دولت مند,کذب,B,"""دوست"" کا مترادف ""رفیق"" ہے۔","الفاظ کا جادو, درمیانہ"
Q1340,🧩 دلچسپ پہیلیاں,M,وہ کون سی چیز ہے جو جتنی نکالو اتنی ہی بڑی ہوتی جاتی ہے؟,دریا,گڑھا,غبارہ,کنواں,B,گڑھے سے مٹی نکالتے جائیں تو وہ مزید بڑا ہوتا جاتا ہے۔,"دلچسپ پہیلیاں, درمیانہ"
Q1341,📖 اردو محاورے,M,"اردو لفظ ""خاکستر"" کا مطلب کیا ہے؟",آگ,مٹی,دھواں,راکھ,D,درست جواب ہے: راکھ۔,"اردو محاورے, درمیانہ"
Q1342,👑 صرف ذہین لوگوں کے لیے,M,قدیم سومیری تہذیب کس علاقے میں قائم تھی؟,یونان,چین,بین النہرین (موجودہ عراق),مصر,C,درست جواب ہے: بین النہرین (موجودہ عراق)۔,"صرف ذہین لوگوں کے لیے, درمیانہ"
Q1343,⏳ 5 سیکنڈ چیلنج,M,جو ہمیشہ دوسروں کے عیب تلاش کرے اسے کیا کہتے ہیں؟,عیب پوش,عیب چین,عیب دار,عیب جو,D,درست جواب ہے: عیب جو۔,"5 سیکنڈ چیلنج, درمیانہ"
Q1344,🧠 99٪ لوگ غلط جواب دیتے ہیں,M,5000 روپے پر 5% سالانہ کے حساب سے 1 سال کا سود کتنا بنے گا؟,250,450,350,150,A,سود = (اصل رقم × شرح × مدت)/100 = (5000×5×1)/100 = 250 روپے۔,"99٪ لوگ غلط جواب دیتے ہیں, درمیانہ"
Q1345,🤯 دماغ کا امتحان,M,ان میں سے کون سا عدد باقیوں سے مختلف ہے: 10، 20، 30، 15؟,20,30,10,15,D,باقی تمام اعداد جفت (even) ہیں مگر 15 طاق (odd) ہے۔,"دماغ کا امتحان, درمیانہ"
Q1346,🧩 دلچسپ پہیلیاں,M,وہ کون سی چیز ہے جو دن میں کئی بار بدلتی ہے مگر شکل نہیں بدلتی؟,پانی,ہوا,سائے کی سمت,سورج,C,یہ ایک لطیف پہیلی ہے جس کا جواب ہے: سائے کی سمت۔,"دلچسپ پہیلیاں, درمیانہ"
Q1347,🤯 دماغ کا امتحان,M,"2026 میں دنیا کا پہلا ملک جس نے ""Robot Teachers"" کو اسکولوں میں متعارف کروایا؟",جنوبی کوریا,سنگاپور,جاپان,چین,A,درست جواب ہے: جنوبی کوریا ________________۔,"دماغ کا امتحان, درمیانہ"
Q1348,🎭 الفاظ کا جادو,M,"""طاقت"" کا مترادف کیا ہے؟",قوت,عقل مند,نااُمیدی,جبر,A,"""طاقت"" کا مترادف ""قوت"" ہے۔","الفاظ کا جادو, درمیانہ"
Q1349,🎭 الفاظ کا جادو,M,"""قناعت"" کا متضاد کیا ہے؟",تنگ نظری,اختلاف,لالچ,منافقت,C,"""قناعت"" کا متضاد ""لالچ"" ہے۔","الفاظ کا جادو, درمیانہ"
Q1350,😈 ٹرک سوالات,M,دو ٹرینیں 50 اور 25 کلومیٹر فی گھنٹہ کی رفتار سے ایک دوسرے کی طرف آ رہی ہیں، درمیانی فاصلہ 225 کلومیٹر ہے (سیٹ 6)۔ کتنے گھنٹوں میں ملیں گی؟,2,4,5,3,D,وقت = فاصلہ/مجموعی رفتار = 225/75 = 3 گھنٹے۔,"ٹرک سوالات, درمیانہ"
Q1351,📖 اردو محاورے,M,ہاتھوں ہاتھ لینا کا مطلب کیا ہے؟,فوراً قبول کرنا,مارنا,ہاتھ دھونا,ہاتھ اٹھانا,A,کسی چیز کو فوراً قبول یا پسند کر لینا۔,"اردو محاورے, درمیانہ"
Q1352,🤯 دماغ کا امتحان,M,وہ کون سی چیز ہے جو آپ کے پاس ہے، لیکن اگر آپ اسے کسی کے ساتھ بانٹ دیں تو وہ ختم ہو جاتی ہے؟,کھانا,وقت,پیسہ,راز,D,درست جواب ہے: راز۔,"دماغ کا امتحان, درمیانہ"
Q1353,👑 صرف ذہین لوگوں کے لیے,M,بادشاہی مسجد لاہور کس نے تعمیر کروائی؟,اکبر,جہانگیر,شاہ جہان,اورنگزیب عالمگیر,D,درست جواب ہے: اورنگزیب عالمگیر۔,"صرف ذہین لوگوں کے لیے, درمیانہ"
Q1354,🧩 دلچسپ پہیلیاں,M,وہ کون سی چیز ہے جو خود چلتی نہیں مگر دوسروں کو چلاتی ہے؟,سڑک,گاڑی,وقت,ہوا,C,وقت کے گزرنے سے بہت سے کام آگے بڑھتے ہیں۔,"دلچسپ پہیلیاں, درمیانہ"
Q1355,⏳ 5 سیکنڈ چیلنج,M,انسانی جسم میں آکسیجن کیسے پہنچتی ہے؟,دل سے,جگر سے,گردوں سے,پھیپھڑوں سے,D,درست جواب ہے: پھیپھڑوں سے۔,"5 سیکنڈ چیلنج, درمیانہ"
Q1356,🎭 الفاظ کا جادو,M,"""پانی"" کا مترادف کیا ہے؟",آب,بلد,الفت,سریع,A,"""پانی"" کا مترادف ""آب"" ہے۔","الفاظ کا جادو, درمیانہ"
Q1357,🤯 دماغ کا امتحان,M,5000 روپے پر 15% سالانہ کے حساب سے 2 سال کا سود کتنا بنے گا؟,1600,1700,1500,1400,C,سود = (اصل رقم × شرح × مدت)/100 = (5000×15×2)/100 = 1500 روپے۔,"دماغ کا امتحان, درمیانہ"
Q1358,😈 ٹرک سوالات,M,ایک ٹوکری میں 25 پھل تھے، بچوں نے 16 کھا لیے، ٹوکری میں کتنے پھل بچے؟,8,9,10,16,B,25-16=9 پھل بچے۔,"ٹرک سوالات, درمیانہ"
Q1359,👑 صرف ذہین لوگوں کے لیے,M,زمین کی سب سے بیرونی تہہ کیا کہلاتی ہے؟,میگما,کرسٹ (Crust),مینٹل,کور,B,درست جواب ہے: کرسٹ (Crust)۔,"صرف ذہین لوگوں کے لیے, درمیانہ"
Q1360,📖 اردو محاورے,M,"""آنکھیں کھل جانا"" محاورے کا مطلب؟",خوش ہونا,ڈر جانا,سو جانا,حقیقت کا احساس ہونا,D,درست جواب ہے: حقیقت کا احساس ہونا۔,"اردو محاورے, درمیانہ"
Q1361,⏳ 5 سیکنڈ چیلنج,M,پاکستان کے ایٹمی پروگرام کا مشہور کوڈ نام کیا تھا؟,پراجیکٹ شاہین,پراجیکٹ 786,پراجیکٹ غوری,پراجیکٹ 706,D,درست جواب ہے: پراجیکٹ 706۔,"5 سیکنڈ چیلنج, درمیانہ"
Q1362,⏳ 5 سیکنڈ چیلنج,M,انسانی جسم میں آئرن سب سے زیادہ کہاں پایا جاتا ہے؟,خون,ہڈی,پٹھوں,جگر,A,درست جواب ہے: خون۔,"5 سیکنڈ چیلنج, درمیانہ"
Q1363,⏳ 5 سیکنڈ چیلنج,M,دنیا کا کون سا پرندہ پیچھے کی طرف بھی اڑ سکتا ہے؟,طوطا,ہمنگ برڈ,الو,عقاب,B,درست جواب ہے: ہمنگ برڈ۔,"5 سیکنڈ چیلنج, درمیانہ"
Q1364,⏳ 5 سیکنڈ چیلنج,M,وہ کون سا جانور ہے جو عموماً کھڑے کھڑے سوتا ہے؟,بلی,گھوڑا,بندر,خرگوش,B,گھوڑا مختصر آرام کے دوران کھڑے ہو کر بھی سو سکتا ہے۔,"5 سیکنڈ چیلنج, درمیانہ"
Q1365,🧩 دلچسپ پہیلیاں,M,وہ کیا ہے جو زمین پر رہتے ہوئے بھی کبھی زمین کو نہیں چھوتا؟,مچھلی,چیونٹی,سانپ,پرندہ اڑتے وقت,D,یہ ایک لطیف پہیلی ہے جس کا جواب ہے: پرندہ اڑتے وقت۔,"دلچسپ پہیلیاں, درمیانہ"
Q1366,😈 ٹرک سوالات,M,ایک ٹوکری میں 30 پھل تھے، بچوں نے 25 کھا لیے، ٹوکری میں کتنے پھل بچے؟,25,6,4,5,D,30-25=5 پھل بچے۔,"ٹرک سوالات, درمیانہ"
Q1367,🧠 99٪ لوگ غلط جواب دیتے ہیں,M,ایک چیز کی قیمت 500 روپے ہے۔ اس پر 30% رعایت ملے تو ادا کی جانے والی رقم کتنی ہوگی؟,500,350,360,340,B,30% رعایت = 150 روپے، لہٰذا ادا کی جانے والی رقم = 500 - 150 = 350 روپے۔,"99٪ لوگ غلط جواب دیتے ہیں, درمیانہ"
Q1368,📖 اردو محاورے,M,"""منہ میں گھی شکر"" کا مطلب کیا ہے؟",کھانا کھلانا,میٹھا پسند کرنا,دعوت دینا,اچھی خبر پر نیک تمنا کا اظہار,D,"""منہ میں گھی شکر"" کا محاورتی مطلب ہے: اچھی خبر پر نیک تمنا کا اظہار۔","اردو محاورے, درمیانہ"
Q1369,⏳ 5 سیکنڈ چیلنج,M,انسانی جسم کا سب سے چھوٹا ہڈی کون سا ہے؟,گردن,پاؤں,کان کی ہڈی,انگلی,C,درست جواب ہے: کان کی ہڈی۔,"5 سیکنڈ چیلنج, درمیانہ"
Q1370,📖 اردو محاورے,M,"اردو لفظ ""سراب"" کا مطلب کیا ہے؟",ٹھنڈا پانی,دھوکا یا نظر کا فریب,بارش کا پانی,سمندر کی لہر,B,درست جواب ہے: دھوکا یا نظر کا فریب۔,"اردو محاورے, درمیانہ"
Q1371,👑 صرف ذہین لوگوں کے لیے,M,اردو کا پہلا ناول کون سا مانا جاتا ہے؟,فسانہ آزاد,امراؤ جان ادا,باغ و بہار,مراۃ العروس,D,"ڈپٹی نذیر احمد کا ""مراۃ العروس"" اردو کے اولین ناولوں میں شمار ہوتا ہے۔","صرف ذہین لوگوں کے لیے, درمیانہ"
Q1372,👑 صرف ذہین لوگوں کے لیے,M,پاکستان کا قومی ترانہ کس زبان میں ہے؟,فارسی,پنجابی,عربی,اردو,A,پاکستان کے قومی ترانے کے الفاظ زیادہ تر فارسی زبان میں ہیں۔,"صرف ذہین لوگوں کے لیے, درمیانہ"
Q1373,⏳ 5 سیکنڈ چیلنج,M,پاکستان میں دنیا کی دوسری بلند ترین چوٹی کون سی ہے؟,راکاپوشی,کے ٹو,ترچ میر,نانگا پربت,B,درست جواب ہے: کے ٹو۔,"5 سیکنڈ چیلنج, درمیانہ"
Q1374,🤯 دماغ کا امتحان,M,باپ اور بیٹے کی عمروں کا مجموعہ 15 سال ہے۔ باپ بیٹے سے 2 گنا بڑا ہے۔ بیٹے کی عمر کیا ہے؟,3,10,5,7,C,بیٹا + باپ = 15، باپ = 2×بیٹا، لہٰذا بیٹا = 15/3 = 5 سال۔,"دماغ کا امتحان, درمیانہ"
Q1375,📖 اردو محاورے,M,"""گاجر مولی سمجھنا"" کا مطلب کیا ہے؟",بالکل بےوقعت اور معمولی سمجھنا,سبزی خریدنا,کھانا پکانا,بہت اہم سمجھنا,A,"""گاجر مولی سمجھنا"" کا محاورتی مطلب ہے: بالکل بےوقعت اور معمولی سمجھنا۔","اردو محاورے, درمیانہ"
Q1376,😈 ٹرک سوالات,M,ایک ٹوکری میں 25 پھل تھے، بچوں نے 18 کھا لیے، ٹوکری میں کتنے پھل بچے؟,6,7,18,8,B,25-18=7 پھل بچے۔,"ٹرک سوالات, درمیانہ"
Q1377,😈 ٹرک سوالات,M,ایک ٹوکری میں 27 پھل تھے، بچوں نے 21 کھا لیے، ٹوکری میں کتنے پھل بچے؟,7,5,6,21,C,27-21=6 پھل بچے۔,"ٹرک سوالات, درمیانہ"
Q1378,👑 صرف ذہین لوگوں کے لیے,M,پاکستان کی سب سے بلند چوٹی کون سی ہے؟,نانگا پربت,کے ٹو (K2),ترچ میر,راکاپوشی,B,درست جواب ہے: کے ٹو (K2)۔,"صرف ذہین لوگوں کے لیے, درمیانہ"
Q1379,😈 ٹرک سوالات,M,اگر آپ کے پاس 6 سیب ہیں اور 2 دوستوں کو ایک ایک دے دیں تو آپ کے پاس کتنے سیب رہیں گے؟,4,3,5,2,A,6 میں سے 2 دینے پر 4 بچتے ہیں۔,"ٹرک سوالات, درمیانہ"
Q1380,📖 اردو محاورے,M,"""رنگ میں بھنگ ڈالنا"" کا مطلب کیا ہے؟",تہوار منانا,خوشی کے موقع پر مایوسی پیدا کرنا,رنگ لگانا,خوشی بڑھانا,B,"""رنگ میں بھنگ ڈالنا"" کا محاورتی مطلب ہے: خوشی کے موقع پر مایوسی پیدا کرنا۔","اردو محاورے, درمیانہ"
Q1381,🤯 دماغ کا امتحان,M,1000 روپے پر 10% سالانہ کے حساب سے 3 سال کا سود کتنا بنے گا؟,300,400,200,500,A,سود = (اصل رقم × شرح × مدت)/100 = (1000×10×3)/100 = 300 روپے۔,"دماغ کا امتحان, درمیانہ"
Q1382,📖 اردو محاورے,M,"""چراغ سے چراغ جلنا"" کا مطلب کیا ہے؟",روشنی بجھنا,اندھیرا ہونا,ایک سے دوسرے میں بھلائی یا علم پھیلنا,آگ لگنا,C,"""چراغ سے چراغ جلنا"" کا محاورتی مطلب ہے: ایک سے دوسرے میں بھلائی یا علم پھیلنا۔","اردو محاورے, درمیانہ"
Q1383,🧩 دلچسپ پہیلیاں,M,وہ کون سی چیز ہے جو زمین پر ہوتے ہوئے بھی آسمان کو چھوتی ہے؟,بادل,پہاڑ کی چوٹی,عمارت,درخت,B,یہ ایک لطیف پہیلی ہے جس کا جواب ہے: پہاڑ کی چوٹی۔,"دلچسپ پہیلیاں, درمیانہ"
Q1384,🧩 دلچسپ پہیلیاں,M,وہ کیا ہے جو آپ کی شناخت ہے مگر اسے دیکھا نہیں جا سکتا؟,سایہ,نام,سانس,روح,B,درست جواب ہے: نام۔,"دلچسپ پہیلیاں, درمیانہ"
Q1385,🎭 الفاظ کا جادو,M,"""سردی"" کا متضاد کیا ہے؟",موت,ذلت,گرمی,نیا,C,"""سردی"" کا متضاد ""گرمی"" ہے۔","الفاظ کا جادو, درمیانہ"
Q1386,🧠 99٪ لوگ غلط جواب دیتے ہیں,M,ایک آدمی نے 3 بکریوں کو 3 دن میں چرایا۔ 9 بکریوں کو کتنے دن میں چرائے گا؟,9 دن,27 دن,3 دن,1 دن,C,درست جواب ہے: 3 دن۔,"99٪ لوگ غلط جواب دیتے ہیں, درمیانہ"
Q1387,🎭 الفاظ کا جادو,M,"""استاد"" کا متضاد کیا ہے؟",نادار,شاگرد,مردہ,ناراض,B,"""استاد"" کا متضاد ""شاگرد"" ہے۔","الفاظ کا جادو, درمیانہ"
Q1388,🎭 الفاظ کا جادو,M,"""رحم"" کا مترادف کیا ہے؟",آس,ترس,تحمل,آتش,B,"""رحم"" کا مترادف ""ترس"" ہے۔","الفاظ کا جادو, درمیانہ"
Q1389,🎭 الفاظ کا جادو,M,"""ہنسی"" کا متضاد کیا ہے؟",رونا,نرم,جھوٹ,ہمت,A,"""ہنسی"" کا متضاد ""رونا"" ہے۔","الفاظ کا جادو, درمیانہ"
Q1390,🎭 الفاظ کا جادو,M,"""مقصد"" کا مترادف کیا ہے؟",ہدف,آفت,وعظ,سعی,A,"""مقصد"" کا مترادف ""ہدف"" ہے۔","الفاظ کا جادو, درمیانہ"
Q1391,🤯 دماغ کا امتحان,M,دو مقداروں کا تناسب 4:6 ہے۔ اگر کل مقدار 30 ہے تو پہلی مقدار کتنی ہوگی؟,12,10,18,14,A,کل حصے = 4+6 = 10۔ پہلی مقدار = (4/10)×30 = 12۔,"دماغ کا امتحان, درمیانہ"
Q1392,👑 صرف ذہین لوگوں کے لیے,M,پاکستان کا سب سے بڑا صنعتی شہر کون سا ہے؟,کراچی,لاہور,سیالکوٹ,فیصل آباد,A,درست جواب ہے: کراچی۔,"صرف ذہین لوگوں کے لیے, درمیانہ"
Q1393,⏳ 5 سیکنڈ چیلنج,M,ChatGPT بنیادی طور پر کس شعبے سے تعلق رکھتا ہے؟,کمپیوٹر نیٹ ورکنگ,مصنوعی ذہانت,گیم ڈویلپمنٹ,روبوٹکس,B,درست جواب ہے: مصنوعی ذہانت۔,"5 سیکنڈ چیلنج, درمیانہ"
Q1394,😈 ٹرک سوالات,M,ایک ٹوکری میں 22 پھل تھے، بچوں نے 18 کھا لیے، ٹوکری میں کتنے پھل بچے؟,5,3,18,4,D,22-18=4 پھل بچے۔,"ٹرک سوالات, درمیانہ"
Q1395,🎭 الفاظ کا جادو,M,“جاہل” کا متضاد کیا ہے؟,سست,غریب,عقلمند,کمزور,C,جاہل کا متضاد عقلمند یا تعلیم یافتہ ہے۔,"الفاظ کا جادو, درمیانہ"
Q1396,🎭 الفاظ کا جادو,M,"""جھوٹ"" کا مترادف کیا ہے؟",چشم,کذب,دانش,ارض,B,"""جھوٹ"" کا مترادف ""کذب"" ہے۔","الفاظ کا جادو, درمیانہ"
Q1397,🧠 99٪ لوگ غلط جواب دیتے ہیں,M,ان میں سے کون سا عدد باقیوں سے مختلف ہے: 36، 12، 24، 18؟,18,24,36,12,A,باقی تمام اعداد جفت (even) ہیں مگر 18 طاق (odd) ہے۔,"99٪ لوگ غلط جواب دیتے ہیں, درمیانہ"
Q1398,🧠 99٪ لوگ غلط جواب دیتے ہیں,M,دو مقداروں کا تناسب 6:2 ہے۔ اگر کل مقدار 96 ہے تو پہلی مقدار کتنی ہوگی؟,70,74,24,72,D,کل حصے = 6+2 = 8۔ پہلی مقدار = (6/8)×96 = 72۔,"99٪ لوگ غلط جواب دیتے ہیں, درمیانہ"
Q1399,🧩 دلچسپ پہیلیاں,M,وہ کون سی چیز ہے جو مشکل میں انسان کا سب سے بڑا ساتھی بنتی ہے؟,صبر,پیسہ,طاقت,شہرت,A,یہ ایک لطیف پہیلی ہے جس کا جواب ہے: صبر۔,"دلچسپ پہیلیاں, درمیانہ"
Q1400,🧩 دلچسپ پہیلیاں,M,وہ کون سی چیز ہے جو ایک بار پیدا ہونے کے بعد کبھی نہیں مرتی؟,انسان,سچائی/نام,پھول,درخت,B,یہ ایک لطیف پہیلی ہے جس کا جواب ہے: سچائی/نام۔,"دلچسپ پہیلیاں, درمیانہ"
Q1401,👑 صرف ذہین لوگوں کے لیے,M,دنیا کے کتنے براعظم تسلیم کیے جاتے ہیں؟,7,6,8,5,A,عام طور پر دنیا کے 7 براعظم مانے جاتے ہیں۔,"صرف ذہین لوگوں کے لیے, درمیانہ"
Q1402,🧩 دلچسپ پہیلیاں,M,وہ کیا ہے جو دیکھنے میں سفید مگر کبھی سرد اور کبھی گرم ہوتا ہے؟,برف,چینی,نمک,دودھ,D,یہ ایک لطیف پہیلی ہے جس کا جواب ہے: دودھ۔,"دلچسپ پہیلیاں, درمیانہ"
Q1403,😈 ٹرک سوالات,M,دو ٹرینیں 35 اور 25 کلومیٹر فی گھنٹہ کی رفتار سے ایک دوسرے کی طرف آ رہی ہیں، درمیانی فاصلہ 120 کلومیٹر ہے (سیٹ 3)۔ کتنے گھنٹوں میں ملیں گی؟,1,2,4,3,B,وقت = فاصلہ/مجموعی رفتار = 120/60 = 2 گھنٹے۔,"ٹرک سوالات, درمیانہ"
Q1404,😈 ٹرک سوالات,M,ایک ٹوکری میں 16 پھل تھے، بچوں نے 4 کھا لیے، ٹوکری میں کتنے پھل بچے؟,12,11,4,13,A,16-4=12 پھل بچے۔,"ٹرک سوالات, درمیانہ"
Q1405,📖 اردو محاورے,M,"""کاٹو تو خون نہیں"" کا مطلب کیا ہے؟",بیمار ہونا,بہت زیادہ حیران یا شرمندہ ہونا,خوش ہونا,زخمی ہونا,B,"""کاٹو تو خون نہیں"" کا محاورتی مطلب ہے: بہت زیادہ حیران یا شرمندہ ہونا۔","اردو محاورے, درمیانہ"
Q1406,👑 صرف ذہین لوگوں کے لیے,M,پاکستان میں جلیبی کس قسم کی چیز ہے؟,میٹھا,روٹی,پھل,مشروب,A,جلیبی پاکستان اور برصغیر کی مشہور مٹھائی ہے۔,"صرف ذہین لوگوں کے لیے, درمیانہ"
Q1407,📖 اردو محاورے,M,"""آنچ نہ آنے دینا"" کا مطلب کیا ہے؟",کھانا جلانا,آگ بجھانا,کسی کو نقصان یا تکلیف نہ پہنچنے دینا,گرمی بڑھانا,C,"""آنچ نہ آنے دینا"" کا محاورتی مطلب ہے: کسی کو نقصان یا تکلیف نہ پہنچنے دینا۔","اردو محاورے, درمیانہ"
Q1408,🧩 دلچسپ پہیلیاں,M,وہ کیا ہے جو خود گیلا ہوتا ہے مگر دوسروں کو خشک کرتا ہے,تولیہ,پانی,کاغذ,صابن,A,درست جواب ہے: تولیہ۔,"دلچسپ پہیلیاں, درمیانہ"
Q1409,🎭 الفاظ کا جادو,M,"""ہاتھ"" کا مترادف کیا ہے؟",نادار,عدو,دست,سچائی,C,"""ہاتھ"" کا مترادف ""دست"" ہے۔","الفاظ کا جادو, درمیانہ"
Q1410,👑 صرف ذہین لوگوں کے لیے,M,عمر خیام کس ملک سے تعلق رکھتے تھے؟,بھارت,ایران,عراق,پاکستان,B,درست جواب ہے: ایران۔,"صرف ذہین لوگوں کے لیے, درمیانہ"
Q1411,📖 اردو محاورے,M,"""دیدہ دلیری کرنا"" کا مطلب کیا ہے؟",خاموش رہنا,چھپ جانا,ڈرپوک ہونا,بہت جراتمندی سے کوئی کام کرنا,D,"""دیدہ دلیری کرنا"" کا محاورتی مطلب ہے: بہت جراتمندی سے کوئی کام کرنا۔","اردو محاورے, درمیانہ"
Q1412,⏳ 5 سیکنڈ چیلنج,M,پانچ بیٹیوں کا ایک بھائی ہے۔ کل بچے کتنے ہیں؟,10,6,7,5,B,درست جواب ہے: 6۔,"5 سیکنڈ چیلنج, درمیانہ"
Q1413,🧠 99٪ لوگ غلط جواب دیتے ہیں,M,ایک کلاس میں 30 طلبہ ہیں۔ اگر 40٪ لڑکیاں ہیں تو لڑکوں کی تعداد کتنی ہے؟,12,20,15,18,D,درست جواب ہے: 18۔,"99٪ لوگ غلط جواب دیتے ہیں, درمیانہ"
Q1414,🤯 دماغ کا امتحان,M,ان میں سے کون سا عدد باقیوں سے مختلف ہے: 24، 48، 16، 32؟,48,16,32,24,D,باقی تمام اعداد جفت (even) ہیں مگر 24 طاق (odd) ہے۔,"دماغ کا امتحان, درمیانہ"
Q1415,👑 صرف ذہین لوگوں کے لیے,M,اردو زبان کا پہلا اخبار کون سا تھا؟,کوہ نور,الہلال,اودھ اخبار,جام جہاں نما,D,درست جواب ہے: جام جہاں نما۔,"صرف ذہین لوگوں کے لیے, درمیانہ"
Q1416,🧠 99٪ لوگ غلط جواب دیتے ہیں,M,دو مقداروں کا تناسب 2:5 ہے۔ اگر کل مقدار 84 ہے تو پہلی مقدار کتنی ہوگی؟,22,24,60,26,B,کل حصے = 2+5 = 7۔ پہلی مقدار = (2/7)×84 = 24۔,"99٪ لوگ غلط جواب دیتے ہیں, درمیانہ"
Q1417,🧠 99٪ لوگ غلط جواب دیتے ہیں,M,باپ اور بیٹے کی عمروں کا مجموعہ 36 سال ہے۔ باپ بیٹے سے 2 گنا بڑا ہے۔ بیٹے کی عمر کیا ہے؟,17,14,10,12,D,بیٹا + باپ = 36، باپ = 2×بیٹا، لہٰذا بیٹا = 36/3 = 12 سال۔,"99٪ لوگ غلط جواب دیتے ہیں, درمیانہ"
Q1418,🧩 دلچسپ پہیلیاں,M,وہ کیا ہے جو آپ کو ہمیشہ سچ بتاتا ہے چاہے آپ سننا نہ چاہیں؟,آئینہ,کتاب,اخبار,دوست,A,یہ ایک لطیف پہیلی ہے جس کا جواب ہے: آئینہ۔,"دلچسپ پہیلیاں, درمیانہ"
Q1419,⏳ 5 سیکنڈ چیلنج,M,رات کو جاگنے والے شخص کے لیے مناسب لفظ؟,سہر,سحر,خمار,شب بیدار,D,درست جواب ہے: شب بیدار۔,"5 سیکنڈ چیلنج, درمیانہ"
Q1420,🧩 دلچسپ پہیلیاں,M,وہ کون سی چیز ہے جو جتنی تیز چلتی ہے اتنی ہی پیچھے رہ جاتی ہے؟,وقت,سانس,گھڑی,سایہ,D,سایہ ہمیشہ انسان کے ساتھ رہتا ہے مگر پیچھے دکھائی دیتا ہے۔,"دلچسپ پہیلیاں, درمیانہ"
Q1421,🧩 دلچسپ پہیلیاں,M,وہ کون سی چیز ہے جسے آپ پھینک بھی دیں تو وہ واپس آ جاتی ہے؟,گیند,تیر,بومرنگ,پتھر,C,یہ ایک لطیف پہیلی ہے جس کا جواب ہے: بومرنگ۔,"دلچسپ پہیلیاں, درمیانہ"
Q1422,🧠 99٪ لوگ غلط جواب دیتے ہیں,M,دو مقداروں کا تناسب 5:3 ہے۔ اگر کل مقدار 80 ہے تو پہلی مقدار کتنی ہوگی؟,30,52,50,48,C,کل حصے = 5+3 = 8۔ پہلی مقدار = (5/8)×80 = 50۔,"99٪ لوگ غلط جواب دیتے ہیں, درمیانہ"
Q1423,🤯 دماغ کا امتحان,M,ایک چیز کی قیمت 800 روپے ہے۔ اس پر 20% رعایت ملے تو ادا کی جانے والی رقم کتنی ہوگی؟,650,640,630,800,B,20% رعایت = 160 روپے، لہٰذا ادا کی جانے والی رقم = 800 - 160 = 640 روپے۔,"دماغ کا امتحان, درمیانہ"
Q1424,⏳ 5 سیکنڈ چیلنج,M,پاکستان کا پہلا دارالحکومت کون سا تھا؟,اسلام آباد,کراچی,راولپنڈی,لاہور,B,1947 میں پاکستان کا پہلا دارالحکومت کراچی تھا۔,"5 سیکنڈ چیلنج, درمیانہ"
Q1425,📖 اردو محاورے,M,سمندر سے گزر گئے پر اس میں پھنس گئے,سمندر پار,پانی میں,بڑی مصیبت سے بچ کر چھوٹی میں پھنسنا,تیرنا,C,بڑی مشکل سے نکل کر چھوٹی مشکل میں پھنس جانا۔,"اردو محاورے, درمیانہ"
Q1426,🧠 99٪ لوگ غلط جواب دیتے ہیں,M,1000 روپے پر 15% سالانہ کے حساب سے 2 سال کا سود کتنا بنے گا؟,300,200,400,500,A,سود = (اصل رقم × شرح × مدت)/100 = (1000×15×2)/100 = 300 روپے۔,"99٪ لوگ غلط جواب دیتے ہیں, درمیانہ"
Q1427,🎭 الفاظ کا جادو,M,"""میٹھا"" کا متضاد کیا ہے؟",غائب,بھاری,نمکین,اولاد,C,"""میٹھا"" کا متضاد ""نمکین"" ہے۔","الفاظ کا جادو, درمیانہ"
Q1428,🧠 99٪ لوگ غلط جواب دیتے ہیں,M,ایک چیز کی قیمت 350 روپے ہے۔ اس پر 15% رعایت ملے تو ادا کی جانے والی رقم کتنی ہوگی؟,308,288,350,298,D,15% رعایت = 52 روپے، لہٰذا ادا کی جانے والی رقم = 350 - 52 = 298 روپے۔,"99٪ لوگ غلط جواب دیتے ہیں, درمیانہ"
Q1429,🧩 دلچسپ پہیلیاں,M,وہ کیا ہے جو گرم ہونے پر پھیلتا اور ٹھنڈا ہونے پر سکڑتا ہے؟,کاغذ,لکڑی,دھات/لوہا,پتھر,C,یہ ایک لطیف پہیلی ہے جس کا جواب ہے: دھات/لوہا۔,"دلچسپ پہیلیاں, درمیانہ"
Q1430,😈 ٹرک سوالات,M,ایک ٹوکری میں 26 پھل تھے، بچوں نے 25 کھا لیے، ٹوکری میں کتنے پھل بچے؟,2,1,0,25,B,26-25=1 پھل بچے۔,"ٹرک سوالات, درمیانہ"
Q1431,😈 ٹرک سوالات,M,ایک آدمی رات 10 بجے سوتا ہے اور صبح 4 بجے اٹھتا ہے۔ وہ کتنے گھنٹے سویا,8,4,10,6,D,رات 10 بجے سے صبح 4 بجے تک 6 گھنٹے ہوتے ہیں۔,"ٹرک سوالات, درمیانہ"
Q1432,🧩 دلچسپ پہیلیاں,M,وہ کیا ہے جو ایک بار دل میں گھر کر جائے تو نکالنا مشکل ہو؟,خوف,یاد/محبت,درد,غصہ,B,یہ ایک لطیف پہیلی ہے جس کا جواب ہے: یاد/محبت۔,"دلچسپ پہیلیاں, درمیانہ"
Q1433,😈 ٹرک سوالات,M,ایک کلاس میں 25 بچے ہیں۔ 15 امتحان میں پاس ہوئے۔ کتنے فیل ہوئے,5,15,20,10,D,25-15=10 بچے فیل ہوئے۔,"ٹرک سوالات, درمیانہ"
Q1434,🧠 99٪ لوگ غلط جواب دیتے ہیں,M,گھڑی 3 بجے 3 بار اور 4 بجے 4 بار بجتی ہے۔ 6 بجے کتنی بار بجے گی؟,6 بار,3 بار,9 بار,12 بار,A,درست جواب ہے: 6 بار۔,"99٪ لوگ غلط جواب دیتے ہیں, درمیانہ"
Q1435,👑 صرف ذہین لوگوں کے لیے,M,عالمی یوم مزدور کب منایا جاتا ہے؟,23 مارچ,یکم جون,یکم مئی,5 جون,C,درست جواب ہے: یکم مئی۔,"صرف ذہین لوگوں کے لیے, درمیانہ"
Q1436,⏳ 5 سیکنڈ چیلنج,M,پاکستان کا 'پھولوں کا شہر' کس شہر کو کہا جاتا ہے؟,لاہور,پٹوکی,پشاور,سیالکوٹ,B,درست جواب ہے: پٹوکی۔,"5 سیکنڈ چیلنج, درمیانہ"
Q1437,😈 ٹرک سوالات,M,ایک شخص کے دونوں ہاتھوں میں 5،5 انگلیاں ہیں۔ دونوں ہاتھوں میں کل کتنی انگلیاں ہیں؟,10,8,12,9,A,ہر ہاتھ میں 5 انگلیاں، دونوں میں کل 10۔,"ٹرک سوالات, درمیانہ"
Q1438,😈 ٹرک سوالات,M,"حادثے میں باپ مر گیا، بیٹے کا آپریشن سرجن نے کیا اور کہا ""یہ میرا بیٹا ہے""۔ سرجن کون تھا؟",چا,ماں,دوست,بھائی,B,سرجن بچے کی ماں تھی,"ٹرک سوالات, درمیانہ"
Q1439,🧠 99٪ لوگ غلط جواب دیتے ہیں,M,2000 روپے پر 10% سالانہ کے حساب سے 1 سال کا سود کتنا بنے گا؟,200,400,100,300,A,سود = (اصل رقم × شرح × مدت)/100 = (2000×10×1)/100 = 200 روپے۔,"99٪ لوگ غلط جواب دیتے ہیں, درمیانہ"
Q1440,👑 صرف ذہین لوگوں کے لیے,M,علامہ اقبال کا مزار کہاں واقع ہے؟,کراچی,سیالکوٹ,لاہور (بادشاہی مسجد کے قریب),اسلام آباد,C,درست جواب ہے: لاہور (بادشاہی مسجد کے قریب)۔,"صرف ذہین لوگوں کے لیے, درمیانہ"
Q1441,👑 صرف ذہین لوگوں کے لیے,M,ریشمی رومال تحریک کس رہنما سے منسوب ہے؟,قائد اعظم,شیخ الہند محمود حسن,سرسید احمد خان,علامہ اقبال,B,درست جواب ہے: شیخ الہند محمود حسن۔,"صرف ذہین لوگوں کے لیے, درمیانہ"
Q1442,⏳ 5 سیکنڈ چیلنج,M,انسانی جسم میں سب سے لمبی ہڈی کون سی ہے؟,پاؤں,ہڈی بازو,ریڑھ کی ہڈی,فیمر,D,درست جواب ہے: فیمر۔,"5 سیکنڈ چیلنج, درمیانہ"
Q1443,🤯 دماغ کا امتحان,M,دو مقداروں کا تناسب 3:2 ہے۔ اگر کل مقدار 40 ہے تو پہلی مقدار کتنی ہوگی؟,22,26,24,16,C,کل حصے = 3+2 = 5۔ پہلی مقدار = (3/5)×40 = 24۔,"دماغ کا امتحان, درمیانہ"
Q1444,😈 ٹرک سوالات,M,ایک ٹوکری میں 30 پھل تھے، بچوں نے 14 کھا لیے، ٹوکری میں کتنے پھل بچے؟,14,15,17,16,D,30-14=16 پھل بچے۔,"ٹرک سوالات, درمیانہ"
Q1445,🧠 99٪ لوگ غلط جواب دیتے ہیں,M,ایک چیز کی قیمت 300 روپے ہے۔ اس پر 30% رعایت ملے تو ادا کی جانے والی رقم کتنی ہوگی؟,300,220,200,210,D,30% رعایت = 90 روپے، لہٰذا ادا کی جانے والی رقم = 300 - 90 = 210 روپے۔,"99٪ لوگ غلط جواب دیتے ہیں, درمیانہ"
Q1446,🧠 99٪ لوگ غلط جواب دیتے ہیں,M,دو مقداروں کا تناسب 2:3 ہے۔ اگر کل مقدار 35 ہے تو پہلی مقدار کتنی ہوگی؟,16,14,21,12,B,کل حصے = 2+3 = 5۔ پہلی مقدار = (2/5)×35 = 14۔,"99٪ لوگ غلط جواب دیتے ہیں, درمیانہ"
Q1447,👑 صرف ذہین لوگوں کے لیے,M,جھیل سیف الملوک کس شہر کے قریب واقع ہے؟,مری,ناران,سوات,ہنزہ,B,درست جواب ہے: ناران۔,"صرف ذہین لوگوں کے لیے, درمیانہ"
Q1448,🧠 99٪ لوگ غلط جواب دیتے ہیں,M,قیمت 20٪ بڑھی پھر 20٪ کم ہوئی اصل کے مقابلے میں فرق؟,10٪ کمی,کوئی فرق نہیں,4٪ کمی,4٪ اضافہ,C,100*1.2*0.8=96,"99٪ لوگ غلط جواب دیتے ہیں, درمیانہ"
Q1449,🧠 99٪ لوگ غلط جواب دیتے ہیں,M,ان میں سے کون سا عدد باقیوں سے مختلف ہے: 36، 18، 24، 12؟,36,18,24,12,B,باقی تمام اعداد جفت (even) ہیں مگر 18 طاق (odd) ہے۔,"99٪ لوگ غلط جواب دیتے ہیں, درمیانہ"
Q1450,😈 ٹرک سوالات,M,ایک ٹوکری میں 24 پھل تھے، بچوں نے 4 کھا لیے، ٹوکری میں کتنے پھل بچے؟,20,4,21,19,A,24-4=20 پھل بچے۔,"ٹرک سوالات, درمیانہ"
Q1451,🧠 99٪ لوگ غلط جواب دیتے ہیں,M,ان میں سے کون سا عدد باقیوں سے مختلف ہے: 8، 24، 12، 16؟,8,12,24,16,B,باقی تمام اعداد جفت (even) ہیں مگر 12 طاق (odd) ہے۔,"99٪ لوگ غلط جواب دیتے ہیں, درمیانہ"
Q1452,🤯 دماغ کا امتحان,M,ان میں سے کون سا عدد باقیوں سے مختلف ہے: 28، 21، 42، 14؟,28,14,42,21,D,باقی تمام اعداد جفت (even) ہیں مگر 21 طاق (odd) ہے۔,"دماغ کا امتحان, درمیانہ"
Q1453,📖 اردو محاورے,M,"""کاٹھ کا الو ہونا"" کا مطلب کیا ہے؟",لکڑی کاٹنا,الو پالنا,ہوشیار ہونا,بہت بےوقوف ہونا,D,"""کاٹھ کا الو ہونا"" کا محاورتی مطلب ہے: بہت بےوقوف ہونا۔","اردو محاورے, درمیانہ"
Q1454,⏳ 5 سیکنڈ چیلنج,M,اردو کے مشہور شاعر میر تقی میر کا اصل نام کیا تھا؟,میر محمد تقی,میر تقی علی,میر اسداللہ,میر عبدالحئی,A,درست جواب ہے: میر محمد تقی۔,"5 سیکنڈ چیلنج, درمیانہ"
Q1455,🎭 الفاظ کا جادو,M,فوراً کا مترادف کیا ہے؟,بعد میں,جلدی,آہستہ,کبھی نہیں,B,درست جواب ہے: جلدی۔,"الفاظ کا جادو, درمیانہ"
Q1456,🤯 دماغ کا امتحان,M,10000 روپے پر 5% سالانہ کے حساب سے 2 سال کا سود کتنا بنے گا؟,1000,1100,1200,900,A,سود = (اصل رقم × شرح × مدت)/100 = (10000×5×2)/100 = 1000 روپے۔,"دماغ کا امتحان, درمیانہ"
Q1457,🎭 الفاظ کا جادو,M,"""توبہ"" کا مترادف کیا ہے؟",سعی,حمد,انابت,اجر,C,"""توبہ"" کا مترادف ""انابت"" ہے۔","الفاظ کا جادو, درمیانہ"
Q1458,⏳ 5 سیکنڈ چیلنج,M,انسان کے جسم میں خون صاف کرنے والا عضو کون سا ہے؟,گردے,پھیپھڑے,جگر,دل,A,گردے خون کو فلٹر کرکے فاضل مادے خارج کرتے ہیں۔,"5 سیکنڈ چیلنج, درمیانہ"
Q1459,🤯 دماغ کا امتحان,M,باپ اور بیٹے کی عمروں کا مجموعہ 42 سال ہے۔ باپ بیٹے سے 5 گنا بڑا ہے۔ بیٹے کی عمر کیا ہے؟,9,7,12,5,B,بیٹا + باپ = 42، باپ = 5×بیٹا، لہٰذا بیٹا = 42/6 = 7 سال۔,"دماغ کا امتحان, درمیانہ"
Q1460,🧠 99٪ لوگ غلط جواب دیتے ہیں,M,ان میں سے کون سا عدد باقیوں سے مختلف ہے: 18، 36، 54، 27؟,36,27,18,54,B,باقی تمام اعداد جفت (even) ہیں مگر 27 طاق (odd) ہے۔,"99٪ لوگ غلط جواب دیتے ہیں, درمیانہ"
Q1461,📖 اردو محاورے,M,“بات کا بتنگڑ بنانا” کا مطلب کیا ہے؟,بات کو بڑھا چڑھا کر پیش کرنا,خاموش رہنا,بات بھول جانا,بات ختم کرنا,A,اس محاورے سے مراد معمولی بات کو غیر ضروری طور پر بڑا بنانا ہے۔,"اردو محاورے, درمیانہ"
Q1462,👑 صرف ذہین لوگوں کے لیے,M,پاکستان کی پہلی خاتون وزیراعظم کون تھیں؟,عاصمہ جہانگیر,کلثوم نواز,فاطمہ جناح,بے نظیر بھٹو,D,درست جواب ہے: بے نظیر بھٹو۔,"صرف ذہین لوگوں کے لیے, درمیانہ"
Q1463,📖 اردو محاورے,M,نظر انداز کرنا کا مطلب کیا ہے؟,توجہ دینا,نظر بچانا,ہنسانا,روشن کرنا,B,کسی کو اہمیت نہ دینا نظر انداز کرنا ہے۔,"اردو محاورے, درمیانہ"
Q1464,🧩 دلچسپ پہیلیاں,M,وہ کیا ہے جسے آپ خرید سکتے ہیں مگر کبھی دیکھ نہیں سکتے؟,نیند,خواب,ہوا,خیال,A,یہ ایک لطیف پہیلی ہے جس کا جواب ہے: نیند۔,"دلچسپ پہیلیاں, درمیانہ"
Q1465,🧩 دلچسپ پہیلیاں,M,وہ کون سی چیز ہے جو جتنی خشک ہوتی ہے اتنا ہی کام کرتی ہے؟,تولیہ,ریت,کاغذ,لکڑی,A,درست جواب ہے: تولیہ ✓۔,"دلچسپ پہیلیاں, درمیانہ"
Q1466,😈 ٹرک سوالات,M,ایک ٹوکری میں 13 پھل تھے، بچوں نے 4 کھا لیے، ٹوکری میں کتنے پھل بچے؟,9,4,8,10,A,13-4=9 پھل بچے۔,"ٹرک سوالات, درمیانہ"
Q1467,📖 اردو محاورے,M,“سر نیچا کرنا” کا مطلب کیا ہے؟,فخر کرنا,ہنسنا,شرمندہ ہونا,غصہ کرنا,C,یہ محاورہ شرمندگی یا ندامت ظاہر کرنے کے لیے بولا جاتا ہے۔,"اردو محاورے, درمیانہ"
Q1468,😈 ٹرک سوالات,M,ایک ٹوکری میں 28 پھل تھے، بچوں نے 7 کھا لیے، ٹوکری میں کتنے پھل بچے؟,22,20,7,21,D,28-7=21 پھل بچے۔,"ٹرک سوالات, درمیانہ"
Q1469,🎭 الفاظ کا جادو,M,"""قدیم"" کا متضاد کیا ہے؟",تاریک,جدید,شک,تفریق,B,"""قدیم"" کا متضاد ""جدید"" ہے۔","الفاظ کا جادو, درمیانہ"
Q1470,🤯 دماغ کا امتحان,M,اگر ایک مربع کے ہر ضلع کی لمبائی 12 سینٹی میٹر ہو تو اس کا محیط کتنا ہوگا؟,36 سینٹی میٹر,52 سینٹی میٹر,48 سینٹی میٹر,44 سینٹی میٹر,C,محیط = 12 × 4 = 48 سینٹی میٹر۔,"دماغ کا امتحان, درمیانہ"
Q1471,🧩 دلچسپ پہیلیاں,M,وہ کیا ہے جو آپ سے آگے بھی چلتا ہے اور پیچھے بھی رہتا ہے؟,راستہ,سایہ,یادیں,وقت,B,روشنی کے زاویے کے مطابق سایہ آگے یا پیچھے ہو سکتا ہے۔,"دلچسپ پہیلیاں, درمیانہ"
Q1472,🧩 دلچسپ پہیلیاں,M,وہ کیا ہے جو ایک ساتھ سب کے لیے مختلف رنگ کا نظر آتا ہے؟,سورج,چاند,قوس قزح,بادل,C,یہ ایک لطیف پہیلی ہے جس کا جواب ہے: قوس قزح۔,"دلچسپ پہیلیاں, درمیانہ"
Q1473,⏳ 5 سیکنڈ چیلنج,M,پاکستان کا سب سے بڑا نیشنل پارک کون سا ہے,کھیرتھر,دیوسائی,مارگلہ,ہنگول,D,ہنگول نیشنل پارک پاکستان کا سب سے بڑا نیشنل پارک ہے۔,"5 سیکنڈ چیلنج, درمیانہ"
Q1474,😈 ٹرک سوالات,M,ایک ٹوکری میں 20 پھل تھے، بچوں نے 7 کھا لیے، ٹوکری میں کتنے پھل بچے؟,7,12,14,13,D,20-7=13 پھل بچے۔,"ٹرک سوالات, درمیانہ"
Q1475,🧩 دلچسپ پہیلیاں,M,وہ کیا ہے جو ملنے سے پہلے ڈر لگے اور مل جانے پر خوشی دے؟,سفر,امتحان کا نتیجہ,نیند,کھانا,B,یہ ایک لطیف پہیلی ہے جس کا جواب ہے: امتحان کا نتیجہ۔,"دلچسپ پہیلیاں, درمیانہ"
Q1476,😈 ٹرک سوالات,M,ایک آدمی کے 7 بیٹے ہیں۔ ہر بیٹی کی دو بہنیں ہیں۔ اس کی کل کتنی بیٹیاں ہیں؟,2,14,0,7,A,درست جواب ہے: 2۔,"ٹرک سوالات, درمیانہ"
Q1477,👑 صرف ذہین لوگوں کے لیے,M,سپارکو (SUPARCO) کس شعبے سے متعلق ادارہ ہے؟,خلائی تحقیق,ایٹمی توانائی,تعلیم,زراعت,A,درست جواب ہے: خلائی تحقیق۔,"صرف ذہین لوگوں کے لیے, درمیانہ"
Q1478,🧠 99٪ لوگ غلط جواب دیتے ہیں,M,باپ اور بیٹے کی عمروں کا مجموعہ 30 سال ہے۔ باپ بیٹے سے 4 گنا بڑا ہے۔ بیٹے کی عمر کیا ہے؟,6,4,11,8,A,بیٹا + باپ = 30، باپ = 4×بیٹا، لہٰذا بیٹا = 30/5 = 6 سال۔,"99٪ لوگ غلط جواب دیتے ہیں, درمیانہ"
Q1479,⏳ 5 سیکنڈ چیلنج,M,"""دستار بندی"" کی رسم کس موقع پر ہوتی ہے؟",جنازہ,عزت یا ذمہ داری دینے کے موقع پر پگڑی باندھنا,پیدائش,شادی,B,درست جواب ہے: عزت یا ذمہ داری دینے کے موقع پر پگڑی باندھنا۔,"5 سیکنڈ چیلنج, درمیانہ"
Q1480,📖 اردو محاورے,M,"""منہ توڑ جواب دینا"" کا مطلب کیا ہے؟",سخت اور مؤثر جواب دینا,خاموش رہنا,نرمی دکھانا,معافی مانگنا,A,"""منہ توڑ جواب دینا"" کا محاورتی مطلب ہے: سخت اور مؤثر جواب دینا۔","اردو محاورے, درمیانہ"
Q1481,🎭 الفاظ کا جادو,M,"""کتاب"" کا مترادف کیا ہے؟",خامہ,کنجوس,مہربان,صحیفہ,D,"""کتاب"" کا مترادف ""صحیفہ"" ہے۔","الفاظ کا جادو, درمیانہ"
Q1482,🤯 دماغ کا امتحان,M,ایک گھڑی 3:15 دکھا رہی ہے۔ گھنٹے اور منٹ کی سوئیوں کے درمیان زاویہ کتنا ہوگا؟,7.5°,15°,0°,90°,A,درست جواب ہے: 7.5°۔,"دماغ کا امتحان, درمیانہ"
Q1483,🧩 دلچسپ پہیلیاں,M,وہ کیا ہے جو آپ کو دی جا سکتا ہے مگر آپ اسے نہیں رکھ سکتے؟,مشورہ,کتاب,پیسہ,تحفہ,A,درست جواب ہے: مشورہ۔,"دلچسپ پہیلیاں, درمیانہ"
Q1484,📖 اردو محاورے,M,"""ٹکے ٹوکری کر دینا"" کا مطلب کیا ہے؟",بہت ذلیل و رسوا کر دینا,خرید کرنا,انعام دینا,عزت دینا,A,"""ٹکے ٹوکری کر دینا"" کا محاورتی مطلب ہے: بہت ذلیل و رسوا کر دینا۔","اردو محاورے, درمیانہ"
Q1485,🧠 99٪ لوگ غلط جواب دیتے ہیں,M,3 ڈاکٹر اور 3 نرسیں ایک دوسرے سے ایک بار ہاتھ ملائیں تو کل کتنے ہاتھ ملیں گے؟,9,18,12,15,D,6 افراد کے درمیان کل 15 مصافحے ہوتے ہیں۔,"99٪ لوگ غلط جواب دیتے ہیں, درمیانہ"
Q1486,👑 صرف ذہین لوگوں کے لیے,M,موسمیاتی تبدیلی کی بڑی وجہ کیا ہے؟,آتش فشاں صرف,سمندری طوفان,زلزلے,گرین ہاؤس گیسوں کا اخراج,D,درست جواب ہے: گرین ہاؤس گیسوں کا اخراج۔,"صرف ذہین لوگوں کے لیے, درمیانہ"
Q1487,🧠 99٪ لوگ غلط جواب دیتے ہیں,M,ایک درخت پر 10 پرندے بیٹھے تھے، شکاری نے گولی چلائی اور 1 مارا، کتنے بچے؟,0,9,1,10,A,گولی کی آواز سے باقی سب اڑ جاتے ہیں، صفر بچتے ہیں۔,"99٪ لوگ غلط جواب دیتے ہیں, درمیانہ"
Q1488,🎭 الفاظ کا جادو,M,"""قلم"" کا مترادف کیا ہے؟",مہربان,کنجوس,خامہ,صحیفہ,C,"""قلم"" کا مترادف ""خامہ"" ہے۔","الفاظ کا جادو, درمیانہ"
Q1489,⏳ 5 سیکنڈ چیلنج,M,دنیا کا سب سے اونچا پولو گراؤنڈ کہاں ہے,شندور,گلگت,سکردو,چترال,A,شندور دنیا کا بلند ترین پولو گراؤنڈ ہے۔,"5 سیکنڈ چیلنج, درمیانہ"
Q1490,📖 اردو محاورے,M,"""راہ راست پر آنا"" کا مطلب کیا ہے؟",صحیح راستے پر آ جانا، سدھر جانا,سفر شروع کرنا,بھٹک جانا,گم ہو جانا,A,"""راہ راست پر آنا"" کا محاورتی مطلب ہے: صحیح راستے پر آ جانا، سدھر جانا۔","اردو محاورے, درمیانہ"
Q1491,📖 اردو محاورے,M,ہاتھ پر ہاتھ دھرے بیٹھنا کا مطلب؟,کھانا کھانا,دعاکرنا,بیکار بیٹھنا,کام کرنا,C,درست جواب ہے: B)بیکار بیٹھنا ✓۔,"اردو محاورے, درمیانہ"
Q1492,🧩 دلچسپ پہیلیاں,M,وہ کون سی چیز ہے جسے توڑنے سے پہلے اس کا نام لیا جاتا ہے؟,کرسی,کپ,شیشہ,انڈا,D,پہیلی کا معروف جواب انڈا ہے۔,"دلچسپ پہیلیاں, درمیانہ"
Q1493,😈 ٹرک سوالات,M,ایک ٹوکری میں 20 پھل تھے، بچوں نے 16 کھا لیے، ٹوکری میں کتنے پھل بچے؟,4,5,3,16,A,20-16=4 پھل بچے۔,"ٹرک سوالات, درمیانہ"
Q1494,⏳ 5 سیکنڈ چیلنج,M,پاکستان کے پہلے سیٹلائٹ کا نام کیا تھا؟,راہبر,بدر-A,پی اے سی سیٹ,شاہین-1,B,درست جواب ہے: بدر-A۔,"5 سیکنڈ چیلنج, درمیانہ"
Q1495,⏳ 5 سیکنڈ چیلنج,M,سیالکوٹ دنیا بھر میں کس صنعت کے لیے مشہور ہے؟,قالین,کھیلوں کا سامان,جہاز سازی,چاول,B,درست جواب ہے: کھیلوں کا سامان۔,"5 سیکنڈ چیلنج, درمیانہ"
Q1496,⏳ 5 سیکنڈ چیلنج,M,دنیا کا سب سے بڑا سمندری جانور کون سا ہے؟,ہاتھی,شارک,نیلی وہیل,وہیل شارک,C,نیلی وہیل دنیا کا سب سے بڑا جانور ہے۔,"5 سیکنڈ چیلنج, درمیانہ"
Q1497,😈 ٹرک سوالات,M,ایک ٹوکری میں 26 پھل تھے، بچوں نے 7 کھا لیے، ٹوکری میں کتنے پھل بچے؟,19,18,7,20,A,26-7=19 پھل بچے۔,"ٹرک سوالات, درمیانہ"
Q1498,🤯 دماغ کا امتحان,M,ایک چیز کی قیمت 450 روپے ہے۔ اس پر 30% رعایت ملے تو ادا کی جانے والی رقم کتنی ہوگی؟,325,305,315,450,C,30% رعایت = 135 روپے، لہٰذا ادا کی جانے والی رقم = 450 - 135 = 315 روپے۔,"دماغ کا امتحان, درمیانہ"
Q1499,😈 ٹرک سوالات,M,ایک ٹوکری میں 16 پھل تھے، بچوں نے 12 کھا لیے، ٹوکری میں کتنے پھل بچے؟,4,12,3,5,A,16-12=4 پھل بچے۔,"ٹرک سوالات, درمیانہ"
Q1500,😈 ٹرک سوالات,M,لڑکے اور لڑکیوں کا تناسب 3:2 ہے کل طلبہ 25 ہیں لڑکیاں کتنی؟,12,9,8,10,D,25/5*2=10,"ٹرک سوالات, درمیانہ"
Q1501,🧩 دلچسپ پہیلیاں,M,وہ کون سی چیز ہے جس کا سر کٹ جائے تو دوسرا جنم لے لیتی ہے,درخت,بال,ناخن,انسان,B,بال کاٹنے کے بعد دوبارہ اگ آتے ہیں۔,"دلچسپ پہیلیاں, درمیانہ"
Q1502,🧠 99٪ لوگ غلط جواب دیتے ہیں,M,4، 8، 16، 32 کے بعد اگلا عدد کیا ہوگا؟ (ہر عدد دگنا ہو رہا ہے),36,64,62,66,B,ہر عدد پچھلے سے دگنا ہے، لہٰذا اگلا عدد 32×2 = 64 ہوگا۔,"99٪ لوگ غلط جواب دیتے ہیں, درمیانہ"
Q1503,🤯 دماغ کا امتحان,M,ان میں سے کون سا عدد باقیوں سے مختلف ہے: 32، 24، 48، 16؟,24,48,32,16,A,باقی تمام اعداد جفت (even) ہیں مگر 24 طاق (odd) ہے۔,"دماغ کا امتحان, درمیانہ"
Q1504,📖 اردو محاورے,M,"""جان ہتھیلی پر رکھنا"" کا مطلب؟",جان کا خطرہ مول لینا,محنت کرنا,کام کرنا,دعا کرنا,A,درست جواب ہے: جان کا خطرہ مول لینا۔,"اردو محاورے, درمیانہ"
Q1505,🤯 دماغ کا امتحان,M,اگر ایک مستطیل کی لمبائی 15 میٹر اور چوڑائی 8 میٹر ہو تو اس کا رقبہ کتنا ہوگا؟,100,130,110,120,D,رقبہ = لمبائی × چوڑائی = 15 × 8 = 120 مربع میٹر۔,"دماغ کا امتحان, درمیانہ"
Q1506,😈 ٹرک سوالات,M,"وہ کون سا حرف ہے جو لفظ ""دن"" میں ایک بار اور لفظ ""رات"" میں بھی ایک بار آتا ہے؟",ت,د,ن,ر,C,"حرف ""ن"" لفظ ""دن"" میں ایک بار آتا ہے اور ""رات"" میں نہیں؛ یہ سوال لفظی چال ہے، درست مثال کے مطابق ""دن"" اور ""رات"" کے بجائے حرفی غور مقصود ہے۔","ٹرک سوالات, درمیانہ"
Q1507,🎭 الفاظ کا جادو,M,"""زندہ"" کا متضاد کیا ہے؟",تنگ,میلا,مردہ,ناراض,C,"""زندہ"" کا متضاد ""مردہ"" ہے۔","الفاظ کا جادو, درمیانہ"
Q1508,🎭 الفاظ کا جادو,M,"""غصہ"" کا مترادف کیا ہے؟",آب,طیش,الفت,اسیری,B,"""غصہ"" کا مترادف ""طیش"" ہے۔","الفاظ کا جادو, درمیانہ"
Q1509,⏳ 5 سیکنڈ چیلنج,M,نظر نہیں آتا مگر پوری دنیا کو جوڑ دیتا ہے۔ کیا ہے؟,انٹرنیٹ,ہوائی جہاز,وائی فائی راؤٹر,سیٹلائٹ,A,درست جواب ہے: انٹرنیٹ۔,"5 سیکنڈ چیلنج, درمیانہ"
Q1510,📖 اردو محاورے,M,الٹی گنگا بہانا کا مطلب کیا ہے,الٹا کام کرنا,نہانا,گنگا جانا,دریا پار کرنا,A,روایت کے خلاف کام کرنا۔,"اردو محاورے, درمیانہ"
Q1511,🤯 دماغ کا امتحان,M,ایک شٹل کاک 10 منٹ میں 2 کلو میٹر اڑتی ہے۔ 1 گھنٹے میں کتنے کلومیٹر جائے گی,10,12,6,20,B,10 منٹ میں 2 کلومیٹر، 60 منٹ میں 12 کلومیٹر۔,"دماغ کا امتحان, درمیانہ"
Q1512,🧩 دلچسپ پہیلیاں,M,وہ کون سی چیز ہے جو دیتے وقت مسکراہٹ اور لیتے وقت شرمندگی دے؟,خیرات/صدقہ,تحفہ,انعام,قرض,A,یہ ایک لطیف پہیلی ہے جس کا جواب ہے: خیرات/صدقہ۔,"دلچسپ پہیلیاں, درمیانہ"
Q1513,⏳ 5 سیکنڈ چیلنج,M,دنیا کا سب سے بڑا ملک رقبے کے لحاظ سے کون سا ہے؟,چین,روس,امریکہ,کینیڈا,B,درست جواب ہے: روس ✓۔,"5 سیکنڈ چیلنج, درمیانہ"
Q1514,📖 اردو محاورے,M,"""بے لگام"" کے لیے مناسب محاورہ؟",اونٹ کے منہ میں زیرہ,ناک میں دم,شتر بے مہار,آسمان سے گرا,C,درست جواب ہے: شتر بے مہار۔,"اردو محاورے, درمیانہ"
Q1515,🧩 دلچسپ پہیلیاں,M,وہ کون سی چیز ہے جو کھونے کے بعد سب سے زیادہ یاد آتی ہے؟,پیسہ,کھلونا,کتاب,وقت,D,یہ ایک لطیف پہیلی ہے جس کا جواب ہے: وقت۔,"دلچسپ پہیلیاں, درمیانہ"
Q1516,🤯 دماغ کا امتحان,M,2، 4، 8، 16 کے بعد اگلا عدد کیا ہوگا؟ (ہر عدد دگنا ہو رہا ہے),30,32,18,34,B,ہر عدد پچھلے سے دگنا ہے، لہٰذا اگلا عدد 16×2 = 32 ہوگا۔,"دماغ کا امتحان, درمیانہ"
Q1517,⏳ 5 سیکنڈ چیلنج,M,پاکستان میں ٹرک آرٹ کا مشہور مرکز کون سا شہر ہے؟,راولپنڈی,لاہور,کراچی,حیدرآباد (سندھ),D,درست جواب ہے: حیدرآباد (سندھ)۔,"5 سیکنڈ چیلنج, درمیانہ"
Q1518,📖 اردو محاورے,M,"""دل کا درد"" محاورے سے کیا مراد ہے؟",غصہ,جذباتی دکھ یا رنج,خوشی,جسمانی تکلیف,B,درست جواب ہے: جذباتی دکھ یا رنج۔,"اردو محاورے, درمیانہ"
Q1519,🧠 99٪ لوگ غلط جواب دیتے ہیں,M,ایک چیز کی قیمت 350 روپے ہے۔ اس پر 20% رعایت ملے تو ادا کی جانے والی رقم کتنی ہوگی؟,270,350,290,280,D,20% رعایت = 70 روپے، لہٰذا ادا کی جانے والی رقم = 350 - 70 = 280 روپے۔,"99٪ لوگ غلط جواب دیتے ہیں, درمیانہ"
Q1520,👑 صرف ذہین لوگوں کے لیے,M,سب سے قریب ترین ستارہ زمین سے کون سا ہے؟,سیریس,الفا سنٹوری,پروکسیما سنٹوری,سورج,D,درست جواب ہے: سورج۔,"صرف ذہین لوگوں کے لیے, درمیانہ"
Q1521,🎭 الفاظ کا جادو,M,لفظ علم کا متضاد کیا ہے,روشنی,سمجھ,جہالت,کتاب,C,علم کا متضاد جہالت ہے۔,"الفاظ کا جادو, درمیانہ"
Q1522,😈 ٹرک سوالات,M,دو ٹرینیں 65 اور 25 کلومیٹر فی گھنٹہ کی رفتار سے ایک دوسرے کی طرف آ رہی ہیں، درمیانی فاصلہ 270 کلومیٹر ہے (سیٹ 2)۔ کتنے گھنٹوں میں ملیں گی؟,3,2,4,5,A,وقت = فاصلہ/مجموعی رفتار = 270/90 = 3 گھنٹے۔,"ٹرک سوالات, درمیانہ"
Q1523,🤯 دماغ کا امتحان,M,باپ اور بیٹے کی عمروں کا مجموعہ 45 سال ہے۔ باپ بیٹے سے 4 گنا بڑا ہے۔ بیٹے کی عمر کیا ہے؟,14,9,11,7,B,بیٹا + باپ = 45، باپ = 4×بیٹا، لہٰذا بیٹا = 45/5 = 9 سال۔,"دماغ کا امتحان, درمیانہ"
Q1524,🧩 دلچسپ پہیلیاں,M,وہ کون سی چیز ہے جو باہر سے ٹھنڈی اور اندر سے گرم ہوتی ہے؟,برف میں لپٹا کھانا/تنور,لوہا,لکڑی,پتھر,A,یہ ایک لطیف پہیلی ہے جس کا جواب ہے: برف میں لپٹا کھانا/تنور۔,"دلچسپ پہیلیاں, درمیانہ"
Q1525,😈 ٹرک سوالات,M,ایک ٹوکری میں 16 پھل تھے، بچوں نے 7 کھا لیے، ٹوکری میں کتنے پھل بچے؟,8,10,7,9,D,16-7=9 پھل بچے۔,"ٹرک سوالات, درمیانہ"
Q1526,🤯 دماغ کا امتحان,M,دو مقداروں کا تناسب 4:2 ہے۔ اگر کل مقدار 30 ہے تو پہلی مقدار کتنی ہوگی؟,10,22,18,20,D,کل حصے = 4+2 = 6۔ پہلی مقدار = (4/6)×30 = 20۔,"دماغ کا امتحان, درمیانہ"
Q1527,😈 ٹرک سوالات,M,ایک ٹوکری میں 14 پھل تھے، بچوں نے 9 کھا لیے، ٹوکری میں کتنے پھل بچے؟,5,9,6,4,A,14-9=5 پھل بچے۔,"ٹرک سوالات, درمیانہ"
Q1528,🧩 دلچسپ پہیلیاں,M,وہ کون سی چیز ہے جو جتنی صاف ہو اتنا ہی کم نظر آتی ہے؟,شیشہ,پانی,ہوا,آئینہ,A,صاف شیشہ بمشکل نظر آتا ہے۔,"دلچسپ پہیلیاں, درمیانہ"
Q1529,🎭 الفاظ کا جادو,M,"""قریب"" کا مترادف کیا ہے؟",ضعف,رسوائی,فلک,نزدیک,D,"""قریب"" کا مترادف ""نزدیک"" ہے۔","الفاظ کا جادو, درمیانہ"
Q1530,⏳ 5 سیکنڈ چیلنج,M,اکبر اعظم کے دربار میں نو رتن کتنے تھے؟,7,10,9,12,C,درست جواب ہے: 9۔,"5 سیکنڈ چیلنج, درمیانہ"
Q1531,👑 صرف ذہین لوگوں کے لیے,M,پاکستان کا پہلا وزیر خارجہ کون تھا؟,لیاقت علی خان,سر ظفر اللہ خان,حسین شہید سہروردی,چوہدری محمد علی,B,درست جواب ہے: سر ظفر اللہ خان۔,"صرف ذہین لوگوں کے لیے, درمیانہ"
Q1532,👑 صرف ذہین لوگوں کے لیے,M,عالمی یوم ماحولیات کب منایا جاتا ہے؟,5 جون,10 دسمبر,1 مئی,22 اپریل,A,درست جواب ہے: 5 جون۔,"صرف ذہین لوگوں کے لیے, درمیانہ"
Q1533,🧠 99٪ لوگ غلط جواب دیتے ہیں,M,ان میں سے کون سا عدد باقیوں سے مختلف ہے: 21، 42، 14، 28؟,28,21,14,42,B,باقی تمام اعداد جفت (even) ہیں مگر 21 طاق (odd) ہے۔,"99٪ لوگ غلط جواب دیتے ہیں, درمیانہ"
Q1534,👑 صرف ذہین لوگوں کے لیے,M,پاکستان کا قومی پرچم کس نے ڈیزائن کیا,امیرالدین قدوائی,عبدالرب نشتر,لیاقت علی خان,علامہ اقبال,A,پاکستان کے قومی پرچم کا ڈیزائن امیرالدین قدوائی نے تیار کیا۔,"صرف ذہین لوگوں کے لیے, درمیانہ"
Q1535,🤯 دماغ کا امتحان,M,چڑیا روزانہ 3 فٹ چڑھتی اور 2 فٹ پھسلتی ہے۔ 20 فٹ گڑھے سے کب نکلے گی؟,17 دن,20 دن,19 دن,18 دن,A,درست جواب ہے: 17 دن۔,"دماغ کا امتحان, درمیانہ"
Q1536,🧩 دلچسپ پہیلیاں,M,وہ کون سی چیز ہے جس کا سر اور دم ہوتی ہے مگر جسم نہیں ہوتا؟,سکہ,مچھلی,پرندہ,سانپ,A,سکے کے دو رخ ہوتے ہیں جنہیں سر اور دم کہا جاتا ہے۔,"دلچسپ پہیلیاں, درمیانہ"
Q1537,🧠 99٪ لوگ غلط جواب دیتے ہیں,M,باپ اور بیٹے کی عمروں کا مجموعہ 54 سال ہے۔ باپ بیٹے سے 5 گنا بڑا ہے۔ بیٹے کی عمر کیا ہے؟,11,14,9,7,C,بیٹا + باپ = 54، باپ = 5×بیٹا، لہٰذا بیٹا = 54/6 = 9 سال۔,"99٪ لوگ غلط جواب دیتے ہیں, درمیانہ"
Q1538,🎭 الفاظ کا جادو,M,"""قریب"" کا متضاد کیا ہے؟",جنگ,بعید,میلا,اندھیرا,B,"""قریب"" کا متضاد ""بعید"" ہے۔","الفاظ کا جادو, درمیانہ"
Q1539,🎭 الفاظ کا جادو,M,"وسیع"""" کا مترادف کیا ہے؟",تنگ,باریک,کشادہ,کمزور,C,وسیع کا مترادف کشادہ ہے۔,"الفاظ کا جادو, درمیانہ"
Q1540,🧩 دلچسپ پہیلیاں,M,وہ کیا ہے جو رات کو بڑھتا اور دن میں گھٹتا نظر آتا ہے؟,پانی,درخت,سایہ کی لمبائی/چاند,برف,C,یہ ایک لطیف پہیلی ہے جس کا جواب ہے: سایہ کی لمبائی/چاند۔,"دلچسپ پہیلیاں, درمیانہ"
Q1541,🎭 الفاظ کا جادو,M,"""گناہ"" کا مترادف کیا ہے؟",استقامت,معصیت,اعتماد,جرات,B,"""گناہ"" کا مترادف ""معصیت"" ہے۔","الفاظ کا جادو, درمیانہ"
Q1542,🤯 دماغ کا امتحان,M,اگر ایک آدمی 5 دن میں ایک دیوار بناتا ہے تو 5 آدمی مل کر وہی دیوار کتنے دن میں بنائیں گے,25,5,10,1,D,5 آدمی مل کر کام 5 گنا تیز کریں گے۔,"دماغ کا امتحان, درمیانہ"
Q1543,🎭 الفاظ کا جادو,M,کامیابی کا متضاد کیا ہے,ناکامی,محنت,جیت,ترقی,A,کامیابی کا متضاد ناکامی ہے۔,"الفاظ کا جادو, درمیانہ"
Q1544,🎭 الفاظ کا جادو,M,"""ذلت"" کا مترادف کیا ہے؟",جبر,رسوائی,اسیری,حوصلہ,B,"""ذلت"" کا مترادف ""رسوائی"" ہے۔","الفاظ کا جادو, درمیانہ"
Q1545,🎭 الفاظ کا جادو,M,"""مہنگا"" کا متضاد کیا ہے؟",اندھیرا,تنگ,سستا,کمزور,C,"""مہنگا"" کا متضاد ""سستا"" ہے۔","الفاظ کا جادو, درمیانہ"
Q1546,⏳ 5 سیکنڈ چیلنج,M,دنیا کا سب سے بڑا فعال آتش فشاں کون سا ہے؟,ویسوویئس,ایٹنا,ماؤنٹ فیوجی,ماؤنا لوا,D,ماؤنا لوا (ہوائی) دنیا کے سب سے بڑے فعال آتش فشاں میں شمار ہوتا ہے۔,"5 سیکنڈ چیلنج, درمیانہ"
Q1547,😈 ٹرک سوالات,M,ایک آدمی نے 10 آم توڑے 3 کھا لیے 2 بچوں کو دے دیے۔ کتنے آم بچے,10,7,5,8,C,10-3-2=5 آم بچے۔,"ٹرک سوالات, درمیانہ"
Q1548,👑 صرف ذہین لوگوں کے لیے,M,انسان نے چاند پر پہلا قدم کب رکھا؟,1965,1969,1975,1959,B,درست جواب ہے: 1969۔,"صرف ذہین لوگوں کے لیے, درمیانہ"
Q1549,🧩 دلچسپ پہیلیاں,M,وہ کیا ہے جو خالی ہونے پر بھاری اور بھرنے پر ہلکا لگتا ہے؟,تھیلا,بوتل,بالٹی,غبارہ,D,یہ ایک لطیف پہیلی ہے جس کا جواب ہے: غبارہ۔,"دلچسپ پہیلیاں, درمیانہ"
Q1550,🧠 99٪ لوگ غلط جواب دیتے ہیں,M,دو مقداروں کا تناسب 4:2 ہے۔ اگر کل مقدار 78 ہے تو پہلی مقدار کتنی ہوگی؟,26,52,50,54,B,کل حصے = 4+2 = 6۔ پہلی مقدار = (4/6)×78 = 52۔,"99٪ لوگ غلط جواب دیتے ہیں, درمیانہ"
Q1551,🧠 99٪ لوگ غلط جواب دیتے ہیں,M,دو مقداروں کا تناسب 4:3 ہے۔ اگر کل مقدار 70 ہے تو پہلی مقدار کتنی ہوگی؟,40,30,42,38,A,کل حصے = 4+3 = 7۔ پہلی مقدار = (4/7)×70 = 40۔,"99٪ لوگ غلط جواب دیتے ہیں, درمیانہ"
Q1552,⏳ 5 سیکنڈ چیلنج,M,دنیا کا سب سے لمبا پہاڑی سلسلہ کون سا ہے؟,اینڈیز,ہمالیہ,راکی,الپس,A,اینڈیز دنیا کا سب سے طویل پہاڑی سلسلہ ہے۔,"5 سیکنڈ چیلنج, درمیانہ"
Q1553,🎭 الفاظ کا جادو,M,"""بیٹی"" کا مترادف کیا ہے؟",بیابان,دخترجن,ضیف,اسپ,B,"""بیٹی"" کا مترادف ""دخترجن"" ہے۔","الفاظ کا جادو, درمیانہ"
Q1554,👑 صرف ذہین لوگوں کے لیے,M,پہلا پاکستانی نوبل انعام یافتہ کون تھا,عبدالسلام,فیض احمد فیض,علامہ اقبال,ملالہ یوسفزئی,A,ڈاکٹر عبدالسلام نے 1979 میں طبیعیات کا نوبل انعام حاصل کیا۔,"صرف ذہین لوگوں کے لیے, درمیانہ"
Q1555,🧠 99٪ لوگ غلط جواب دیتے ہیں,M,اگر 8 کتابیں 4 بچوں میں برابر تقسیم کی جائیں تو ہر بچے کو کتنی کتابیں ملیں گی,1,3,4,2,D,8÷4=2 کتابیں۔,"99٪ لوگ غلط جواب دیتے ہیں, درمیانہ"
Q1556,🤯 دماغ کا امتحان,M,اگر ایک کار 80 کلومیٹر فی گھنٹہ کی رفتار سے 3 گھنٹے چلے تو کتنی دور جائے گی؟,220 کلومیٹر,240 کلومیٹر,200 کلومیٹر,260 کلومیٹر,B,80 × 3 = 240 کلومیٹر۔,"دماغ کا امتحان, درمیانہ"
Q1557,🧩 دلچسپ پہیلیاں,M,وہ کیا ہے جو ہمیشہ ایک جیسا نظر آئے مگر کبھی ایک جیسا نہ ہو؟,پہاڑ,درخت,پتھر,لہر/بادل,D,یہ ایک لطیف پہیلی ہے جس کا جواب ہے: لہر/بادل۔,"دلچسپ پہیلیاں, درمیانہ"
Q1558,🧩 دلچسپ پہیلیاں,M,وہ کون سی چیز ہے جسے توڑا نہیں جا سکتا مگر گرانے سے ٹوٹ جاتی ہے,عزت,پانی,سب,شیشہ,A,عزت کو گرایا جا سکتا ہے، اسی لیے کہا جاتا ہے کہ عزت ٹوٹ گئی۔,"دلچسپ پہیلیاں, درمیانہ"
Q1559,🤯 دماغ کا امتحان,M,ایک گھر میں 10 موم بتیاں جل رہی ہیں۔ 5 بجھ جائیں تو باقی کتنی دیر تک جلیں گی؟,ہمیشہ,5 منٹ,1 گھنٹہ,جب تک موم ختم نہ ہو,D,درست جواب ہے: جب تک موم ختم نہ ہو۔,"دماغ کا امتحان, درمیانہ"
Q1560,🤯 دماغ کا امتحان,M,ایک چیز کی قیمت 400 روپے ہے۔ اس پر 15% رعایت ملے تو ادا کی جانے والی رقم کتنی ہوگی؟,400,350,330,340,D,15% رعایت = 60 روپے، لہٰذا ادا کی جانے والی رقم = 400 - 60 = 340 روپے۔,"دماغ کا امتحان, درمیانہ"
Q1561,📖 اردو محاورے,M,"""بغلیں جھانکنا"" کا مطلب کیا ہے؟",خوش ہونا,بازو دکھانا,شرمندہ ہو کر خاموش رہ جانا,تلاش کرنا,C,"""بغلیں جھانکنا"" کا محاورتی مطلب ہے: شرمندہ ہو کر خاموش رہ جانا۔","اردو محاورے, درمیانہ"
Q1562,👑 صرف ذہین لوگوں کے لیے,M,پاکستان کا دفاعی دن کب منایا جاتا ہے؟,23 مارچ,11 ستمبر,6 ستمبر,14 اگست,C,درست جواب ہے: 6 ستمبر۔,"صرف ذہین لوگوں کے لیے, درمیانہ"
Q1563,🎭 الفاظ کا جادو,M,خاموش کا مترادف کیا ہے؟,شوریدہ,غصیلا,پُرسکون,تیز,C,پُرسکون یا خاموش ہم معنی الفاظ ہیں۔,"الفاظ کا جادو, درمیانہ"
Q1564,📖 اردو محاورے,M,"""گھی کے چراغ جلانا"" کا مطلب کیا ہے؟",کھانا پکانا,ماتم کرنا,بہت خوشی منانا,روشنی کرنا,C,"""گھی کے چراغ جلانا"" کا محاورتی مطلب ہے: بہت خوشی منانا۔","اردو محاورے, درمیانہ"
Q1565,🧠 99٪ لوگ غلط جواب دیتے ہیں,M,اگر ایک گھڑی میں وقت 2:20 ہو تو گھنٹے اور منٹ کی سوئی کے درمیان زاویہ تقریباً کتنا ہوگا؟,40°,60°,50°,70°,C,2:20 پر دونوں سوئیوں کے درمیان زاویہ تقریباً 50 ڈگری بنتا ہے۔,"99٪ لوگ غلط جواب دیتے ہیں, درمیانہ"
Q1566,📖 اردو محاورے,M,"""کمر توڑ محنت"" کا مطلب کیا ہے؟",آرام کرنا,آسان کام,انتہائی سخت محنت,ورزش کرنا,C,درست جواب ہے: انتہائی سخت محنت۔,"اردو محاورے, درمیانہ"
Q1567,🎭 الفاظ کا جادو,M,"""خالق"" کا مترادف کیا ہے؟",نااُمیدی,سچائی,ارض,پیدا کرنے والا,D,"""خالق"" کا مترادف ""پیدا کرنے والا"" ہے۔","الفاظ کا جادو, درمیانہ"
Q1568,📖 اردو محاورے,M,"""چاند پر داغ ہونا"" کا مطلب کیا ہے؟",کسی کامل چیز میں معمولی سی خامی ہونا,تاریک رات ہونا,چاند گہنا لگنا,مکمل بے عیب ہونا,A,"""چاند پر داغ ہونا"" کا محاورتی مطلب ہے: کسی کامل چیز میں معمولی سی خامی ہونا۔","اردو محاورے, درمیانہ"
Q1569,🧩 دلچسپ پہیلیاں,M,وہ کون سی چیز ہے جو خود کچھ نہیں کرتی مگر سب کچھ کرواتی ہے؟,ہاتھ,زبان,پاؤں,حکم/ارادہ,D,یہ ایک لطیف پہیلی ہے جس کا جواب ہے: حکم/ارادہ۔,"دلچسپ پہیلیاں, درمیانہ"
Q1570,⏳ 5 سیکنڈ چیلنج,M,بابا فرید گنج شکر کس شہر سے تعلق رکھتے تھے؟,پاکپتن,لاہور,ملتان,بہاولپور,A,درست جواب ہے: پاکپتن۔,"5 سیکنڈ چیلنج, درمیانہ"
Q1571,🧠 99٪ لوگ غلط جواب دیتے ہیں,M,باپ اور بیٹے کی عمروں کا مجموعہ 55 سال ہے۔ باپ بیٹے سے 4 گنا بڑا ہے۔ بیٹے کی عمر کیا ہے؟,16,11,9,13,B,بیٹا + باپ = 55، باپ = 4×بیٹا، لہٰذا بیٹا = 55/5 = 11 سال۔,"99٪ لوگ غلط جواب دیتے ہیں, درمیانہ"
Q1572,😈 ٹرک سوالات,M,3 گولیاں ہیں۔ ہر آدھے گھنٹے بعد ایک کھانی ہے۔ سب ختم ہونے میں کتنا وقت لگے گا؟,ایک گھنٹہ,دو گھنٹے,ڈیڑھ گھنٹہ,تین گھنٹے,A,درست جواب ہے: ایک گھنٹہ۔,"ٹرک سوالات, درمیانہ"
Q1573,⏳ 5 سیکنڈ چیلنج,M,قوسِ قزح میں سب سے اوپر کون سا رنگ ہوتا ہے؟,سبز,نیلا,سرخ,بنفشی,C,قوسِ قزح میں سب سے اوپر سرخ رنگ ہوتا ہے۔,"5 سیکنڈ چیلنج, درمیانہ"
Q1574,🤯 دماغ کا امتحان,M,دو مقداروں کا تناسب 2:4 ہے۔ اگر کل مقدار 90 ہے تو پہلی مقدار کتنی ہوگی؟,32,28,60,30,D,کل حصے = 2+4 = 6۔ پہلی مقدار = (2/6)×90 = 30۔,"دماغ کا امتحان, درمیانہ"
Q1575,📖 اردو محاورے,M,"""مہر"" کا نکاح سے متعلق مطلب کیا ہے؟",طلاق,بیوی کا حق,گواہ,خطبہ,B,نکاح میں شوہر کی طرف سے دیا جانے والا حق مہر۔,"اردو محاورے, درمیانہ"
Q1576,😈 ٹرک سوالات,M,ایک آدمی کے دونوں ہاتھوں میں 5،5 آم ہیں۔ اس کے پاس کل کتنے آم ہیں,5,8,15,10,D,ہر ہاتھ میں 5 آم ہیں، اس لیے کل 10 آم ہیں۔,"ٹرک سوالات, درمیانہ"
Q1577,🎭 الفاظ کا جادو,M,"""آغاز"" کا متضاد کیا ہے؟",خارج,شک,انجام,ناجائز,C,"""آغاز"" کا متضاد ""انجام"" ہے۔","الفاظ کا جادو, درمیانہ"
Q1578,⏳ 5 سیکنڈ چیلنج,M,پاکستان کا دارالحکومت اسلام آباد کب بنایا گیا,1977,1967,1956,1947,B,اسلام آباد کو 1967 میں پاکستان کا دارالحکومت بنایا گیا۔,"5 سیکنڈ چیلنج, درمیانہ"
Q1579,🧩 دلچسپ پہیلیاں,M,وہ کون سی چیز ہے جو جتنی زیادہ سوکھتی ہے اتنی ہی گیلی کرتی ہے؟,بارش,تولیہ,بادل,صابن,B,تولیہ خود سوکھتا ہے مگر جسم کو خشک (گیلا جذب) کرتا ہے۔,"دلچسپ پہیلیاں, درمیانہ"
Q1580,🎭 الفاظ کا جادو,M,لفظ مژہ کے معنی کیا ہیں؟,پلک,بھنویں,ناخن,بال,A,درست جواب ہے: پلک۔,"الفاظ کا جادو, درمیانہ"
Q1581,🧠 99٪ لوگ غلط جواب دیتے ہیں,M,باپ اور بیٹے کی عمروں کا مجموعہ 50 سال ہے۔ باپ بیٹے سے 4 گنا بڑا ہے۔ بیٹے کی عمر کیا ہے؟,15,12,8,10,D,بیٹا + باپ = 50، باپ = 4×بیٹا، لہٰذا بیٹا = 50/5 = 10 سال۔,"99٪ لوگ غلط جواب دیتے ہیں, درمیانہ"
Q1582,👑 صرف ذہین لوگوں کے لیے,M,پہلا عالمی کپ کرکٹ کب اور کہاں کھیلا گیا؟,1979 آسٹریلیا,1975 انگلینڈ,1992 آسٹریلیا,1983 بھارت,B,درست جواب ہے: 1975 انگلینڈ۔,"صرف ذہین لوگوں کے لیے, درمیانہ"
Q1583,⏳ 5 سیکنڈ چیلنج,M,کمپیوٹر میں URL کس چیز کو ظاہر کرتا ہے؟,فائل کا نام,ویب ایڈریس,پاس ورڈ,ای میل,B,درست جواب ہے: ویب ایڈریس۔,"5 سیکنڈ چیلنج, درمیانہ"
Q1584,🧩 دلچسپ پہیلیاں,M,وہ کون سی چیز ہے جو ملنے پر یاد اور کھونے پر قدر بڑھاتی ہے؟,پیسہ,کپڑا,وقت/رشتہ,کھلونا,C,یہ ایک لطیف پہیلی ہے جس کا جواب ہے: وقت/رشتہ۔,"دلچسپ پہیلیاں, درمیانہ"
Q1585,⏳ 5 سیکنڈ چیلنج,M,سکردو ہوائی اڈہ کس پہاڑی سلسلے میں واقع ہے,قراقرم,ہندوکش,ہمالیہ,سلیمان,A,سکردو قراقرم کے پہاڑی سلسلے میں واقع ہے۔,"5 سیکنڈ چیلنج, درمیانہ"
Q1586,🧩 دلچسپ پہیلیاں,M,وہ کیا ہے جو ہمیشہ آپ کے ساتھ چلتی ہے مگر پکڑی نہیں جا سکتی؟,ہوا,دھوپ,سایہ,بارش,C,سایہ ہمیشہ ساتھ رہتا ہے مگر پکڑا نہیں جا سکتا۔,"دلچسپ پہیلیاں, درمیانہ"
Q1587,🤯 دماغ کا امتحان,M,دو مقداروں کا تناسب 2:3 ہے۔ اگر کل مقدار 15 ہے تو پہلی مقدار کتنی ہوگی؟,9,8,6,4,C,کل حصے = 2+3 = 5۔ پہلی مقدار = (2/5)×15 = 6۔,"دماغ کا امتحان, درمیانہ"
Q1588,🧩 دلچسپ پہیلیاں,M,وہ کون سی چیز ہے جو جتنی زیادہ بانٹیں اتنی ہی بڑھتی ہے؟,محبت,وقت,روٹی,پیسہ,A,محبت بانٹنے سے کم نہیں بلکہ بڑھتی ہے۔,"دلچسپ پہیلیاں, درمیانہ"
Q1589,🤯 دماغ کا امتحان,M,2000 روپے پر 12% سالانہ کے حساب سے 2 سال کا سود کتنا بنے گا؟,580,380,480,680,C,سود = (اصل رقم × شرح × مدت)/100 = (2000×12×2)/100 = 480 روپے۔,"دماغ کا امتحان, درمیانہ"
Q1590,🎭 الفاظ کا جادو,M,"""صلح"" کا مترادف کیا ہے؟",امن,کذب,وفات,آس,A,"""صلح"" کا مترادف ""امن"" ہے۔","الفاظ کا جادو, درمیانہ"
Q1591,🎭 الفاظ کا جادو,M,"""ثواب"" کا مترادف کیا ہے؟",حمد,انابت,کریم,اجر,D,"""ثواب"" کا مترادف ""اجر"" ہے۔","الفاظ کا جادو, درمیانہ"
Q1592,⏳ 5 سیکنڈ چیلنج,M,"پاکستان کا وہ شہر جو ""پاکستان کا مانچسٹر"" کہلاتا ہے؟",فیصل آباد,لاہور,سیالکوٹ,کراچی,A,درست جواب ہے: فیصل آباد ________________۔,"5 سیکنڈ چیلنج, درمیانہ"
Q1593,😈 ٹرک سوالات,M,ایک ٹوکری میں 14 پھل تھے، بچوں نے 8 کھا لیے، ٹوکری میں کتنے پھل بچے؟,5,6,7,8,B,14-8=6 پھل بچے۔,"ٹرک سوالات, درمیانہ"
Q1594,🤯 دماغ کا امتحان,M,باپ اور بیٹے کی عمروں کا مجموعہ 24 سال ہے۔ باپ بیٹے سے 3 گنا بڑا ہے۔ بیٹے کی عمر کیا ہے؟,8,11,4,6,D,بیٹا + باپ = 24، باپ = 3×بیٹا، لہٰذا بیٹا = 24/4 = 6 سال۔,"دماغ کا امتحان, درمیانہ"
Q1595,📖 اردو محاورے,M,ہاتھ پاؤں مارنا کا مطلب کیا ہے؟,ہنسنا,کوشش کرنا,سو جانا,چھپ جانا,B,کامیابی کے لیے مسلسل کوشش کرنا۔,"اردو محاورے, درمیانہ"
Q1596,📖 اردو محاورے,M,"""گیدڑ کی موت مرنا"" کا مفہوم کیا ہے؟",تنہائی میں مرنا,جنگل میں مرنا,ذلت اور بزدلی کے ساتھ مرنا,اچانک مرنا,C,درست جواب ہے: ذلت اور بزدلی کے ساتھ مرنا۔,"اردو محاورے, درمیانہ"
Q1597,📖 اردو محاورے,M,"""پیٹ میں چوہے دوڑنا"" کا مطلب کیا ہے؟",پیٹ میں درد ہونا,چوہے پالنا,خوف آنا,بہت زیادہ بھوک لگنا,D,"""پیٹ میں چوہے دوڑنا"" کا محاورتی مطلب ہے: بہت زیادہ بھوک لگنا۔","اردو محاورے, درمیانہ"
Q1598,🧩 دلچسپ پہیلیاں,M,وہ کون سی چیز ہے جو خود نہیں بولتی مگر بہت کچھ بتا دیتی ہے؟,کتاب,تصویر,آئینہ,پتھر,A,کتاب میں بہت سی معلومات موجود ہوتی ہیں۔,"دلچسپ پہیلیاں, درمیانہ"
Q1599,🎭 الفاظ کا جادو,M,لفظ برہم کا مطلب کیا ہے؟,خوش,حیران,غصے میں,پریشان,C,درست جواب ہے: غصے میں۔,"الفاظ کا جادو, درمیانہ"
Q1600,🎭 الفاظ کا جادو,M,"""خواب"" کا مترادف کیا ہے؟",احترام,آتش,ارض,سپنا,D,"""خواب"" کا مترادف ""سپنا"" ہے۔","الفاظ کا جادو, درمیانہ"
Q1601,😈 ٹرک سوالات,M,ایک ٹوکری میں 27 پھل تھے، بچوں نے 25 کھا لیے، ٹوکری میں کتنے پھل بچے؟,3,1,2,25,C,27-25=2 پھل بچے۔,"ٹرک سوالات, درمیانہ"
Q1602,🧩 دلچسپ پہیلیاں,M,وہ کیا ہے جو جتنا زیادہ جلتا ہے اتنا ہی چھوٹا ہوتا جاتا ہے,پتھر,پانی,موم بتی,شیشہ,C,موم بتی جلنے سے آہستہ آہستہ ختم ہوتی جاتی ہے۔,"دلچسپ پہیلیاں, درمیانہ"
Q1603,🧠 99٪ لوگ غلط جواب دیتے ہیں,M,گھڑی 3 بجے 3 بار اور 4 بجے 4 بار بجتی ہے، تو 6 بجے کتنی بار بجے گی؟,"""6 بار""",9 بار,3 بار,12 بار,A,"درست جواب ہے: ""6 بار""۔","99٪ لوگ غلط جواب دیتے ہیں, درمیانہ"
Q1604,📖 اردو محاورے,M,"""عقل دنگ رہ جانا"" کا مطلب کیا ہے؟",نیند آنا,سمجھ آ جانا,خوش ہونا,بہت زیادہ حیران ہو جانا,D,"""عقل دنگ رہ جانا"" کا محاورتی مطلب ہے: بہت زیادہ حیران ہو جانا۔","اردو محاورے, درمیانہ"
Q1605,🤯 دماغ کا امتحان,M,ایک گھر میں 10 موم بتیاں جل رہی تھیں۔ 5 بجھ گئیں۔ کتنی موم بتیاں جلتی رہیں؟,2,10,5,کوئی نہیں,C,پانچ بجھ گئیں، باقی پانچ جلتی رہیں۔,"دماغ کا امتحان, درمیانہ"
Q1606,🎭 الفاظ کا جادو,M,"""راز"" کا مترادف کیا ہے؟",معلم,فوج,بھید,بحر,C,"""راز"" کا مترادف ""بھید"" ہے۔","الفاظ کا جادو, درمیانہ"
Q1607,🧠 99٪ لوگ غلط جواب دیتے ہیں,M,3000 روپے پر 15% سالانہ کے حساب سے 1 سال کا سود کتنا بنے گا؟,650,550,450,350,C,سود = (اصل رقم × شرح × مدت)/100 = (3000×15×1)/100 = 450 روپے۔,"99٪ لوگ غلط جواب دیتے ہیں, درمیانہ"
Q1608,🤯 دماغ کا امتحان,M,اگر 5 مزدور ایک کام 8 دنوں میں مکمل کرتے ہیں تو 8 مزدور وہی کام کتنے دنوں میں مکمل کریں گے؟,5,7,6,4,A,کل کام = 5×8 = 40 مزدور-دن۔ 8 مزدوروں کے لیے وقت = 40/8 = 5 دن۔,"دماغ کا امتحان, درمیانہ"
Q1609,🧩 دلچسپ پہیلیاں,M,وہ کیا ہے جو ایک ہی وقت میں دو مختلف جگہ محسوس ہوتا ہے؟,ہوا,بارش,روشنی,بازگشت (echo),D,یہ ایک لطیف پہیلی ہے جس کا جواب ہے: بازگشت (echo)۔,"دلچسپ پہیلیاں, درمیانہ"
Q1610,🧠 99٪ لوگ غلط جواب دیتے ہیں,M,دو مقداروں کا تناسب 5:2 ہے۔ اگر کل مقدار 42 ہے تو پہلی مقدار کتنی ہوگی؟,28,32,30,12,C,کل حصے = 5+2 = 7۔ پہلی مقدار = (5/7)×42 = 30۔,"99٪ لوگ غلط جواب دیتے ہیں, درمیانہ"
Q1611,📖 اردو محاورے,M,"""پانی پانی کرنا"" محاورے کا مطلب؟",نہلا دینا,خوش کرنا,پیاس بجھانا,سخت شرمندہ یا رسوا کر دینا,D,درست جواب ہے: سخت شرمندہ یا رسوا کر دینا۔,"اردو محاورے, درمیانہ"
Q1612,👑 صرف ذہین لوگوں کے لیے,M,پاکستان کا سب سے گرم شہر کون سا ہے,ملتان,لاڑکانہ,جیکب آباد,سکھر,C,جیکب آباد شدید گرمی کے لیے مشہور ہے۔,"صرف ذہین لوگوں کے لیے, درمیانہ"
Q1613,🧠 99٪ لوگ غلط جواب دیتے ہیں,M,اگر 8 بستوں کی قیمت 1600 روپے ہے تو ایک بستے کی قیمت کتنی ہوگی؟,150 روپے,180 روپے,200 روپے,250 روپے,C,1600 ÷ 8 = 200 روپے۔,"99٪ لوگ غلط جواب دیتے ہیں, درمیانہ"
Q1614,🎭 الفاظ کا جادو,M,"""اوپر"" کا متضاد کیا ہے؟",نیچے,شام,مردہ,جنگ,A,"""اوپر"" کا متضاد ""نیچے"" ہے۔","الفاظ کا جادو, درمیانہ"
Q1615,😈 ٹرک سوالات,M,ایک ٹوکری میں 10 پھل تھے، بچوں نے 8 کھا لیے، ٹوکری میں کتنے پھل بچے؟,2,3,1,8,A,10-8=2 پھل بچے۔,"ٹرک سوالات, درمیانہ"
Q1616,😈 ٹرک سوالات,M,ایک ٹوکری میں 22 پھل تھے، بچوں نے 10 کھا لیے، ٹوکری میں کتنے پھل بچے؟,10,13,12,11,C,22-10=12 پھل بچے۔,"ٹرک سوالات, درمیانہ"
Q1617,👑 صرف ذہین لوگوں کے لیے,M,پاکستان کی پہلی خاتون گورنر کون تھیں,حنا ربانی,رعنا لیاقت علی,فاطمہ جناح,بینظیر بھٹو,B,رعنا لیاقت علی خان پاکستان کی پہلی خاتون گورنر تھیں۔,"صرف ذہین لوگوں کے لیے, درمیانہ"
Q1618,🤯 دماغ کا امتحان,M,دو مقداروں کا تناسب 4:6 ہے۔ اگر کل مقدار 70 ہے تو پہلی مقدار کتنی ہوگی؟,30,26,42,28,D,کل حصے = 4+6 = 10۔ پہلی مقدار = (4/10)×70 = 28۔,"دماغ کا امتحان, درمیانہ"
Q1619,👑 صرف ذہین لوگوں کے لیے,M,پاکستان نے کرکٹ ورلڈ کپ پہلی بار کب جیتا؟,1999,1992,1996,1983,B,درست جواب ہے: 1992۔,"صرف ذہین لوگوں کے لیے, درمیانہ"
Q1620,🎭 الفاظ کا جادو,M,"""بیٹا"" کا مترادف کیا ہے؟",شمشیر,والدہ,ثروت,فرزند,D,"""بیٹا"" کا مترادف ""فرزند"" ہے۔","الفاظ کا جادو, درمیانہ"
Q1621,📖 اردو محاورے,M,دال میں کچھ کالا ہے کا مطلب کیا ہے؟,کھانا ٹھنڈا ہے,کوئی خفیہ بات ہے,دال خراب ہے,نمک کم ہے,B,درست جواب ہے: کوئی خفیہ بات ہے۔,"اردو محاورے, درمیانہ"
Q1622,😈 ٹرک سوالات,M,ایک ٹوکری میں 29 پھل تھے، بچوں نے 20 کھا لیے، ٹوکری میں کتنے پھل بچے؟,10,9,8,20,B,29-20=9 پھل بچے۔,"ٹرک سوالات, درمیانہ"
Q1623,📖 اردو محاورے,M,"""آ بیل مجھے مار"" کا مطلب کیا ہے؟",کھیتی کرنا,مصیبت کو خود دعوت دینا,جانوروں سے محبت,بیل سے ڈرنا,B,خود اپنے عمل سے مشکل پیدا کرنا۔,"اردو محاورے, درمیانہ"
Q1624,👑 صرف ذہین لوگوں کے لیے,M,پاکستان کا پہلا خلائی سیٹلائٹ کون سا تھا؟,سپارکو-1,رعد-1,بدر-1,پاک سیٹ-1,C,درست جواب ہے: بدر-1۔,"صرف ذہین لوگوں کے لیے, درمیانہ"
Q1625,⏳ 5 سیکنڈ چیلنج,M,فتح علی خان ٹیپو سلطان کے والد کون تھے؟,اورنگزیب,اکبر,حیدر علی,بابا,C,درست جواب ہے: حیدر علی۔,"5 سیکنڈ چیلنج, درمیانہ"
Q1626,🧠 99٪ لوگ غلط جواب دیتے ہیں,M,ایک چیز کی قیمت 500 روپے ہے۔ اس پر 20% رعایت ملے تو ادا کی جانے والی رقم کتنی ہوگی؟,390,500,410,400,D,20% رعایت = 100 روپے، لہٰذا ادا کی جانے والی رقم = 500 - 100 = 400 روپے۔,"99٪ لوگ غلط جواب دیتے ہیں, درمیانہ"
Q1627,🎭 الفاظ کا جادو,M,"""آسان"" کا مترادف کیا ہے؟",سہل,قلب,حوصلہ,دست,A,"""آسان"" کا مترادف ""سہل"" ہے۔","الفاظ کا جادو, درمیانہ"
Q1628,🤯 دماغ کا امتحان,M,اگر 15 آم 5 بچوں میں برابر تقسیم کیے جائیں تو ہر بچے کو کتنے آم ملیں گے؟,5,2,4,3,D,15 ÷ 5 = 3۔,"دماغ کا امتحان, درمیانہ"
Q1629,😈 ٹرک سوالات,M,ایک بادشاہ کے چار بیٹے تھے: نیک، کام، ناکام اور پان۔ چوتھے بیٹے کا نام کیا تھا؟,نیک,چار,پان,کام,C,نام سوال میں پہلے ہی بتایا گیا ہے۔,"ٹرک سوالات, درمیانہ"
Q1630,🧠 99٪ لوگ غلط جواب دیتے ہیں,M,"2026 میں دنیا کا پہلا ملک جس نے ""Hyperloop"" کو تجارتی بنیادوں پر شروع کیا؟",امریکہ,جاپان,متحدہ عرب امارات,چین,C,درست جواب ہے: متحدہ عرب امارات ________________۔,"99٪ لوگ غلط جواب دیتے ہیں, درمیانہ"
Q1631,👑 صرف ذہین لوگوں کے لیے,M,خطہ فلسطین کا مقدس شہر کون سا ہے؟,قاہرہ,یروشلم,دمشق,بغداد,B,درست جواب ہے: یروشلم۔,"صرف ذہین لوگوں کے لیے, درمیانہ"
Q1632,📖 اردو محاورے,M,"""خون پسینہ ایک کرنا"" کا مطلب کیا ہے؟",سخت محنت کرنا,بیمار ہونا,آرام کرنا,خون بہنا,A,"""خون پسینہ ایک کرنا"" کا محاورتی مطلب ہے: سخت محنت کرنا۔","اردو محاورے, درمیانہ"
Q1633,📖 اردو محاورے,M,"""ہاتھ باندھنا"" کا مطلب کیا ہے؟",عاجزی سے التجا کرنا,ہاتھ صاف کرنا,کام کرنا,لڑنا,A,"""ہاتھ باندھنا"" کا محاورتی مطلب ہے: عاجزی سے التجا کرنا۔","اردو محاورے, درمیانہ"
Q1634,🎭 الفاظ کا جادو,M,"""احمق"" کا مترادف کیا ہے؟",بے وقوف,سریع,ڈر,دشوار,A,"""احمق"" کا مترادف ""بے وقوف"" ہے۔","الفاظ کا جادو, درمیانہ"
Q1635,👑 صرف ذہین لوگوں کے لیے,M,"لفظ ""شیر"" کے دو مشہور معنی کون سے ہیں؟",جانور اور دودھ,بادشاہ اور غلام,دریا اور پہاڑ,جانور اور پھل,A,"اردو میں ""شیر"" (Lion) اور فارسی میں ""شیر"" (Milk) دونوں مستعمل ہیں۔","صرف ذہین لوگوں کے لیے, درمیانہ"
Q1636,🧠 99٪ لوگ غلط جواب دیتے ہیں,M,ایک کلاس میں 50 طلبہ ہیں۔ اگر 60٪ پاس ہو جائیں تو کتنے فیل ہوں گے؟,15,25,30,20,D,درست جواب ہے: 20۔,"99٪ لوگ غلط جواب دیتے ہیں, درمیانہ"
Q1637,🤯 دماغ کا امتحان,M,اگر 12 آم 3 بچوں میں برابر تقسیم کیے جائیں تو ہر بچے کو کتنے آم ملیں گے,2,4,5,3,B,12÷3=4۔,"دماغ کا امتحان, درمیانہ"
Q1638,🧩 دلچسپ پہیلیاں,M,وہ کون سی چیز ہے جو زیادہ چھپانے سے اور نمایاں ہو جاتی ہے؟,کپڑا,پیسہ,راز,کھانا,C,یہ ایک لطیف پہیلی ہے جس کا جواب ہے: راز۔,"دلچسپ پہیلیاں, درمیانہ"
Q1639,🧠 99٪ لوگ غلط جواب دیتے ہیں,M,"2026 میں دنیا کا پہلا ملک جس نے ""Drone Taxis"" کو عام شہریوں کے لیے کھولا؟",چین,امریکہ,متحدہ عرب امارات,سنگاپور,C,درست جواب ہے: متحدہ عرب امارات ________________۔,"99٪ لوگ غلط جواب دیتے ہیں, درمیانہ"
Q1640,🧩 دلچسپ پہیلیاں,M,وہ کیا ہے جو انسان کے ساتھ پیدا ہوتا ہے مگر کبھی بڑا نہیں ہوتا؟,نام,قد,آواز,سایہ,A,یہ ایک لطیف پہیلی ہے جس کا جواب ہے: نام۔,"دلچسپ پہیلیاں, درمیانہ"
Q1641,🤯 دماغ کا امتحان,M,ان میں سے کون سا عدد باقیوں سے مختلف ہے: 24، 12، 16، 8؟,24,12,16,8,B,باقی تمام اعداد جفت (even) ہیں مگر 12 طاق (odd) ہے۔,"دماغ کا امتحان, درمیانہ"
Q1642,👑 صرف ذہین لوگوں کے لیے,M,پاکستان کا قومی شاعر کس کو کہا جاتا ہے,فیض احمد فیض,علامہ اقبال,میر تقی میر,احمد فراز,B,علامہ اقبال کو پاکستان کا قومی شاعر کہا جاتا ہے۔,"صرف ذہین لوگوں کے لیے, درمیانہ"
Q1643,👑 صرف ذہین لوگوں کے لیے,M,پاکستان ٹیلی ویژن کا آغاز کس سال ہوا,1968,1966,1964,1962,C,پی ٹی وی کا آغاز 1964 میں ہوا۔,"صرف ذہین لوگوں کے لیے, درمیانہ"
Q1644,😈 ٹرک سوالات,M,ایک ٹوکری میں 15 پھل تھے، بچوں نے 9 کھا لیے، ٹوکری میں کتنے پھل بچے؟,7,9,6,5,C,15-9=6 پھل بچے۔,"ٹرک سوالات, درمیانہ"
Q1645,😈 ٹرک سوالات,M,ایک ٹوکری میں 13 پھل تھے، بچوں نے 9 کھا لیے، ٹوکری میں کتنے پھل بچے؟,5,9,4,3,C,13-9=4 پھل بچے۔,"ٹرک سوالات, درمیانہ"
Q1646,🧠 99٪ لوگ غلط جواب دیتے ہیں,M,باپ اور بیٹے کی عمروں کا مجموعہ 80 سال ہے۔ باپ بیٹے سے 4 گنا بڑا ہے۔ بیٹے کی عمر کیا ہے؟,14,16,21,18,B,بیٹا + باپ = 80، باپ = 4×بیٹا، لہٰذا بیٹا = 80/5 = 16 سال۔,"99٪ لوگ غلط جواب دیتے ہیں, درمیانہ"
Q1647,😈 ٹرک سوالات,M,ایک ٹوکری میں 23 پھل تھے، بچوں نے 9 کھا لیے، ٹوکری میں کتنے پھل بچے؟,15,14,13,9,B,23-9=14 پھل بچے۔,"ٹرک سوالات, درمیانہ"
Q1648,📖 اردو محاورے,M,"""انگلیوں پر گننا"" کا مطلب کیا ہے؟",جلدی گننا,تعداد میں زیادہ ہونا,تعداد میں بہت کم ہونا,ہاتھ صاف ہونا,C,"""انگلیوں پر گننا"" کا محاورتی مطلب ہے: تعداد میں بہت کم ہونا۔","اردو محاورے, درمیانہ"
Q1649,⏳ 5 سیکنڈ چیلنج,M,دنیا کا سب سے زیادہ آبادی والا براعظم کون سا ہے؟,یورپ,افریقہ,ایشیا,شمالی امریکہ,C,ایشیا دنیا کا سب سے زیادہ آبادی والا براعظم ہے۔,"5 سیکنڈ چیلنج, درمیانہ"
Q1650,🧠 99٪ لوگ غلط جواب دیتے ہیں,M,باپ اور بیٹے کی عمروں کا مجموعہ 51 سال ہے۔ باپ بیٹے سے 2 گنا بڑا ہے۔ بیٹے کی عمر کیا ہے؟,19,17,22,15,B,بیٹا + باپ = 51، باپ = 2×بیٹا، لہٰذا بیٹا = 51/3 = 17 سال۔,"99٪ لوگ غلط جواب دیتے ہیں, درمیانہ"
Q1651,⏳ 5 سیکنڈ چیلنج,M,پاکستان کی معیشت میں زراعت کا اہم کردار کس وجہ سے ہے,خوراک اور خام مال کی فراہمی,صرف صنعت,صرف برآمدات,صرف تجارت,A,زراعت خوراک، روزگار اور صنعتوں کے لیے خام مال فراہم کرتی ہے۔,"5 سیکنڈ چیلنج, درمیانہ"
Q1652,😈 ٹرک سوالات,M,ایک ٹوکری میں 16 پھل تھے، بچوں نے 5 کھا لیے، ٹوکری میں کتنے پھل بچے؟,5,11,10,12,B,16-5=11 پھل بچے۔,"ٹرک سوالات, درمیانہ"
Q1653,🧩 دلچسپ پہیلیاں,M,وہ کون سی چیز ہے جو انسان کے سونے کے بعد بھی کام کرتی رہتی ہے؟,دل کی دھڑکن,آنکھ,ہاتھ,زبان,A,یہ ایک لطیف پہیلی ہے جس کا جواب ہے: دل کی دھڑکن۔,"دلچسپ پہیلیاں, درمیانہ"
Q1654,⏳ 5 سیکنڈ چیلنج,M,پاکستان میں تقریباً کتنی زبانیں بولی جاتی ہیں؟,70 سے زائد,100 سے زائد,40,20,A,درست جواب ہے: 70 سے زائد۔,"5 سیکنڈ چیلنج, درمیانہ"
Q1655,⏳ 5 سیکنڈ چیلنج,M,پاکستان کا سب سے بڑا ریلوے اسٹیشن کون سا ہے؟,کراچی کینٹ,فیصل آباد اسٹیشن,راولپنڈی اسٹیشن,لاہور جنکشن,D,لاہور جنکشن پاکستان کے بڑے اور قدیم ریلوے اسٹیشنوں میں شمار ہوتا ہے۔,"5 سیکنڈ چیلنج, درمیانہ"
Q1656,🤯 دماغ کا امتحان,M,ان میں سے کون سا عدد باقیوں سے مختلف ہے: 18، 12، 24، 36؟,18,24,36,12,A,باقی تمام اعداد جفت (even) ہیں مگر 18 طاق (odd) ہے۔,"دماغ کا امتحان, درمیانہ"
Q1657,👑 صرف ذہین لوگوں کے لیے,M,'آگ کا دریا' کس مصنفہ کا مشہور ناول ہے؟,بانو قدسیہ,قرۃ العین حیدر,عصمت چغتائی,خدیجہ مستور,B,درست جواب ہے: قرۃ العین حیدر۔,"صرف ذہین لوگوں کے لیے, درمیانہ"
Q1658,🤯 دماغ کا امتحان,M,ایک آدمی نے 4 دیواروں پر 4 تصویریں لگائیں۔ ہر تصویر 4 کناروں پر ہے۔ کل کتنے کنارے؟,20,12,8,16,B,درست جواب ہے: 12۔,"دماغ کا امتحان, درمیانہ"
Q1659,👑 صرف ذہین لوگوں کے لیے,M,پاکستان کا قومی ترانہ کس نے لکھا؟,حفیظ جالندھری,حسرت,اقبال,فیض,A,درست جواب ہے: حفیظ جالندھری۔,"صرف ذہین لوگوں کے لیے, درمیانہ"
Q1660,🎭 الفاظ کا جادو,M,امیدوار کا متضاد کیا ہے؟,خوش,اداس,تنہا,مایوس,D,درست جواب ہے: مایوس۔,"الفاظ کا جادو, درمیانہ"
Q1661,🎭 الفاظ کا جادو,M,"""داخل"" کا متضاد کیا ہے؟",خارج,بےترتیبی,اضطراب,رد,A,"""داخل"" کا متضاد ""خارج"" ہے۔","الفاظ کا جادو, درمیانہ"
Q1662,📖 اردو محاورے,M,"""پاؤں بھاری ہونا"" کا مطلب کیا ہے؟",سست ہونا,بیمار ہونا,تھکاوٹ ہونا,حاملہ ہونا,D,"""پاؤں بھاری ہونا"" کا محاورتی مطلب ہے: حاملہ ہونا۔","اردو محاورے, درمیانہ"
Q1663,🤯 دماغ کا امتحان,M,3 ڈاکٹر اور 3 نرسیں ایک دوسرے سے صرف ایک بار ہاتھ ملاتے ہیں۔ کل کتنے ہاتھ ملیں گے؟,9,"""15""",18,12,B,"درست جواب ہے: ""15""۔","دماغ کا امتحان, درمیانہ"
Q1664,📖 اردو محاورے,M,"""رفو چکر ہو جانا"" کا مطلب کیا ہے؟",چپکے سے بھاگ جانا یا غائب ہو جانا,واپس آنا,کپڑے سینا,سو جانا,A,"""رفو چکر ہو جانا"" کا محاورتی مطلب ہے: چپکے سے بھاگ جانا یا غائب ہو جانا۔","اردو محاورے, درمیانہ"
Q1665,🧩 دلچسپ پہیلیاں,M,وہ کیا ہے جو ایک لمحے میں بن جاتا ہے مگر عمر بھر ساتھ رہتا ہے؟,دولت,لباس,رشتہ,مکان,C,یہ ایک لطیف پہیلی ہے جس کا جواب ہے: رشتہ۔,"دلچسپ پہیلیاں, درمیانہ"
Q1666,🧠 99٪ لوگ غلط جواب دیتے ہیں,M,"2026 میں دنیا کا پہلا ملک جس نے ""Quantum Computing"" کو تجارتی بنیادوں پر عام کیا؟",کینیڈا,برطانیہ,چین,امریکہ,C,درست جواب ہے: چین۔,"99٪ لوگ غلط جواب دیتے ہیں, درمیانہ"
Q1667,👑 صرف ذہین لوگوں کے لیے,M,پاکستان کا پہلا ٹی وی چینل کون سا تھا,جیو,پی ٹی وی,ہم,اے آر وائی,B,پی ٹی وی پاکستان کا پہلا سرکاری ٹیلی ویژن چینل تھا۔,"صرف ذہین لوگوں کے لیے, درمیانہ"
Q1668,📖 اردو محاورے,M,"""کلیجہ ٹھنڈا ہونا"" کا مطلب کیا ہے؟",بیمار ہونا,پیاس بجھنا,غصہ آنا,دل کو سکون یا اطمینان ملنا,D,"""کلیجہ ٹھنڈا ہونا"" کا محاورتی مطلب ہے: دل کو سکون یا اطمینان ملنا۔","اردو محاورے, درمیانہ"
Q1669,🧩 دلچسپ پہیلیاں,M,وہ کیا ہے جسے جتنا بھولنے کی کوشش کریں، اتنا ہی یاد آتا ہے؟,پرانی تصویر,ماضی,خواب,بچپن,B,درست جواب ہے: ماضی۔,"دلچسپ پہیلیاں, درمیانہ"
Q1670,🤯 دماغ کا امتحان,M,دو مقداروں کا تناسب 6:4 ہے۔ اگر کل مقدار 30 ہے تو پہلی مقدار کتنی ہوگی؟,12,20,16,18,D,کل حصے = 6+4 = 10۔ پہلی مقدار = (6/10)×30 = 18۔,"دماغ کا امتحان, درمیانہ"
Q1671,🧩 دلچسپ پہیلیاں,M,وہ کون سی چیز ہے جو انسان کو راتوں رات بوڑھا کر سکتی ہے؟,بیماری,بھوک,غم/پریشانی,سفر,C,یہ ایک لطیف پہیلی ہے جس کا جواب ہے: غم/پریشانی۔,"دلچسپ پہیلیاں, درمیانہ"
Q1672,🎭 الفاظ کا جادو,M,"""موٹا"" کا متضاد کیا ہے؟",ظلم,گرمی,پتلا,خاموشی,C,"""موٹا"" کا متضاد ""پتلا"" ہے۔","الفاظ کا جادو, درمیانہ"
Q1673,😈 ٹرک سوالات,M,ایک ٹوکری میں 20 پھل تھے، بچوں نے 1 کھا لیے، ٹوکری میں کتنے پھل بچے؟,18,1,20,19,D,20-1=19 پھل بچے۔,"ٹرک سوالات, درمیانہ"
Q1674,👑 صرف ذہین لوگوں کے لیے,M,سورج کا بنیادی جزو کون سا عنصر ہے؟,آکسیجن,ہیلیم,ہائیڈروجن,کاربن,C,درست جواب ہے: ہائیڈروجن۔,"صرف ذہین لوگوں کے لیے, درمیانہ"
Q1675,🎭 الفاظ کا جادو,M,“بزدل” کا متضاد کیا ہے؟,سست,بہادر,ڈرپوک,غریب,B,بزدل کا متضاد بہادر ہے۔,"الفاظ کا جادو, درمیانہ"
Q1676,🎭 الفاظ کا جادو,M,"""تیز"" کا مترادف کیا ہے؟",رنج,قدیم,سریع,چشم,C,"""تیز"" کا مترادف ""سریع"" ہے۔","الفاظ کا جادو, درمیانہ"
Q1677,😈 ٹرک سوالات,M,13، 18، 23، 28 کے بعد اگلا عدد کیا ہوگا؟,34,38,33,32,C,ہر بار 5 کا اضافہ ہو رہا ہے، لہٰذا اگلا عدد 28+5 = 33 ہوگا۔,"ٹرک سوالات, درمیانہ"
Q1678,🧩 دلچسپ پہیلیاں,M,وہ کون سی چیز ہے جو خود ٹوٹتی ہے مگر دوسروں کو جوڑ دیتی ہے؟,صابن,سوئی,روٹی,قلم,B,سوئی کپڑا جوڑنے کے لیے خود دھاگے کے ساتھ کام کرتی ہے اور اکثر ٹوٹ بھی جاتی ہے۔,"دلچسپ پہیلیاں, درمیانہ"
Q1679,🤯 دماغ کا امتحان,M,ایک چیز کی قیمت 800 روپے ہے۔ اس پر 15% رعایت ملے تو ادا کی جانے والی رقم کتنی ہوگی؟,670,680,800,690,B,15% رعایت = 120 روپے، لہٰذا ادا کی جانے والی رقم = 800 - 120 = 680 روپے۔,"دماغ کا امتحان, درمیانہ"
Q1680,👑 صرف ذہین لوگوں کے لیے,M,بابائے اردو کس شخصیت کو کہا جاتا ہے؟,میر تقی میر,مولوی عبدالحق,فیض احمد فیض,علامہ اقبال,B,درست جواب ہے: B)مولوی عبدالحق ✓۔,"صرف ذہین لوگوں کے لیے, درمیانہ"
Q1681,📖 اردو محاورے,M,"""ناک میں دم آنا"" کا مطلب کیا ہے؟",غصہ کرنا,بہت زیادہ تنگ آ جانا,خوش ہونا,سانس کی بیماری,B,درست جواب ہے: بہت زیادہ تنگ آ جانا۔,"اردو محاورے, درمیانہ"
Q1682,😈 ٹرک سوالات,M,ایک ٹوکری میں 28 پھل تھے، بچوں نے 11 کھا لیے، ٹوکری میں کتنے پھل بچے؟,11,18,17,16,C,28-11=17 پھل بچے۔,"ٹرک سوالات, درمیانہ"
Q1683,🤯 دماغ کا امتحان,M,ایک ڈاکٹر 3 گولیاں دیتا ہے اور ہر آدھے گھنٹے بعد ایک کھانے کو کہتا ہے۔ سب کتنے وقت میں ختم ہوں گی,30 منٹ,1 گھنٹہ,ڈیڑھ گھنٹہ,2 گھنٹے,B,درست جواب ہے: 1 گھنٹہ۔,"دماغ کا امتحان, درمیانہ"
Q1684,🧠 99٪ لوگ غلط جواب دیتے ہیں,M,باپ اور بیٹے کی عمروں کا مجموعہ 35 سال ہے۔ باپ بیٹے سے 4 گنا بڑا ہے۔ بیٹے کی عمر کیا ہے؟,9,5,7,12,C,بیٹا + باپ = 35، باپ = 4×بیٹا، لہٰذا بیٹا = 35/5 = 7 سال۔,"99٪ لوگ غلط جواب دیتے ہیں, درمیانہ"
Q1685,😈 ٹرک سوالات,M,ایک ٹوکری میں 16 پھل تھے، بچوں نے 15 کھا لیے، ٹوکری میں کتنے پھل بچے؟,2,0,1,15,C,16-15=1 پھل بچے۔,"ٹرک سوالات, درمیانہ"
Q1686,⏳ 5 سیکنڈ چیلنج,M,انسانی جسم کا سب سے بڑا عضو کون سا ہے؟,دماغ,جلد,دل,جگر,B,درست جواب ہے: جلد۔,"5 سیکنڈ چیلنج, درمیانہ"
Q1687,😈 ٹرک سوالات,M,اگر کسی عدد کو 2 سے ضرب دے کر 10 جمع کریں تو 30 بنتا ہے۔ وہ عدد کیا ہے؟,10,15,5,20,A,(10×2)+10=30۔,"ٹرک سوالات, درمیانہ"
Q1688,📖 اردو محاورے,M,"""لوہے کے چنے چبانا"" کا مطلب کیا ہے؟",آسانی سے کھانا,بہت مشکل کام کرنا,دانت صاف کرنا,لوہا خریدنا,B,"""لوہے کے چنے چبانا"" کا محاورتی مطلب ہے: بہت مشکل کام کرنا۔","اردو محاورے, درمیانہ"
Q1689,⏳ 5 سیکنڈ چیلنج,M,"""غزل"" کا لفظ اصل میں کس زبان سے آیا ہے؟",عربی,فارسی,سنسکرت,ترکی,A,غزل کا لفظ عربی زبان سے آیا ہے۔,"5 سیکنڈ چیلنج, درمیانہ"
Q1690,🧠 99٪ لوگ غلط جواب دیتے ہیں,M,باپ اور بیٹے کی عمروں کا مجموعہ 54 سال ہے۔ باپ بیٹے سے 2 گنا بڑا ہے۔ بیٹے کی عمر کیا ہے؟,18,16,20,23,A,بیٹا + باپ = 54، باپ = 2×بیٹا، لہٰذا بیٹا = 54/3 = 18 سال۔,"99٪ لوگ غلط جواب دیتے ہیں, درمیانہ"
Q1691,👑 صرف ذہین لوگوں کے لیے,M,پاکستان کا پہلا ایٹمی دھماکہ کب ہوا,1998,1972,2000,1974,A,28 مئی 1998 کو۔,"صرف ذہین لوگوں کے لیے, درمیانہ"
Q1692,🧩 دلچسپ پہیلیاں,M,وہ کون سی چیز ہے جو جتنی زیادہ ہوگی اتنا ہی کم نظر آئے گا؟,پانی,روشنی,اندھیرا,"""دھند""",D,"درست جواب ہے: ""دھند""۔","دلچسپ پہیلیاں, درمیانہ"
Q1693,🧩 دلچسپ پہیلیاں,M,وہ کیا ہے جو گرنے سے نہیں بلکہ اٹھنے سے مضبوط ہوتا ہے؟,پتھر,حوصلہ,دیوار,درخت,B,یہ ایک لطیف پہیلی ہے جس کا جواب ہے: حوصلہ۔,"دلچسپ پہیلیاں, درمیانہ"
Q1694,📖 اردو محاورے,M,"""کلیجہ منہ کو آنا"" کا مطلب کیا ہے؟",بھوک لگنا,ہنسی آنا,بہت زیادہ خوف یا صدمہ ہونا,خوشی ہونا,C,"""کلیجہ منہ کو آنا"" کا محاورتی مطلب ہے: بہت زیادہ خوف یا صدمہ ہونا۔","اردو محاورے, درمیانہ"
Q1695,😈 ٹرک سوالات,M,ایک ٹوکری میں 21 پھل تھے، بچوں نے 3 کھا لیے، ٹوکری میں کتنے پھل بچے؟,19,18,3,17,B,21-3=18 پھل بچے۔,"ٹرک سوالات, درمیانہ"
Q1696,⏳ 5 سیکنڈ چیلنج,M,پاکستان میں سب سے زیادہ آبادی والا شہر کون سا ہے؟,کراچی,اسلام آباد,لاہور,کوئٹہ,A,کراچی پاکستان کا سب سے بڑا شہر ہے,"5 سیکنڈ چیلنج, درمیانہ"
Q1697,📖 اردو محاورے,M,"""سبز باغ دکھانا"" کا مطلب کیا ہے؟",باغبانی کرنا,سچ بولنا,جھوٹی امیدیں دلانا,سفر کرانا,C,"""سبز باغ دکھانا"" کا محاورتی مطلب ہے: جھوٹی امیدیں دلانا۔","اردو محاورے, درمیانہ"
Q1698,📖 اردو محاورے,M,"""سر پھرا ہونا"" کا مطلب کیا ہے؟",خاموش ہونا,پرسکون ہونا,سنکی یا جنونی مزاج کا ہونا,سمجھدار ہونا,C,"""سر پھرا ہونا"" کا محاورتی مطلب ہے: سنکی یا جنونی مزاج کا ہونا۔","اردو محاورے, درمیانہ"
Q1699,⏳ 5 سیکنڈ چیلنج,M,"اردو میں ""غزل"" کا لفظ اصل میں کس زبان سے آیا؟",فارسی,سنسکرت,عربی,ترکی,C,درست جواب ہے: عربی۔,"5 سیکنڈ چیلنج, درمیانہ"
Q1700,📖 اردو محاورے,M,ناک میں دم کرنا کا مطلب کیا ہے؟,ناک صاف کرنا,تنگ کرنا,سانس لینا,خوش کرنا,B,کسی کو بہت پریشان کرنا,"اردو محاورے, درمیانہ"
Q1701,🤯 دماغ کا امتحان,M,اگر 8 مشینیں 8 منٹ میں 8 چیزیں بنائیں تو 1 مشین 1 چیز کتنے منٹ میں بنائے گی؟,1,8,4,16,B,ہر مشین ایک چیز 8 منٹ میں بناتی ہے۔,"دماغ کا امتحان, درمیانہ"
Q1702,🤯 دماغ کا امتحان,M,باپ اور بیٹے کی عمروں کا مجموعہ 45 سال ہے۔ باپ بیٹے سے 2 گنا بڑا ہے۔ بیٹے کی عمر کیا ہے؟,13,20,15,17,C,بیٹا + باپ = 45، باپ = 2×بیٹا، لہٰذا بیٹا = 45/3 = 15 سال۔,"دماغ کا امتحان, درمیانہ"
Q1703,🧩 دلچسپ پہیلیاں,M,وہ کون سی چیز ہے جو خود نہیں بولتی مگر سب کی بات پہنچاتی ہے؟,خط,آئینہ,فون,کتاب,A,خط خود نہیں بولتا مگر پیغام پہنچاتا ہے۔,"دلچسپ پہیلیاں, درمیانہ"
Q1704,👑 صرف ذہین لوگوں کے لیے,M,دنیا کا بلند ترین آبشار کون سا ہے؟,اینجل فالز,اگوازو فالز,نیاگرا فالز,وکٹوریہ فالز,A,درست جواب ہے: اینجل فالز۔,"صرف ذہین لوگوں کے لیے, درمیانہ"
Q1705,👑 صرف ذہین لوگوں کے لیے,M,پاکستان کا قومی لباس کیا سمجھا جاتا ہے؟,کرتا,دھوتی,شیروانی,شلوار قمیص,D,درست جواب ہے: A)شلوار قمیص ✓۔,"صرف ذہین لوگوں کے لیے, درمیانہ"
Q1706,🧠 99٪ لوگ غلط جواب دیتے ہیں,M,ان میں سے کون سا عدد باقیوں سے مختلف ہے: 9، 12، 6، 18؟,18,6,12,9,D,باقی تمام اعداد جفت (even) ہیں مگر 9 طاق (odd) ہے۔,"99٪ لوگ غلط جواب دیتے ہیں, درمیانہ"
Q1707,⏳ 5 سیکنڈ چیلنج,M,مشاعرے میں آخر میں آنے والا شعر کیا کہلاتا ہے؟,مقطع,غزل,مطلع,رباعی,A,درست جواب ہے: مقطع۔,"5 سیکنڈ چیلنج, درمیانہ"
Q1708,🧠 99٪ لوگ غلط جواب دیتے ہیں,M,ان میں سے کون سا عدد باقیوں سے مختلف ہے: 6، 18، 9، 12؟,6,18,9,12,C,باقی تمام اعداد جفت (even) ہیں مگر 9 طاق (odd) ہے۔,"99٪ لوگ غلط جواب دیتے ہیں, درمیانہ"
Q1709,📖 اردو محاورے,M,"""چاند پر تھوکنا"" کا مطلب کیا ہے؟",سفر کرنا,کسی بلند اور بے عیب شخص پر بے سود الزام لگانا,دعا مانگنا,چاند دیکھنا,B,"""چاند پر تھوکنا"" کا محاورتی مطلب ہے: کسی بلند اور بے عیب شخص پر بے سود الزام لگانا۔","اردو محاورے, درمیانہ"
Q1710,🧠 99٪ لوگ غلط جواب دیتے ہیں,M,3 ڈاکٹر اور 3 نرسیں آپس میں ایک ایک بار ہاتھ ملاتے ہیں۔ کل کتنی بار ہاتھ ملایا جائے گا؟,18,20,15,12,C,6 افراد کے درمیان کل 15 منفرد ہاتھ ملانے بنتے ہیں۔,"99٪ لوگ غلط جواب دیتے ہیں, درمیانہ"
Q1711,😈 ٹرک سوالات,M,ایک ٹوکری میں 24 پھل تھے، بچوں نے 2 کھا لیے، ٹوکری میں کتنے پھل بچے؟,21,23,22,2,C,24-2=22 پھل بچے۔,"ٹرک سوالات, درمیانہ"
Q1712,👑 صرف ذہین لوگوں کے لیے,M,دنیا کا سب سے بڑا جانور کون سا ہے؟,شارک,زرافہ,افریقی ہاتھی,نیلی وہیل,D,نیلی وہیل دنیا کا سب سے بڑا معلوم جانور ہے۔,"صرف ذہین لوگوں کے لیے, درمیانہ"
Q1713,🧠 99٪ لوگ غلط جواب دیتے ہیں,M,باپ اور بیٹے کی عمروں کا مجموعہ 39 سال ہے۔ باپ بیٹے سے 2 گنا بڑا ہے۔ بیٹے کی عمر کیا ہے؟,13,18,11,15,A,بیٹا + باپ = 39، باپ = 2×بیٹا، لہٰذا بیٹا = 39/3 = 13 سال۔,"99٪ لوگ غلط جواب دیتے ہیں, درمیانہ"
Q1714,📖 اردو محاورے,M,"""زبان پر تالا لگانا"" کا مطلب کیا ہے؟",گانا گانا,خاموش ہو جانا یا رہنا,بہت بولنا,جھگڑا کرنا,B,"""زبان پر تالا لگانا"" کا محاورتی مطلب ہے: خاموش ہو جانا یا رہنا۔","اردو محاورے, درمیانہ"
Q1715,👑 صرف ذہین لوگوں کے لیے,M,قائد اعظم کی جائے پیدائش کون سا شہر ہے,کوئٹہ,کراچی,وزیرآباد,لاہور,B,درست جواب ہے: کراچی۔,"صرف ذہین لوگوں کے لیے, درمیانہ"
Q1716,😈 ٹرک سوالات,M,اگر ایک گھنٹے میں 60 منٹ ہوتے ہیں تو آدھے گھنٹے میں کتنے منٹ ہوں گے؟,40,30,20,25,B,آدھا گھنٹہ 30 منٹ کے برابر ہوتا ہے۔,"ٹرک سوالات, درمیانہ"
Q1717,🧠 99٪ لوگ غلط جواب دیتے ہیں,M,دو مقداروں کا تناسب 3:5 ہے۔ اگر کل مقدار 88 ہے تو پہلی مقدار کتنی ہوگی؟,35,33,55,31,B,کل حصے = 3+5 = 8۔ پہلی مقدار = (3/8)×88 = 33۔,"99٪ لوگ غلط جواب دیتے ہیں, درمیانہ"
Q1718,🤯 دماغ کا امتحان,M,باپ اور بیٹے کی عمروں کا مجموعہ 90 سال ہے۔ باپ بیٹے سے 4 گنا بڑا ہے۔ بیٹے کی عمر کیا ہے؟,20,16,23,18,D,بیٹا + باپ = 90، باپ = 4×بیٹا، لہٰذا بیٹا = 90/5 = 18 سال۔,"دماغ کا امتحان, درمیانہ"
Q1719,👑 صرف ذہین لوگوں کے لیے,M,دنیا کی سب سے بڑی عمارت کون سی ہے؟,ایمپائر اسٹیٹ بلڈنگ,برج خلیفہ (دبئی),شنگھائی ٹاور,ایفل ٹاور,B,درست جواب ہے: برج خلیفہ (دبئی)۔,"صرف ذہین لوگوں کے لیے, درمیانہ"
Q1720,🎭 الفاظ کا جادو,M,"""محبت"" کا مترادف کیا ہے؟",رشتہ,عشق,نفرت,دوستی,B,درست جواب ہے: عشق۔,"الفاظ کا جادو, درمیانہ"
Q1721,🎭 الفاظ کا جادو,M,حسن کا متضاد لفظ کیا ہے؟,خوبصورتی,قبح,رنگ,جمال,D,درست جواب ہے: جمال۔,"الفاظ کا جادو, درمیانہ"
Q1722,🧠 99٪ لوگ غلط جواب دیتے ہیں,M,"2026 میں دنیا کا پہلا ملک جس نے ""Autonomous Flying Cars"" کو عام شہریوں کے لیے کھولا؟",سنگاپور,امریکہ,جاپان,متحدہ عرب امارات,D,درست جواب ہے: متحدہ عرب امارات ________________۔,"99٪ لوگ غلط جواب دیتے ہیں, درمیانہ"
Q1723,🧠 99٪ لوگ غلط جواب دیتے ہیں,M,ایک کسان کے پاس 17 بھیڑیں تھیں۔ سوائے 9 کے، سب مر گئیں۔ اب کتنی بھیڑیں باقی ہیں؟,9,17,8,0,A,"""سوائے 9 کے"" یعنی 9 بھیڑیں زندہ بچیں۔","99٪ لوگ غلط جواب دیتے ہیں, درمیانہ"
Q1724,🧠 99٪ لوگ غلط جواب دیتے ہیں,M,ان میں سے کون سا عدد باقیوں سے مختلف ہے: 15، 30، 10، 20؟,15,30,10,20,A,باقی تمام اعداد جفت (even) ہیں مگر 15 طاق (odd) ہے۔,"99٪ لوگ غلط جواب دیتے ہیں, درمیانہ"
Q1725,👑 صرف ذہین لوگوں کے لیے,M,مرزا غالب کس صنفِ ادب کے لیے مشہور ہیں؟,تاریخ,شاعری,سوانح,ناول,B,غالب اردو کے عظیم شاعر تھے,"صرف ذہین لوگوں کے لیے, درمیانہ"
Q1726,😈 ٹرک سوالات,M,ایک ٹوکری میں 12 پھل تھے، بچوں نے 1 کھا لیے، ٹوکری میں کتنے پھل بچے؟,1,11,10,12,B,12-1=11 پھل بچے۔,"ٹرک سوالات, درمیانہ"
Q1727,📖 اردو محاورے,M,"""اونٹ کے منہ میں زیرہ"" کا مطلب؟",ضرورت کے مقابلے میں بہت کم مقدار,اونٹ کو دانہ,بہت محنت,بے وقوفی,A,درست جواب ہے: ضرورت کے مقابلے میں بہت کم مقدار۔,"اردو محاورے, درمیانہ"
Q1728,⏳ 5 سیکنڈ چیلنج,M,پاکستان کا سب سے اونچا پہاڑ کون سا ہے؟,کے ٹو,نانگا پربت,راکاپوشی,ماؤنٹ ایورسٹ,A,کے ٹو پاکستان کی بلند ترین چوٹی ہے,"5 سیکنڈ چیلنج, درمیانہ"
Q1729,⏳ 5 سیکنڈ چیلنج,M,دنیا کا سب سے طویل دریا کون سا مانا جاتا ہے؟,دریائے یانگسی,دریائے سندھ,دریائے ایمیزون,دریائے نیل,D,عام معلومات کے مطابق دریائے نیل دنیا کے طویل ترین دریاؤں میں شمار کیا جاتا ہے۔,"5 سیکنڈ چیلنج, درمیانہ"
Q1730,🤯 دماغ کا امتحان,M,دو مقداروں کا تناسب 4:3 ہے۔ اگر کل مقدار 77 ہے تو پہلی مقدار کتنی ہوگی؟,44,33,42,46,A,کل حصے = 4+3 = 7۔ پہلی مقدار = (4/7)×77 = 44۔,"دماغ کا امتحان, درمیانہ"
Q1731,🤯 دماغ کا امتحان,M,دو مقداروں کا تناسب 4:2 ہے۔ اگر کل مقدار 72 ہے تو پہلی مقدار کتنی ہوگی؟,46,48,24,50,B,کل حصے = 4+2 = 6۔ پہلی مقدار = (4/6)×72 = 48۔,"دماغ کا امتحان, درمیانہ"
Q1732,😈 ٹرک سوالات,M,12، 19، 26، 33 کے بعد اگلا عدد کیا ہوگا؟,40,47,41,39,A,ہر بار 7 کا اضافہ ہو رہا ہے، لہٰذا اگلا عدد 33+7 = 40 ہوگا۔,"ٹرک سوالات, درمیانہ"
Q1733,🎭 الفاظ کا جادو,M,"""پہلا"" کا متضاد کیا ہے؟",دشوار,رات,آخری,غائب,C,"""پہلا"" کا متضاد ""آخری"" ہے۔","الفاظ کا جادو, درمیانہ"
Q1734,🧩 دلچسپ پہیلیاں,M,وہ کون سی چیز ہے جو جتنی بھر جاتی ہے اتنی ہی ہلکی ہو جاتی ہے؟,بوتل,بالٹی,غبارہ,صندوق,C,غبارہ ہوا سے بھرنے پر ہلکا رہتا ہے اور اوپر اٹھنے لگتا ہے۔,"دلچسپ پہیلیاں, درمیانہ"
Q1735,👑 صرف ذہین لوگوں کے لیے,M,پاکستان کے پہلے وزیر تعلیم کون تھے,لیاقت علی خان,حسین شہید سہروردی,فضل الرحمان,قائد اعظم,C,فضل الرحمان پاکستان کے پہلے وزیر تعلیم تھے۔,"صرف ذہین لوگوں کے لیے, درمیانہ"
Q1736,⏳ 5 سیکنڈ چیلنج,M,انسانی جسم میں وٹامن C کی کمی سے کیا ہوتا ہے؟,رکیٹس,انیمیا,سکروائی,گوٹر,C,درست جواب ہے: سکروائی۔,"5 سیکنڈ چیلنج, درمیانہ"
Q1737,👑 صرف ذہین لوگوں کے لیے,M,پاکستان کے قومی شاعر کس کو کہا جاتا ہے؟,فیض احمد فیض,علامہ اقبال,احمد فراز,میر تقی میر,B,درست جواب ہے: علامہ اقبال ✓۔,"صرف ذہین لوگوں کے لیے, درمیانہ"
Q1738,🧠 99٪ لوگ غلط جواب دیتے ہیں,M,3 ڈاکٹر اور 3 نرسیں ایک دوسرے سے ایک ایک بار ہاتھ ملاتے ہیں۔ کل کتنے ہاتھ ملیں گے؟,"""15""",9,12,18,A,"درست جواب ہے: ""15""۔","99٪ لوگ غلط جواب دیتے ہیں, درمیانہ"
Q1739,😈 ٹرک سوالات,M,ایک ٹوکری میں 23 پھل تھے، بچوں نے 13 کھا لیے، ٹوکری میں کتنے پھل بچے؟,13,10,11,9,B,23-13=10 پھل بچے۔,"ٹرک سوالات, درمیانہ"
Q1740,👑 صرف ذہین لوگوں کے لیے,M,رانی کوٹ قلعہ کس صوبے میں واقع ہے؟,خیبر پختونخوا,سندھ,بلوچستان,پنجاب,B,درست جواب ہے: سندھ۔,"صرف ذہین لوگوں کے لیے, درمیانہ"
Q1741,📖 اردو محاورے,M,"""باغ باغ ہو جانا"" کا مطلب کیا ہے؟",باغبانی کرنا,بہت خوش ہو جانا,تھک جانا,اداس ہو جانا,B,"""باغ باغ ہو جانا"" کا محاورتی مطلب ہے: بہت خوش ہو جانا۔","اردو محاورے, درمیانہ"
Q1742,🧩 دلچسپ پہیلیاں,M,وہ کون سی چیز ہے جس کے چار کان ہوتے ہیں مگر سن نہیں سکتی؟,پنکھا,دیگچی,گھڑا,صندوق,B,دیگچی کے ہینڈل کو عام بول چال میں کان کہتے ہیں۔,"دلچسپ پہیلیاں, درمیانہ"
Q1743,🤯 دماغ کا امتحان,M,اگر ایک بس 70 کلومیٹر فی گھنٹہ کی رفتار سے 2 گھنٹے چلے تو کتنی دور جائے گی؟,140 کلومیٹر,150 کلومیٹر,130 کلومیٹر,120 کلومیٹر,A,70 × 2 = 140 کلومیٹر۔,"دماغ کا امتحان, درمیانہ"
Q1744,📖 اردو محاورے,M,"""اپنی خبر نہ ہونا"" کا مطلب کیا ہے؟",اتنا مگن ہونا کہ ہوش نہ رہے,سو جانا,خبریں پڑھنا,ہوشیار رہنا,A,"""اپنی خبر نہ ہونا"" کا محاورتی مطلب ہے: اتنا مگن ہونا کہ ہوش نہ رہے۔","اردو محاورے, درمیانہ"
Q1745,⏳ 5 سیکنڈ چیلنج,M,پانی کو بجلی میں تبدیل کرنے والا عمل کیا کہلاتا ہے؟,تھرمل,ہائیڈرو الیکٹرک,نیوکلیئر,فوٹو وولٹک,B,درست جواب ہے: ہائیڈرو الیکٹرک۔,"5 سیکنڈ چیلنج, درمیانہ"
Q1746,😈 ٹرک سوالات,M,ایک ٹوکری میں 27 پھل تھے، بچوں نے 1 کھا لیے، ٹوکری میں کتنے پھل بچے؟,26,27,1,25,A,27-1=26 پھل بچے۔,"ٹرک سوالات, درمیانہ"
Q1747,🎭 الفاظ کا جادو,M,"""جنگ"" کا مترادف کیا ہے؟",احترام,قلب,آب,حرب,D,"""جنگ"" کا مترادف ""حرب"" ہے۔","الفاظ کا جادو, درمیانہ"
Q1748,👑 صرف ذہین لوگوں کے لیے,M,سمندر کی گہرائی کس آلے سے ناپی جاتی ہے؟,تھرمامیٹر,ہائیگرومیٹر,بیرومیٹر,سونار,D,درست جواب ہے: سونار۔,"صرف ذہین لوگوں کے لیے, درمیانہ"
Q1749,😈 ٹرک سوالات,M,17، 19، 21، 23 کے بعد اگلا عدد کیا ہوگا؟,24,26,25,27,C,ہر بار 2 کا اضافہ ہو رہا ہے، لہٰذا اگلا عدد 23+2 = 25 ہوگا۔,"ٹرک سوالات, درمیانہ"
Q1750,👑 صرف ذہین لوگوں کے لیے,M,دنیا کا سب سے بڑا جزیرہ کون سا ہے؟,آسٹریلیا,جاوا,گرین لینڈ,مڈغاسکر,C,گرین لینڈ دنیا کا سب سے بڑا جزیرہ ہے,"صرف ذہین لوگوں کے لیے, درمیانہ"
Q1751,😈 ٹرک سوالات,M,ایک تالاب میں 10 مچھلیاں تھیں۔ 2 مر گئیں 3 بھاگ گئیں۔ کتنی بچیں,0,8,5,10,D,مچھلیاں تالاب سے بھاگ نہیں سکتیں، اس لیے 10 ہی رہیں۔,"ٹرک سوالات, درمیانہ"
Q1752,🎭 الفاظ کا جادو,M,"""کوشش"" کا مترادف کیا ہے؟",خیر,حمد,سعی,اعتماد,C,"""کوشش"" کا مترادف ""سعی"" ہے۔","الفاظ کا جادو, درمیانہ"
Q1753,🧠 99٪ لوگ غلط جواب دیتے ہیں,M,ان میں سے کون سا عدد باقیوں سے مختلف ہے: 24، 16، 8، 12؟,12,24,16,8,A,باقی تمام اعداد جفت (even) ہیں مگر 12 طاق (odd) ہے۔,"99٪ لوگ غلط جواب دیتے ہیں, درمیانہ"
Q1754,🤯 دماغ کا امتحان,M,ان میں سے کون سا عدد باقیوں سے مختلف ہے: 6، 12، 9، 18؟,12,18,6,9,D,باقی تمام اعداد جفت (even) ہیں مگر 9 طاق (odd) ہے۔,"دماغ کا امتحان, درمیانہ"
Q1755,🧠 99٪ لوگ غلط جواب دیتے ہیں,M,اگر 5 دوستوں میں 25 سیب برابر تقسیم کیے جائیں تو ہر ایک کو کتنے سیب ملیں گے؟,5,7,6,4,A,25 ÷ 5 = 5۔,"99٪ لوگ غلط جواب دیتے ہیں, درمیانہ"
Q1756,🧩 دلچسپ پہیلیاں,M,وہ کیا ہے جو ہر روز صبح نیا ہوتا ہے مگر بوڑھا کبھی نہیں دکھتا؟,سورج,چاند,درخت,دن,D,یہ ایک لطیف پہیلی ہے جس کا جواب ہے: دن۔,"دلچسپ پہیلیاں, درمیانہ"
Q1757,🎭 الفاظ کا جادو,M,"""نیکی"" کا مترادف کیا ہے؟",ہوشیار,انکساری,بھولا,بھلائی,D,"""نیکی"" کا مترادف ""بھلائی"" ہے۔","الفاظ کا جادو, درمیانہ"
Q1758,⏳ 5 سیکنڈ چیلنج,M,پاکستان کا سب سے بڑا بندرگاہی شہر کون سا ہے؟,حیدرآباد,لاہور,کراچی,گوادر,C,کراچی پاکستان کا سب سے بڑا بندرگاہی شہر ہے۔,"5 سیکنڈ چیلنج, درمیانہ"
Q1759,🤯 دماغ کا امتحان,M,باپ اور بیٹے کی عمروں کا مجموعہ 27 سال ہے۔ باپ بیٹے سے 2 گنا بڑا ہے۔ بیٹے کی عمر کیا ہے؟,14,9,11,7,B,بیٹا + باپ = 27، باپ = 2×بیٹا، لہٰذا بیٹا = 27/3 = 9 سال۔,"دماغ کا امتحان, درمیانہ"
Q1760,👑 صرف ذہین لوگوں کے لیے,M,ڈی این اے کی ساخت کس نے دریافت کی؟,پاسچر,ڈارون,واٹسن اور کرک,مینڈل,C,درست جواب ہے: واٹسن اور کرک۔,"صرف ذہین لوگوں کے لیے, درمیانہ"
Q1761,🤯 دماغ کا امتحان,M,3000 روپے پر 5% سالانہ کے حساب سے 2 سال کا سود کتنا بنے گا؟,500,300,400,200,B,سود = (اصل رقم × شرح × مدت)/100 = (3000×5×2)/100 = 300 روپے۔,"دماغ کا امتحان, درمیانہ"
Q1762,🤯 دماغ کا امتحان,M,باپ اور بیٹے کی عمروں کا مجموعہ 60 سال ہے۔ باپ بیٹے سے 5 گنا بڑا ہے۔ بیٹے کی عمر کیا ہے؟,8,10,15,12,B,بیٹا + باپ = 60، باپ = 5×بیٹا، لہٰذا بیٹا = 60/6 = 10 سال۔,"دماغ کا امتحان, درمیانہ"
Q1763,🎭 الفاظ کا جادو,M,"""بدبو"" کا مترادف کیا ہے؟",اہانت,بھلائی,دغا,سڑاند,D,"""بدبو"" کا مترادف ""سڑاند"" ہے۔","الفاظ کا جادو, درمیانہ"
Q1764,⏳ 5 سیکنڈ چیلنج,M,سورج کی روشنی زمین تک پہنچنے میں کتنا وقت لگتا ہے؟,1 گھنٹہ,24 گھنٹے,8 منٹ,1 منٹ,C,درست جواب ہے: 8 منٹ۔,"5 سیکنڈ چیلنج, درمیانہ"
Q1765,🎭 الفاظ کا جادو,M,"""امید"" کا مترادف کیا ہے؟",حوصلہ,مسرت,آس,روزی,C,"""امید"" کا مترادف ""آس"" ہے۔","الفاظ کا جادو, درمیانہ"
Q1766,🎭 الفاظ کا جادو,M,ابتدا کا مترادف کیا ہے؟,درمیان,آغاز,اختتام,وقفہ,B,ابتدا اور آغاز ہم معنی ہیں۔,"الفاظ کا جادو, درمیانہ"
Q1767,🧩 دلچسپ پہیلیاں,M,وہ کیا ہے جو سب کچھ کھا لیتا ہے مگر خود کبھی نہیں بھرتا؟,آگ,سمندر,وقت,زمین,C,یہ ایک لطیف پہیلی ہے جس کا جواب ہے: وقت۔,"دلچسپ پہیلیاں, درمیانہ"
Q1768,⏳ 5 سیکنڈ چیلنج,M,میر تقی میر کس زبان کے مشہور شاعر تھے؟,پنجابی,سندھی,اردو,فارسی,C,درست جواب ہے: اردو۔,"5 سیکنڈ چیلنج, درمیانہ"
Q1769,🤯 دماغ کا امتحان,M,باپ اور بیٹے کی عمروں کا مجموعہ 60 سال ہے۔ باپ بیٹے سے 3 گنا بڑا ہے۔ بیٹے کی عمر کیا ہے؟,17,20,15,13,C,بیٹا + باپ = 60، باپ = 3×بیٹا، لہٰذا بیٹا = 60/4 = 15 سال۔,"دماغ کا امتحان, درمیانہ"
Q1770,🧩 دلچسپ پہیلیاں,M,وہ کیا ہے جو خود کچھ نہیں بولتا مگر ہر بات یاد رکھتا ہے؟,فون,ڈائری/کتاب,ٹی وی,ریڈیو,B,یہ ایک لطیف پہیلی ہے جس کا جواب ہے: ڈائری/کتاب۔,"دلچسپ پہیلیاں, درمیانہ"
Q1771,😈 ٹرک سوالات,M,ایک ٹوکری میں 22 پھل تھے، بچوں نے 5 کھا لیے، ٹوکری میں کتنے پھل بچے؟,18,16,5,17,D,22-5=17 پھل بچے۔,"ٹرک سوالات, درمیانہ"
Q1772,🤯 دماغ کا امتحان,M,ان میں سے کون سا عدد باقیوں سے مختلف ہے: 8، 12، 24، 16؟,8,16,24,12,D,باقی تمام اعداد جفت (even) ہیں مگر 12 طاق (odd) ہے۔,"دماغ کا امتحان, درمیانہ"
Q1773,😈 ٹرک سوالات,M,ایک ٹوکری میں 28 پھل تھے، بچوں نے 16 کھا لیے، ٹوکری میں کتنے پھل بچے؟,16,11,13,12,D,28-16=12 پھل بچے۔,"ٹرک سوالات, درمیانہ"
Q1774,📖 اردو محاورے,M,ہاتھ کھڑے کرنا کا مطلب کیا ہے؟,ہاتھ اٹھانا,ہار مان لینا,تالی بجانا,اشارہ کرنا,B,درست جواب ہے: ہار مان لینا۔,"اردو محاورے, درمیانہ"
Q1775,👑 صرف ذہین لوگوں کے لیے,M,عید الفطر کس مہینے کے بعد منائی جاتی ہے؟,محرم,رمضان,شعبان,ذوالحج,B,درست جواب ہے: رمضان۔,"صرف ذہین لوگوں کے لیے, درمیانہ"
Q1776,🎭 الفاظ کا جادو,M,قلم کا ایک معنی کیا ہے؟,کتاب,کاغذ,تحریر,رنگ,C,درست جواب ہے: تحریر۔,"الفاظ کا جادو, درمیانہ"
Q1777,🎭 الفاظ کا جادو,M,"""دشمن"" کا مترادف کیا ہے؟",عدو,قلب,آس,دلیر,A,"""دشمن"" کا مترادف ""عدو"" ہے۔","الفاظ کا جادو, درمیانہ"
Q1778,⏳ 5 سیکنڈ چیلنج,M,پانچ بیٹیوں کا ایک ہی بھائی ہے۔ کل بچے کتنے ہیں؟,7,10,5,6,D,درست جواب ہے: 6۔,"5 سیکنڈ چیلنج, درمیانہ"
Q1779,🎭 الفاظ کا جادو,M,نقش کا ایک معنی کیا ہے؟,راستہ,خوشبو,نشان,آواز,C,درست جواب ہے: نشان۔,"الفاظ کا جادو, درمیانہ"
Q1780,🤯 دماغ کا امتحان,M,ان میں سے کون سا عدد باقیوں سے مختلف ہے: 42، 21، 14، 28؟,14,21,42,28,B,باقی تمام اعداد جفت (even) ہیں مگر 21 طاق (odd) ہے۔,"دماغ کا امتحان, درمیانہ"
Q1781,🎭 الفاظ کا جادو,M,"""باپ"" کا مترادف کیا ہے؟",ضیف,گل,نسخہ,والد,D,"""باپ"" کا مترادف ""والد"" ہے۔","الفاظ کا جادو, درمیانہ"
Q1782,🤯 دماغ کا امتحان,M,گھڑی ہر گھنٹے 5 منٹ پیچھے رہتی ہے صبح 8 بجے درست کی دوپہر 12 بجے کیا دکھائے گی؟,11:40,11:50,12:00,11:45,A,4 گھنٹے*5=20 منٹ پیچھے,"دماغ کا امتحان, درمیانہ"
Q1783,🧠 99٪ لوگ غلط جواب دیتے ہیں,M,5000 روپے پر 20% سالانہ کے حساب سے 1 سال کا سود کتنا بنے گا؟,1000,900,1100,1200,A,سود = (اصل رقم × شرح × مدت)/100 = (5000×20×1)/100 = 1000 روپے۔,"99٪ لوگ غلط جواب دیتے ہیں, درمیانہ"
Q1784,😈 ٹرک سوالات,M,ایک ٹرک ڈرائیور غلط سمت میں جا رہا تھا، پولیس نے دیکھا مگر نہیں روکا۔ کیوں؟,اجازت تھی,وہ پیدل جا رہا تھا,سڑک بند تھی,پولیس مصروف تھی,B,درست جواب ہے: وہ پیدل جا رہا تھا۔,"ٹرک سوالات, درمیانہ"
Q1785,⏳ 5 سیکنڈ چیلنج,M,سلطان ٹیپو سلطان کس ریاست کا حکمران تھا؟,میسور,اودھ,حیدرآباد,بنگال,A,درست جواب ہے: میسور۔,"5 سیکنڈ چیلنج, درمیانہ"
Q1786,⏳ 5 سیکنڈ چیلنج,M,انسانی جسم میں کل ہڈیوں کی تعداد کتنی ہے؟,300,150,206,250,C,درست جواب ہے: 206۔,"5 سیکنڈ چیلنج, درمیانہ"
Q1787,⏳ 5 سیکنڈ چیلنج,M,تین سیب اٹھانے والی لڑکی کے پاس دو سیب کیوں بچے؟,ایک بھائی کو دو دیے,ایک سیب واپس لے لیا,ایک خود کھا لیا,ایک سیب دو حصوں میں کاٹ دیا,D,درست جواب ہے: ایک سیب دو حصوں میں کاٹ دیا۔,"5 سیکنڈ چیلنج, درمیانہ"
Q1788,⏳ 5 سیکنڈ چیلنج,M,پاکستان کا سب سے بڑا میٹھے پانی کی جھیل کون سی ہے؟,سیف الملوک,ہلیجی جھیل,کینجھر جھیل,منچھر جھیل,D,منچھر جھیل پاکستان کی سب سے بڑی قدرتی میٹھے پانی کی جھیل ہے۔,"5 سیکنڈ چیلنج, درمیانہ"
Q1789,📖 اردو محاورے,M,"""کان لگا کر سننا"" کا مطلب کیا ہے؟",نہ سننا,بہت غور اور توجہ سے سننا,شور مچانا,سو جانا,B,"""کان لگا کر سننا"" کا محاورتی مطلب ہے: بہت غور اور توجہ سے سننا۔","اردو محاورے, درمیانہ"
Q1790,🎭 الفاظ کا جادو,M,"""مشکل"" کا مترادف کیا ہے؟",کذب,طیش,دشوار,عقل مند,C,"""مشکل"" کا مترادف ""دشوار"" ہے۔","الفاظ کا جادو, درمیانہ"
Q1791,👑 صرف ذہین لوگوں کے لیے,M,مشہور ناول 'امراؤ جان ادا' کس نے لکھا؟,قرۃ العین حیدر,مرزا ہادی رسوا,نذیر احمد,پریم چند,B,درست جواب ہے: مرزا ہادی رسوا۔,"صرف ذہین لوگوں کے لیے, درمیانہ"
Q1792,🧠 99٪ لوگ غلط جواب دیتے ہیں,M,ایک چیز کی قیمت 450 روپے ہے۔ اس پر 10% رعایت ملے تو ادا کی جانے والی رقم کتنی ہوگی؟,415,405,450,395,B,10% رعایت = 45 روپے، لہٰذا ادا کی جانے والی رقم = 450 - 45 = 405 روپے۔,"99٪ لوگ غلط جواب دیتے ہیں, درمیانہ"
Q1793,🧠 99٪ لوگ غلط جواب دیتے ہیں,M,باپ اور بیٹے کی عمروں کا مجموعہ 75 سال ہے۔ باپ بیٹے سے 4 گنا بڑا ہے۔ بیٹے کی عمر کیا ہے؟,20,15,13,17,B,بیٹا + باپ = 75، باپ = 4×بیٹا، لہٰذا بیٹا = 75/5 = 15 سال۔,"99٪ لوگ غلط جواب دیتے ہیں, درمیانہ"
Q1794,📖 اردو محاورے,M,"""سر پر سوار ہونا"" کا مطلب کیا ہے؟",بہت زیادہ تنگ کرنا یا پیچھے پڑ جانا,سواری کرنا,مدد کرنا,دور رہنا,A,"""سر پر سوار ہونا"" کا محاورتی مطلب ہے: بہت زیادہ تنگ کرنا یا پیچھے پڑ جانا۔","اردو محاورے, درمیانہ"
Q1795,🧠 99٪ لوگ غلط جواب دیتے ہیں,M,ان میں سے کون سا عدد باقیوں سے مختلف ہے: 10، 20، 15، 30؟,10,20,15,30,C,باقی تمام اعداد جفت (even) ہیں مگر 15 طاق (odd) ہے۔,"99٪ لوگ غلط جواب دیتے ہیں, درمیانہ"
Q1796,📖 اردو محاورے,M,ہاتھ پیر پھول جانا کا مطلب کیا ہے؟,خوش ہونا,تیز دوڑنا,بیمار ہونا,گھبرا جانا,D,یہ محاورہ شدید گھبراہٹ کے لیے استعمال ہوتا ہے۔,"اردو محاورے, درمیانہ"
Q1797,🧠 99٪ لوگ غلط جواب دیتے ہیں,M,ان میں سے کون سا عدد باقیوں سے مختلف ہے: 28، 42، 14، 21؟,21,14,28,42,A,باقی تمام اعداد جفت (even) ہیں مگر 21 طاق (odd) ہے۔,"99٪ لوگ غلط جواب دیتے ہیں, درمیانہ"
Q1798,📖 اردو محاورے,M,"""کنویں کا مینڈک"" سے کیا مراد ہے؟",محدود سوچ رکھنے والا,اونچی آواز میں بولنے والا,چھوٹی جگہ کا رہنے والا,پانی کے قریب رہنے والا,A,محدود سوچ رکھنے والا شخص۔,"اردو محاورے, درمیانہ"
Q1799,⏳ 5 سیکنڈ چیلنج,M,دنیا کا سب سے چھوٹا براعظم کون سا ہے؟,انٹارکٹیکا,یورپ,آسٹریلیا,جنوبی امریکہ,C,آسٹریلیا رقبے کے لحاظ سے سب سے چھوٹا براعظم ہے۔,"5 سیکنڈ چیلنج, درمیانہ"
Q1800,🧩 دلچسپ پہیلیاں,M,وہ کون سی چیز ہے جو زمین پر رہتی ہے مگر آسمان کی طرف بڑھتی ہے,انسان,درخت,بادل,پہاڑ,B,درخت زمین میں جڑا ہوتا ہے مگر اوپر آسمان کی طرف بڑھتا ہے۔,"دلچسپ پہیلیاں, درمیانہ"
Q1801,😈 ٹرک سوالات,M,10 موم بتیاں جل رہی تھیں۔ ہوا سے 2 بجھ گئیں۔ آخر میں کتنی موم بتیاں بچیں گی؟,10,0,2,8,C,درست جواب ہے: 2۔,"ٹرک سوالات, درمیانہ"
Q1802,📖 اردو محاورے,M,"""آنکھیں بچھانا"" محاورے کا مطلب؟",انتہائی گرمجوشی سے استقبال کرنا,ڈر جانا,غصہ کرنا,نظر انداز کرنا,A,درست جواب ہے: انتہائی گرمجوشی سے استقبال کرنا۔,"اردو محاورے, درمیانہ"
Q1803,🧠 99٪ لوگ غلط جواب دیتے ہیں,M,اگر ایک مثلث کے زاویے 90، 45 اور 45 درجے ہوں تو یہ کس قسم کا مثلث ہے؟,حاد الزاویہ,متساوی الاضلاع,قائم الزاویہ,منفرج الزاویہ,C,90 درجے کا زاویہ ہونے کی وجہ سے یہ قائم الزاویہ مثلث ہے۔,"99٪ لوگ غلط جواب دیتے ہیں, درمیانہ"
Q1804,🤯 دماغ کا امتحان,M,دو مقداروں کا تناسب 2:4 ہے۔ اگر کل مقدار 66 ہے تو پہلی مقدار کتنی ہوگی؟,44,22,24,20,B,کل حصے = 2+4 = 6۔ پہلی مقدار = (2/6)×66 = 22۔,"دماغ کا امتحان, درمیانہ"
Q1805,🧩 دلچسپ پہیلیاں,M,وہ کون سی چیز ہے جو اکثر تب دی جاتی ہے جب آپ اسے نہیں چاہتے؟,نیند,پیسہ,ٹکٹ,مشورہ,D,درست جواب ہے: مشورہ۔,"دلچسپ پہیلیاں, درمیانہ"
Q1806,🧩 دلچسپ پہیلیاں,M,وہ کون سی چیز ہے جو بولتی نہیں مگر سب کو اپنی بات سمجھا دیتی ہے,کتاب,ہوا,تصویر,گھنٹی,C,تصویر بغیر بولے پیغام پہنچا دیتی ہے۔,"دلچسپ پہیلیاں, درمیانہ"
Q1807,👑 صرف ذہین لوگوں کے لیے,M,"لفظ ""جام"" کا ایک معروف معنی کیا ہے؟",کتاب,دروازہ,پیالہ,کپڑا,C,جام کے معنی پیالہ بھی ہیں، جبکہ ادب میں اس کے دوسرے معنی بھی ملتے ہیں۔,"صرف ذہین لوگوں کے لیے, درمیانہ"
Q1808,😈 ٹرک سوالات,M,دو مرغیاں دو گھنٹے میں دو انڈے دیتی ہیں۔ ایک مرغی ایک گھنٹے میں کتنے انڈے دے گی,2,0.25,1,0.5,D,ایک مرغی دو گھنٹے میں ایک انڈا دیتی ہے۔,"ٹرک سوالات, درمیانہ"
Q1809,👑 صرف ذہین لوگوں کے لیے,M,انسانی جسم میں سب سے مضبوط عضلہ کون سا ہے؟,بازو کا عضلہ,دل کا عضلہ,ٹانگ کا عضلہ,جبڑے کا عضلہ (masseter),D,درست جواب ہے: جبڑے کا عضلہ (masseter)۔,"صرف ذہین لوگوں کے لیے, درمیانہ"
Q1810,👑 صرف ذہین لوگوں کے لیے,M,محنت کا سب سے اہم نتیجہ کیا ہوتا ہے؟,آرام,کامیابی,مایوسی,سستی,B,مسلسل محنت کامیابی کے امکانات بڑھاتی ہے۔,"صرف ذہین لوگوں کے لیے, درمیانہ"
Q1811,👑 صرف ذہین لوگوں کے لیے,M,فیصل آباد کو ماضی میں کیا کہا جاتا تھا؟,جیکب آباد,کیمبل پور,منٹگمری,لائل پور,D,درست جواب ہے: لائل پور۔,"صرف ذہین لوگوں کے لیے, درمیانہ"
Q1812,⏳ 5 سیکنڈ چیلنج,M,کس سمندر میں انسان آسانی سے نہیں ڈوبتا؟,بحیرہ مردار,بحیرہ عرب,بحیرۂ کیسپین,بحیرہ روم,A,درست جواب ہے: بحیرہ مردار۔,"5 سیکنڈ چیلنج, درمیانہ"
Q1813,🧩 دلچسپ پہیلیاں,M,وہ کون ہے جو تمہیں دیکھتا ہے مگر تم اسے نہیں دیکھ سکتے,خواب,سایہ,خدا,آئینہ,C,خدا ہر چیز دیکھتا ہے۔,"دلچسپ پہیلیاں, درمیانہ"
Q1814,🤯 دماغ کا امتحان,M,"2026 میں دنیا کا پہلا ملک جس نے ""6G Network"" کو تجارتی بنیادوں پر لانچ کیا؟",جنوبی کوریا,جاپان,چین,امریکہ,C,درست جواب ہے: چین ________________۔,"دماغ کا امتحان, درمیانہ"
Q1815,🧩 دلچسپ پہیلیاں,M,وہ کون سی چیز ہے جو راستہ بتاتی ہے مگر خود کبھی چلتی نہیں؟,نشانی/سائن بورڈ,گاڑی,سائیکل,پیدل چلنے والا,A,یہ ایک لطیف پہیلی ہے جس کا جواب ہے: نشانی/سائن بورڈ۔,"دلچسپ پہیلیاں, درمیانہ"
Q1816,🧠 99٪ لوگ غلط جواب دیتے ہیں,M,باپ اور بیٹے کی عمروں کا مجموعہ 30 سال ہے۔ باپ بیٹے سے 2 گنا بڑا ہے۔ بیٹے کی عمر کیا ہے؟,15,12,10,8,C,بیٹا + باپ = 30، باپ = 2×بیٹا، لہٰذا بیٹا = 30/3 = 10 سال۔,"99٪ لوگ غلط جواب دیتے ہیں, درمیانہ"
Q1817,😈 ٹرک سوالات,M,ایک ٹوکری میں 28 پھل تھے، بچوں نے 13 کھا لیے، ٹوکری میں کتنے پھل بچے؟,15,16,14,13,A,28-13=15 پھل بچے۔,"ٹرک سوالات, درمیانہ"
Q1818,⏳ 5 سیکنڈ چیلنج,M,وہ کون سا پرندہ ہے جو الٹا لٹک کر بھی رہ سکتا ہے؟,چڑیا,طوطا,کبوتر,چمگادڑ,D,درست جواب ہے: چمگادڑ۔,"5 سیکنڈ چیلنج, درمیانہ"
Q1819,🤯 دماغ کا امتحان,M,ان میں سے کون سا عدد باقیوں سے مختلف ہے: 18، 9، 6، 12؟,9,12,6,18,A,باقی تمام اعداد جفت (even) ہیں مگر 9 طاق (odd) ہے۔,"دماغ کا امتحان, درمیانہ"
Q1820,📖 اردو محاورے,M,دل پر پتھر رکھنا کا مطلب کیا ہے؟,خوش ہونا,غصہ کرنا,ہنسنا,صبر کرنا,D,اس کا مطلب مشکل وقت میں حوصلہ رکھنا ہے۔,"اردو محاورے, درمیانہ"
Q1821,👑 صرف ذہین لوگوں کے لیے,M,کشش ثقل کا قانون کس سائنسدان نے پیش کیا؟,گلیلیو,البرٹ آئن سٹائن,نیل بوہر,آئزک نیوٹن,D,درست جواب ہے: آئزک نیوٹن۔,"صرف ذہین لوگوں کے لیے, درمیانہ"
Q1822,📖 اردو محاورے,M,"""طبیعت صاف ہونا"" کا مطلب کیا ہے؟",غصیلا ہونا,بیمار ہونا,دل کا نیک اور بےریا ہونا,صفائی کرنا,C,"""طبیعت صاف ہونا"" کا محاورتی مطلب ہے: دل کا نیک اور بےریا ہونا۔","اردو محاورے, درمیانہ"
Q1823,👑 صرف ذہین لوگوں کے لیے,M,قائداعظم کا یومِ پیدائش کب منایا جاتا ہے؟,23 مارچ,11 ستمبر,25 دسمبر,14 اگست,C,قائداعظم محمد علی جناح 25 دسمبر 1876 کو پیدا ہوئے۔,"صرف ذہین لوگوں کے لیے, درمیانہ"
Q1824,🤯 دماغ کا امتحان,M,اگر 5 ایپس میں سے ہر ایک 2GB اسٹوریج استعمال کرے تو کل کتنی اسٹوریج استعمال ہوگی؟,5GB,10GB,20GB,15GB,B,درست جواب ہے: 10GB۔,"دماغ کا امتحان, درمیانہ"
Q1825,😈 ٹرک سوالات,M,ایک ٹوکری میں 14 پھل تھے، بچوں نے 10 کھا لیے، ٹوکری میں کتنے پھل بچے؟,4,10,5,3,A,14-10=4 پھل بچے۔,"ٹرک سوالات, درمیانہ"
Q1826,😈 ٹرک سوالات,M,ایک ٹوکری میں 10 پھل تھے، بچوں نے 9 کھا لیے، ٹوکری میں کتنے پھل بچے؟,2,1,0,9,B,10-9=1 پھل بچے۔,"ٹرک سوالات, درمیانہ"
Q1827,🤯 دماغ کا امتحان,M,باپ اور بیٹے کی عمروں کا مجموعہ 36 سال ہے۔ باپ بیٹے سے 5 گنا بڑا ہے۔ بیٹے کی عمر کیا ہے؟,8,4,6,11,C,بیٹا + باپ = 36، باپ = 5×بیٹا، لہٰذا بیٹا = 36/6 = 6 سال۔,"دماغ کا امتحان, درمیانہ"
Q1828,😈 ٹرک سوالات,M,ایک ٹوکری میں 12 پھل تھے، بچوں نے 3 کھا لیے، ٹوکری میں کتنے پھل بچے؟,3,9,8,10,B,12-3=9 پھل بچے۔,"ٹرک سوالات, درمیانہ"
Q1829,🎭 الفاظ کا جادو,M,"""لشکر"" کا مترادف کیا ہے؟",اخ,بھید,سلطان,فوج,D,"""لشکر"" کا مترادف ""فوج"" ہے۔","الفاظ کا جادو, درمیانہ"
Q1830,😈 ٹرک سوالات,M,ایک ٹوکری میں 10 پھل تھے، بچوں نے 3 کھا لیے، ٹوکری میں کتنے پھل بچے؟,8,6,7,3,C,10-3=7 پھل بچے۔,"ٹرک سوالات, درمیانہ"
Q1831,📖 اردو محاورے,M,"""آنکھ لگ جانا"" کا مطلب کیا ہے؟",بینائی جانا,رونا,ہلکی سی نیند آ جانا,بیدار ہونا,C,"""آنکھ لگ جانا"" کا محاورتی مطلب ہے: ہلکی سی نیند آ جانا۔","اردو محاورے, درمیانہ"
Q1832,🎭 الفاظ کا جادو,M,"""بہن"" کا مترادف کیا ہے؟",والدہ,عوام,اخت,سلطان,C,"""بہن"" کا مترادف ""اخت"" ہے۔","الفاظ کا جادو, درمیانہ"
Q1833,👑 صرف ذہین لوگوں کے لیے,M,دنیا کی پہلی خاتون وزیراعظم کون تھیں؟,بے نظیر بھٹو,اندرا گاندھی,گولڈا میئر,سریماوو بندرانائیکے (سری لنکا),D,درست جواب ہے: سریماوو بندرانائیکے (سری لنکا)۔,"صرف ذہین لوگوں کے لیے, درمیانہ"
Q1834,👑 صرف ذہین لوگوں کے لیے,M,پاکستان کا پہلا ڈاک ٹکٹ کب جاری ہوا,1947,1949,1948,1950,C,9 جولائی 1948 کو جاری ہوا۔,"صرف ذہین لوگوں کے لیے, درمیانہ"
Q1835,🎭 الفاظ کا جادو,M,"""مہمان"" کا متضاد کیا ہے؟",نمکین,بعید,رات,میزبان,D,"""مہمان"" کا متضاد ""میزبان"" ہے۔","الفاظ کا جادو, درمیانہ"
Q1836,😈 ٹرک سوالات,M,ایک ٹوکری میں 29 پھل تھے، بچوں نے 3 کھا لیے، ٹوکری میں کتنے پھل بچے؟,26,3,27,25,A,29-3=26 پھل بچے۔,"ٹرک سوالات, درمیانہ"
Q1837,🤯 دماغ کا امتحان,M,اگر آپ 5 منٹ میں 10 صفحات پڑھتے ہیں تو 30 منٹ میں کتنے صفحات پڑھیں گے؟,45,30,75,60,D,درست جواب ہے: 60۔,"دماغ کا امتحان, درمیانہ"
Q1838,🎭 الفاظ کا جادو,M,"""رزق"" کا مترادف کیا ہے؟",روزی,احترام,مکان,سہل,A,"""رزق"" کا مترادف ""روزی"" ہے۔","الفاظ کا جادو, درمیانہ"
Q1839,😈 ٹرک سوالات,M,ایک ٹوکری میں 11 پھل تھے، بچوں نے 7 کھا لیے، ٹوکری میں کتنے پھل بچے؟,5,7,3,4,D,11-7=4 پھل بچے۔,"ٹرک سوالات, درمیانہ"
Q1840,⏳ 5 سیکنڈ چیلنج,M,"پاکستان کا کون سا شہر ""پھولوں کا شہر"" کہلاتا ہے؟",پٹوکی,لاہور,پشاور,فیصل آباد,A,درست جواب ہے: پٹوکی۔,"5 سیکنڈ چیلنج, درمیانہ"
Q1841,🤯 دماغ کا امتحان,M,"2026 میں دنیا کا پہلا ملک جس نے ""Lab-Grown Meat"" کو عام بازار میں فروخت کیا؟",اسرائیل,امریکہ,سنگاپور,جاپان,C,درست جواب ہے: سنگاپور ________________۔,"دماغ کا امتحان, درمیانہ"
Q1842,📖 اردو محاورے,M,آسمان سر پر اٹھانا کا مطلب کیا ہے؟,شور مچانا,آرام کرنا,دعا کرنا,سفر کرنا,A,بہت شور یا ہنگامہ کرنا,"اردو محاورے, درمیانہ"
Q1843,📖 اردو محاورے,M,"""مٹی پلید کرنا"" کا مطلب کیا ہے؟",کھیتی کرنا,مٹی کے برتن بنانا,گھر صاف کرنا,بری طرح ذلیل یا برباد کرنا,D,"""مٹی پلید کرنا"" کا محاورتی مطلب ہے: بری طرح ذلیل یا برباد کرنا۔","اردو محاورے, درمیانہ"
Q1844,📖 اردو محاورے,M,"""منہ پھٹ ہونا"" کا مطلب کیا ہے؟",شرمیلا ہونا,خاموش رہنا,نرمی سے بات کرنا,بلا جھجھک سخت بات کہہ دینا,D,"""منہ پھٹ ہونا"" کا محاورتی مطلب ہے: بلا جھجھک سخت بات کہہ دینا۔","اردو محاورے, درمیانہ"
Q1845,🤯 دماغ کا امتحان,M,ایک کتاب کے صفحات 1 سے 100 تک نمبر شدہ ہیں۔ عدد 9 کل کتنی بار آیا ہے؟,21,20,11,10,B,درست جواب ہے: 20۔,"دماغ کا امتحان, درمیانہ"
Q1846,🧠 99٪ لوگ غلط جواب دیتے ہیں,M,اگر 5 مشینیں 5 منٹ میں 5 چیزیں بناتی ہیں تو 1 مشین 5 منٹ میں کتنی چیزیں بنائے گی,1,25,5,10,A,درست جواب ہے: 1۔,"99٪ لوگ غلط جواب دیتے ہیں, درمیانہ"
Q1847,🧩 دلچسپ پہیلیاں,M,وہ کیا ہے جو آپ کے سامنے ہوتے ہوئے بھی آپ اسے پکڑ نہیں سکتے؟,ہوا,پرچھائیں,مستقبل,دھواں,C,یہ ایک لطیف پہیلی ہے جس کا جواب ہے: مستقبل۔,"دلچسپ پہیلیاں, درمیانہ"
Q1848,😈 ٹرک سوالات,M,ایک باغبان نے 10 پودے لگائے، 4 مرجھا گئے۔ باقی کتنے زندہ ہیں؟,10,4,5,6,D,سوال کو غور سے پڑھیں اور مرحلہ وار حساب لگائیں۔,"ٹرک سوالات, درمیانہ"
Q1849,🧩 دلچسپ پہیلیاں,M,وہ کیا ہے جو ایک ہاتھ سے دی جائے اور دوسرے ہاتھ سے واپس آ جائے؟,احسان کا بدلہ,قرض,تحفہ,سلام,A,یہ ایک لطیف پہیلی ہے جس کا جواب ہے: احسان کا بدلہ۔,"دلچسپ پہیلیاں, درمیانہ"
Q1850,⏳ 5 سیکنڈ چیلنج,M,دنیا کا سب سے بڑا گرم صحرا کون سا ہے؟,عرب,صحراۂ صحارا,گوبی,تھر,B,صحارا دنیا کا سب سے بڑا گرم صحرا ہے,"5 سیکنڈ چیلنج, درمیانہ"
Q1851,🎭 الفاظ کا جادو,M,"""رحیم"" کا مترادف کیا ہے؟",مہربان,صحیفہ,کنجوس,کریم,A,"""رحیم"" کا مترادف ""مہربان"" ہے۔","الفاظ کا جادو, درمیانہ"
Q1852,🧠 99٪ لوگ غلط جواب دیتے ہیں,M,1000 روپے پر 10% سالانہ کے حساب سے 1 سال کا سود کتنا بنے گا؟,0,200,100,300,C,سود = (اصل رقم × شرح × مدت)/100 = (1000×10×1)/100 = 100 روپے۔,"99٪ لوگ غلط جواب دیتے ہیں, درمیانہ"
Q1853,📖 اردو محاورے,M,جلدی کا کام شیطان کا کا مطلب کیا ہے؟,بغیر سوچے جلدی کرنے سے نقصان ہوتا ہے,آرام کرنا,کام چھوڑ دینا,جلدی ہمیشہ اچھی ہے,A,عجلت میں غلطیاں ہو سکتی ہیں,"اردو محاورے, درمیانہ"
Q1854,📖 اردو محاورے,M,"""دل میں بسنا"" محاورے کا مطلب کیا ہے؟",بہت عزیز ہونا,نفرت کرنا,بھول جانا,ڈر جانا,A,درست جواب ہے: بہت عزیز ہونا۔,"اردو محاورے, درمیانہ"
Q1855,📖 اردو محاورے,M,ہاتھ پیر مارنا کا مطلب کیا ہے؟,سو جانا,ہنسنا,محنت کرنا,چھپ جانا,C,اس سے مراد کوشش کرنا ہے۔,"اردو محاورے, درمیانہ"
Q1856,🤯 دماغ کا امتحان,M,باپ اور بیٹے کی عمروں کا مجموعہ 56 سال ہے۔ باپ بیٹے سے 3 گنا بڑا ہے۔ بیٹے کی عمر کیا ہے؟,16,14,19,12,B,بیٹا + باپ = 56، باپ = 3×بیٹا، لہٰذا بیٹا = 56/4 = 14 سال۔,"دماغ کا امتحان, درمیانہ"
Q1857,⏳ 5 سیکنڈ چیلنج,M,کس ملک کا جھنڈا دونوں طرف مختلف ہوتا ہے؟,پیراگوئے,سری لنکا,نیپال,بھوٹان,A,درست جواب ہے: پیراگوئے۔,"5 سیکنڈ چیلنج, درمیانہ"
Q1858,🧠 99٪ لوگ غلط جواب دیتے ہیں,M,1000 روپے پر 5% سالانہ کے حساب سے 3 سال کا سود کتنا بنے گا؟,150,350,50,250,A,سود = (اصل رقم × شرح × مدت)/100 = (1000×5×3)/100 = 150 روپے۔,"99٪ لوگ غلط جواب دیتے ہیں, درمیانہ"
Q1859,📖 اردو محاورے,M,“زندگی کا امتحان” سے کیا مراد ہے؟,مشکلات,چھٹی,کھیل,سکول کا ٹیسٹ,A,اس سے مراد زندگی میں پیش آنے والی مشکلات اور آزمائشیں ہیں۔,"اردو محاورے, درمیانہ"
Q1860,😈 ٹرک سوالات,M,ایک شخص بارش میں بھیگ رہا تھا مگر اس کے سر کا ایک بال بھی گیلا نہ ہوا۔ کیوں؟,گاڑی میں تھا,ٹوپی پہنی تھی,چھتری تھی,وہ گنجا تھا,D,اس کے سر پر بال ہی نہیں تھے۔,"ٹرک سوالات, درمیانہ"
Q1861,👑 صرف ذہین لوگوں کے لیے,M,پاکستان کا قومی شاعر کسے کہا جاتا ہے؟,حبیب جالب,علامہ محمد اقبال,احمد فراز,فیض احمد فیض,B,درست جواب ہے: علامہ محمد اقبال۔,"صرف ذہین لوگوں کے لیے, درمیانہ"
Q1862,⏳ 5 سیکنڈ چیلنج,M,پاکستان کا قومی لباس کیا مانا جاتا ہے؟,شیروانی,شلوار قمیص,سوٹ,کرتا,B,شلوار قمیص پاکستان کا قومی لباس مانا جاتا ہے۔,"5 سیکنڈ چیلنج, درمیانہ"
Q1863,📖 اردو محاورے,M,"""گڑے مردے اکھاڑنا"" کا مطلب کیا ہے؟",تدفین کرنا,قبرستان جانا,نیا کام شروع کرنا,پرانی اور بھولی باتوں کو دوبارہ چھیڑنا,D,"""گڑے مردے اکھاڑنا"" کا محاورتی مطلب ہے: پرانی اور بھولی باتوں کو دوبارہ چھیڑنا۔","اردو محاورے, درمیانہ"
Q1864,📖 اردو محاورے,M,چراغ تلے اندھیرا کا مطلب کیا ہے؟,روشنی جلانا,اپنی خامیوں سے بے خبر ہونا,اندھیرا کرنا,گھر میں اندھیرا,B,اپنے قریب کی بات کو نظر انداز کرنا,"اردو محاورے, درمیانہ"
Q1865,⏳ 5 سیکنڈ چیلنج,M,دنیا کا سب سے اونچا فعال آتش فشاں کون سا ہے؟,اوجوس ڈیل سالادو,ماؤنٹ ایٹنا,ویسوویئس,فوجیاما,A,اوجوس ڈیل سالادو دنیا کا بلند ترین فعال آتش فشاں مانا جاتا ہے۔,"5 سیکنڈ چیلنج, درمیانہ"
Q1866,⏳ 5 سیکنڈ چیلنج,M,دنیا کا سب سے بڑا جھیل (رقبے کے لحاظ سے) کون سا ہے؟,جھیل سپیریئر,جھیل بیکل,بحیرۂ کیسپین,جھیل وکٹوریہ,C,بحیرۂ کیسپین دنیا کی سب سے بڑی جھیل ہے۔,"5 سیکنڈ چیلنج, درمیانہ"
Q1867,👑 صرف ذہین لوگوں کے لیے,M,پاکستان کی سب سے بڑی بندرگاہ کون سی ہے؟,گوادر,کراچی پورٹ,جیوانی,پورٹ قاسم,B,کراچی پورٹ ملک کی قدیم اور بڑی بندرگاہ ہے۔,"صرف ذہین لوگوں کے لیے, درمیانہ"
Q1868,🧩 دلچسپ پہیلیاں,M,وہ کیا ہے جسے آپ جتنا پکڑنے کی کوشش کریں اتنا دور ہوتا جائے؟,سایہ,ہوا,بادل,افق,D,یہ ایک لطیف پہیلی ہے جس کا جواب ہے: افق۔,"دلچسپ پہیلیاں, درمیانہ"
Q1869,⏳ 5 سیکنڈ چیلنج,M,پاکستان کا پہلا دارالحکومت کون سا شہر تھا؟,پشاور,اسلام آباد,لاہور,کراچی,D,درست جواب ہے: کراچی۔,"5 سیکنڈ چیلنج, درمیانہ"
Q1870,🤯 دماغ کا امتحان,M,ان میں سے کون سا عدد باقیوں سے مختلف ہے: 12، 18، 6، 9؟,6,9,18,12,B,باقی تمام اعداد جفت (even) ہیں مگر 9 طاق (odd) ہے۔,"دماغ کا امتحان, درمیانہ"
Q1871,🤯 دماغ کا امتحان,M,باپ اور بیٹے کی عمروں کا مجموعہ 36 سال ہے۔ باپ بیٹے سے 3 گنا بڑا ہے۔ بیٹے کی عمر کیا ہے؟,9,14,11,7,A,بیٹا + باپ = 36، باپ = 3×بیٹا، لہٰذا بیٹا = 36/4 = 9 سال۔,"دماغ کا امتحان, درمیانہ"
Q1872,⏳ 5 سیکنڈ چیلنج,M,کون سا جانور بہت ذہین جانوروں میں شمار ہوتا ہے؟,ڈالفن,شیر,گھوڑا,بکری,A,ڈالفن اپنی ذہانت کے لیے مشہور ہے,"5 سیکنڈ چیلنج, درمیانہ"
Q1873,🧠 99٪ لوگ غلط جواب دیتے ہیں,M,ایک چیز کی قیمت 600 روپے ہے۔ اس پر 10% رعایت ملے تو ادا کی جانے والی رقم کتنی ہوگی؟,540,600,550,530,A,10% رعایت = 60 روپے، لہٰذا ادا کی جانے والی رقم = 600 - 60 = 540 روپے۔,"99٪ لوگ غلط جواب دیتے ہیں, درمیانہ"
Q1874,📖 اردو محاورے,M,"""دل کا بخار نکالنا"" کا مطلب کیا ہے؟",خاموش رہنا,دوا لینا,بیمار ہونا,غصہ یا رنجش ظاہر کر کے سکون پانا,D,"""دل کا بخار نکالنا"" کا محاورتی مطلب ہے: غصہ یا رنجش ظاہر کر کے سکون پانا۔","اردو محاورے, درمیانہ"
Q1875,🧠 99٪ لوگ غلط جواب دیتے ہیں,M,2022 میں کائنات کی پہلی رنگین تصاویر بھیجنے والی خلائی دوربین کون سی تھی؟,ناسا میگا,ہبل,کیپلر,جیمز ویب اسپیس ٹیلی اسکوپ,D,درست جواب ہے: جیمز ویب اسپیس ٹیلی اسکوپ۔,"99٪ لوگ غلط جواب دیتے ہیں, درمیانہ"
Q1876,🤯 دماغ کا امتحان,M,ایک چیز کی قیمت 450 روپے ہے۔ اس پر 15% رعایت ملے تو ادا کی جانے والی رقم کتنی ہوگی؟,393,383,373,450,B,15% رعایت = 67 روپے، لہٰذا ادا کی جانے والی رقم = 450 - 67 = 383 روپے۔,"دماغ کا امتحان, درمیانہ"
Q1877,😈 ٹرک سوالات,M,ایک کسان کے پاس 50 بھیڑیں تھیں۔ 10 کے علاوہ سب مر گئیں۔ کتنی بچیں,50,0,40,10,D,10 کے علاوہ سب مر گئیں، اس لیے 10 بھیڑیں بچیں۔,"ٹرک سوالات, درمیانہ"
Q1878,🧠 99٪ لوگ غلط جواب دیتے ہیں,M,اگر 6 مزدور ایک کام 5 دنوں میں مکمل کرتے ہیں تو 5 مزدور وہی کام کتنے دنوں میں مکمل کریں گے؟,7,5,6,8,C,کل کام = 6×5 = 30 مزدور-دن۔ 5 مزدوروں کے لیے وقت = 30/5 = 6 دن۔,"99٪ لوگ غلط جواب دیتے ہیں, درمیانہ"
Q1879,🎭 الفاظ کا جادو,M,"""جائز"" کا متضاد کیا ہے؟",رد,حرام,بےترتیبی,ناجائز,D,"""جائز"" کا متضاد ""ناجائز"" ہے۔","الفاظ کا جادو, درمیانہ"
Q1880,😈 ٹرک سوالات,M,ایک ٹوکری میں 26 پھل تھے، بچوں نے 12 کھا لیے، ٹوکری میں کتنے پھل بچے؟,14,15,12,13,A,26-12=14 پھل بچے۔,"ٹرک سوالات, درمیانہ"
Q1881,🧩 دلچسپ پہیلیاں,M,وہ کون سی چیز ہے جو جتنی زیادہ ہو اتنی ہی کم نظر آتی ہے؟,اندھیرا,دھند,پانی,روشنی,B,درست جواب ہے: دھند۔,"دلچسپ پہیلیاں, درمیانہ"
Q1882,🎭 الفاظ کا جادو,M,"""یقین"" کا مترادف کیا ہے؟",انابت,ہدف,اعتماد,اجر,C,"""یقین"" کا مترادف ""اعتماد"" ہے۔","الفاظ کا جادو, درمیانہ"
Q1883,📖 اردو محاورے,M,"""ایک انار سو بیمار"" کا مطلب کیا ہے؟",ایک چیز کے بہت زیادہ خواہش مند ہونا,پھل خراب ہونا,پھل نہ ملنا,بیماری پھیلنا,A,طلب زیادہ اور چیز کم ہونا۔,"اردو محاورے, درمیانہ"
Q1884,🧩 دلچسپ پہیلیاں,M,وہ کون سی چیز ہے جو سب کو معلوم مگر کوئی بیان نہ کر سکے؟,آواز,خوشبو,رنگ,لمس,B,یہ ایک لطیف پہیلی ہے جس کا جواب ہے: خوشبو۔,"دلچسپ پہیلیاں, درمیانہ"
Q1885,🎭 الفاظ کا جادو,M,"""بھاری"" کا متضاد کیا ہے؟",نیچے,اندھیرا,ہلکا,دور,C,"""بھاری"" کا متضاد ""ہلکا"" ہے۔","الفاظ کا جادو, درمیانہ"
Q1886,😈 ٹرک سوالات,M,ایک شخص کے دونوں ہاتھوں میں 3،3 سیب ہیں۔ اس کے پاس کل کتنے سیب ہیں؟,5,9,6,3,C,دونوں ہاتھوں میں 3،3 سیب یعنی کل 6 سیب۔,"ٹرک سوالات, درمیانہ"
Q1887,😈 ٹرک سوالات,M,دو ٹرینیں 55 اور 20 کلومیٹر فی گھنٹہ کی رفتار سے ایک دوسرے کی طرف آ رہی ہیں، درمیانی فاصلہ 150 کلومیٹر ہے (سیٹ 1)۔ کتنے گھنٹوں میں ملیں گی؟,2,4,1,3,A,وقت = فاصلہ/مجموعی رفتار = 150/75 = 2 گھنٹے۔,"ٹرک سوالات, درمیانہ"
Q1888,⏳ 5 سیکنڈ چیلنج,M,تحریک پاکستان کا سب سے اہم سال کون سا تھا؟,1947,1930,1940,1946,C,درست جواب ہے: 1940۔,"5 سیکنڈ چیلنج, درمیانہ"
Q1889,⏳ 5 سیکنڈ چیلنج,M,پودے اپنی غذا بنانے کے عمل کو کیا کہتے ہیں؟,تبخیر,ہاضمہ,ضیائی تالیف,تنفس,C,درست جواب ہے: ضیائی تالیف۔,"5 سیکنڈ چیلنج, درمیانہ"
Q1890,😈 ٹرک سوالات,M,ایک ٹرین سرنگ سے گزر رہی ہے مگر اس کا دھواں کس طرف جائے گا اگر ٹرین الیکٹرک ہے؟,دھواں بالکل نہیں ہوگا,آگے کی طرف,اوپر کی طرف,پیچھے کی طرف,A,غور سے سوچیں، ظاہری الفاظ کے بجائے منطق استعمال کریں۔,"ٹرک سوالات, درمیانہ"
Q1891,🧠 99٪ لوگ غلط جواب دیتے ہیں,M,ایک چیز کی قیمت 600 روپے ہے۔ اس پر 20% رعایت ملے تو ادا کی جانے والی رقم کتنی ہوگی؟,490,600,470,480,D,20% رعایت = 120 روپے، لہٰذا ادا کی جانے والی رقم = 600 - 120 = 480 روپے۔,"99٪ لوگ غلط جواب دیتے ہیں, درمیانہ"
Q1892,👑 صرف ذہین لوگوں کے لیے,M,دنیا کی سب سے گہری کھائی کون سی ہے؟,جاوا کھائی,بحر اوقیانوس کی کھائی,ماریانا ٹرینچ,فلپائن کھائی,C,درست جواب ہے: ماریانا ٹرینچ۔,"صرف ذہین لوگوں کے لیے, درمیانہ"
Q1893,😈 ٹرک سوالات,M,ایک ٹوکری میں 14 پھل تھے، بچوں نے 13 کھا لیے، ٹوکری میں کتنے پھل بچے؟,13,1,0,2,B,14-13=1 پھل بچے۔,"ٹرک سوالات, درمیانہ"
Q1894,⏳ 5 سیکنڈ چیلنج,M,انسان کا سب سے بڑا استاد کسے کہا جاتا ہے؟,کتاب,تجربہ,انٹرنیٹ,استاد,B,درست جواب ہے: تجربہ۔,"5 سیکنڈ چیلنج, درمیانہ"
Q1895,👑 صرف ذہین لوگوں کے لیے,M,پاکستان کا قومی پرچم کس سال اختیار کیا گیا؟,1948,1947,1956,1946,B,پاکستان کا قومی پرچم 1947 میں اختیار کیا گیا۔,"صرف ذہین لوگوں کے لیے, درمیانہ"
Q1896,🧠 99٪ لوگ غلط جواب دیتے ہیں,M,دو مقداروں کا تناسب 2:6 ہے۔ اگر کل مقدار 72 ہے تو پہلی مقدار کتنی ہوگی؟,18,20,54,16,A,کل حصے = 2+6 = 8۔ پہلی مقدار = (2/8)×72 = 18۔,"99٪ لوگ غلط جواب دیتے ہیں, درمیانہ"
Q1897,😈 ٹرک سوالات,M,دو ٹرینیں 35 اور 30 کلومیٹر فی گھنٹہ کی رفتار سے ایک دوسرے کی طرف آ رہی ہیں، درمیانی فاصلہ 130 کلومیٹر ہے (سیٹ 5)۔ کتنے گھنٹوں میں ملیں گی؟,2,4,3,1,A,وقت = فاصلہ/مجموعی رفتار = 130/65 = 2 گھنٹے۔,"ٹرک سوالات, درمیانہ"
Q1898,👑 صرف ذہین لوگوں کے لیے,M,اسلامی سال کا آغاز کس واقعے سے ہوتا ہے؟,ہجرت نبویؐ,غزوہ احد,غزوہ بدر,فتح مکہ,A,درست جواب ہے: ہجرت نبویؐ۔,"صرف ذہین لوگوں کے لیے, درمیانہ"
Q1899,🧩 دلچسپ پہیلیاں,M,وہ کیا ہے جو جتنا زیادہ جلتا ہے، اتنا ہی کم ہوتا جاتا ہے؟,لوہا,موم بتی,شیشہ,پانی,B,درست جواب ہے: موم بتی۔,"دلچسپ پہیلیاں, درمیانہ"
Q1900,😈 ٹرک سوالات,M,ایک شخص کے پاس 10 روپے تھے، 10 روپے خرچ کر دیے، کتنے بچے؟,1,0,20,10,B,تمام رقم خرچ ہوگئی۔,"ٹرک سوالات, درمیانہ"
Q1901,🧠 99٪ لوگ غلط جواب دیتے ہیں,M,ان میں سے کون سا عدد باقیوں سے مختلف ہے: 18، 24، 36، 12؟,36,24,18,12,C,باقی تمام اعداد جفت (even) ہیں مگر 18 طاق (odd) ہے۔,"99٪ لوگ غلط جواب دیتے ہیں, درمیانہ"
Q1902,📖 اردو محاورے,M,"""منہ اندھیرے اٹھنا"" کا مطلب کیا ہے؟",دیر سے اٹھنا,رات کو جاگنا,بہت سویرے صبح اٹھنا,سو نہ سکنا,C,"""منہ اندھیرے اٹھنا"" کا محاورتی مطلب ہے: بہت سویرے صبح اٹھنا۔","اردو محاورے, درمیانہ"
Q1903,🤯 دماغ کا امتحان,M,1000 روپے پر 15% سالانہ کے حساب سے 3 سال کا سود کتنا بنے گا؟,550,350,650,450,D,سود = (اصل رقم × شرح × مدت)/100 = (1000×15×3)/100 = 450 روپے۔,"دماغ کا امتحان, درمیانہ"
Q1904,📖 اردو محاورے,M,"""دو دلوں کا ملاپ"" کا مطلب کیا ہے؟",دوری ہونا,جھگڑا ہونا,محبت یا شادی کا رشتہ,نفرت ہونا,C,"""دو دلوں کا ملاپ"" کا محاورتی مطلب ہے: محبت یا شادی کا رشتہ۔","اردو محاورے, درمیانہ"
Q1905,🧩 دلچسپ پہیلیاں,M,جتنا اسے چھپاؤ، اتنا ہی ظاہر ہونے لگتا ہے۔ وہ کیا ہے؟,جھوٹ,سچ,خواب,راز,B,درست جواب ہے: سچ۔,"دلچسپ پہیلیاں, درمیانہ"
Q1906,🤯 دماغ کا امتحان,M,ایک عدد دوگنا کر کے اس میں 10 جمع کریں تو 50 بنتا ہے۔ وہ عدد کیا ہے,25,20,15,10,B,(20×2)+10=50۔,"دماغ کا امتحان, درمیانہ"
Q1907,🤯 دماغ کا امتحان,M,ایک کمرے میں 5 لوگ موجود ہیں۔ ہر شخص نے ہر دوسرے شخص سے ہاتھ ملایا۔ کل کتنے ہاتھ ملائے گئے؟,10,5,15,20,A,درست جواب ہے: 10 ✓۔,"دماغ کا امتحان, درمیانہ"
Q1908,🎭 الفاظ کا جادو,M,"""صبر"" کا مترادف کیا ہے؟",انابت,استقامت,حکمت,خیر,B,"""صبر"" کا مترادف ""استقامت"" ہے۔","الفاظ کا جادو, درمیانہ"
Q1909,👑 صرف ذہین لوگوں کے لیے,M,پاکستان کا قومی عجائب گھر کہاں ہے,پشاور,لاہور,اسلام آباد,کراچی,D,پاکستان کا قومی عجائب گھر کراچی میں واقع ہے۔,"صرف ذہین لوگوں کے لیے, درمیانہ"
Q1910,📖 اردو محاورے,M,دودھ کا دودھ پانی کا پانی ہونا,سب مل جانا,پانی پینا,دودھ گرم کرنا,انصاف ہونا,D,درست جواب ہے: انصاف ہونا۔,"اردو محاورے, درمیانہ"
Q1911,🧩 دلچسپ پہیلیاں,M,وہ کون سی چیز ہے جسے توڑنے سے فائدہ اور جوڑے رکھنے سے نقصان ہو؟,برتن,شیشہ,بری عادت,کھلونا,C,یہ ایک لطیف پہیلی ہے جس کا جواب ہے: بری عادت۔,"دلچسپ پہیلیاں, درمیانہ"
Q1912,🧩 دلچسپ پہیلیاں,M,وہ کون سی چیز ہے جو کھانے سے پہلے نظر آتی ہے کھانے کے بعد غائب,پیاس,کھانا,مزہ,بھوک,D,بھوک کھانے سے پہلے ہوتی ہے اور کھانے کے بعد ختم ہو جاتی ہے۔,"دلچسپ پہیلیاں, درمیانہ"
Q1913,😈 ٹرک سوالات,M,ایک آدمی کے چار بیٹے ہیں اور ہر بیٹے کی ایک بہن ہے۔ کل بچوں کی تعداد کتنی ہے؟,8,6,4,5,D,چار بیٹے اور ایک بہن، کل 5 بچے۔,"ٹرک سوالات, درمیانہ"
Q1914,🧩 دلچسپ پہیلیاں,M,وہ کیا ہے جو جتنا زیادہ استعمال ہو اتنا ہی تیز ہوتا جاتا ہے؟,چاقو,قلم,کاغذ,کتاب,A,چاقو کو استعمال اور تیز کرنے سے اس کی دھار بہتر ہوتی ہے۔,"دلچسپ پہیلیاں, درمیانہ"
Q1915,📖 اردو محاورے,M,"""پیٹ میں دانت ہونا"" کا مطلب کیا ہے؟",بہت چالاک اور مکار ہونا,کمزور ہونا,بھوکا ہونا,بیمار ہونا,A,"""پیٹ میں دانت ہونا"" کا محاورتی مطلب ہے: بہت چالاک اور مکار ہونا۔","اردو محاورے, درمیانہ"
Q1916,👑 صرف ذہین لوگوں کے لیے,M,تھیوری آف ایوولوشن کس کتاب میں پیش کی گئی؟,ریلیٹیویٹی,پرنسپیا,آن دی اوریجن آف اسپیشیز,نوول آرگنن,C,درست جواب ہے: آن دی اوریجن آف اسپیشیز۔,"صرف ذہین لوگوں کے لیے, درمیانہ"
Q1917,🤯 دماغ کا امتحان,M,دو مقداروں کا تناسب 6:2 ہے۔ اگر کل مقدار 80 ہے تو پہلی مقدار کتنی ہوگی؟,58,60,62,20,B,کل حصے = 6+2 = 8۔ پہلی مقدار = (6/8)×80 = 60۔,"دماغ کا امتحان, درمیانہ"
Q1918,😈 ٹرک سوالات,M,ایک ٹوکری میں 11 پھل تھے، بچوں نے 4 کھا لیے، ٹوکری میں کتنے پھل بچے؟,7,4,6,8,A,11-4=7 پھل بچے۔,"ٹرک سوالات, درمیانہ"
Q1919,👑 صرف ذہین لوگوں کے لیے,M,سلک روٹ کس مقصد کے لیے استعمال ہوتا تھا؟,تجارت کے لیے,تعلیم کے لیے,جنگ کے لیے,سفر حج کے لیے,A,درست جواب ہے: تجارت کے لیے۔,"صرف ذہین لوگوں کے لیے, درمیانہ"
Q1920,🧠 99٪ لوگ غلط جواب دیتے ہیں,M,اگر 18 پنسلوں کی قیمت 360 روپے ہے تو ایک پنسل کی قیمت کتنی ہوگی؟,25 روپے,30 روپے,20 روپے,15 روپے,C,360 ÷ 18 = 20 روپے۔,"99٪ لوگ غلط جواب دیتے ہیں, درمیانہ"
Q1921,🧩 دلچسپ پہیلیاں,M,وہ کون سی چیز ہے جو جتنی چلتی ہے اتنا ہی پیچھے چھوڑتی جاتی ہے,گھڑی,گاڑی,قدم,ہوا,C,انسان کے قدم چلتے ہوئے اپنے پیچھے نشانات چھوڑ جاتے ہیں۔,"دلچسپ پہیلیاں, درمیانہ"
Q1922,⏳ 5 سیکنڈ چیلنج,M,"""شمع"" کا صحیح تعلق کس لفظ سے نہیں ہے؟",محبوب,روشنی,محفل,پروانہ,D,پروانہ شمع کا عاشق ہوتا ہے، شمع کا معنی نہیں۔,"5 سیکنڈ چیلنج, درمیانہ"
Q1923,😈 ٹرک سوالات,M,ایک ٹوکری میں 15 پھل تھے، بچوں نے 14 کھا لیے، ٹوکری میں کتنے پھل بچے؟,2,1,14,0,B,15-14=1 پھل بچے۔,"ٹرک سوالات, درمیانہ"
Q1924,🎭 الفاظ کا جادو,M,"""چہرہ"" کا مترادف کیا ہے؟",عدو,بے وقوف,رخ,الفت,C,"""چہرہ"" کا مترادف ""رخ"" ہے۔","الفاظ کا جادو, درمیانہ"
Q1925,🎭 الفاظ کا جادو,M,"""امیر"" کا مترادف کیا ہے؟",ارض,سپنا,قلب,دولت مند,D,"""امیر"" کا مترادف ""دولت مند"" ہے۔","الفاظ کا جادو, درمیانہ"
Q1926,📖 اردو محاورے,M,چھوٹا منہ بڑی بات کا مطلب کیا ہے,بحث کرنا,خاموش رہنا,حیثیت سے بڑھ کر بولنا,تعریف کرنا,C,اپنی حیثیت سے بڑی بات کرنا۔,"اردو محاورے, درمیانہ"
Q1927,📖 اردو محاورے,M,آنکھوں کا تارا سے کیا مراد ہے؟,بہت پیارا شخص,خوبصورت چیز,کمزور شخص,آنکھ کا حصہ,A,بہت عزیز اور لاڈلے شخص کے لیے بولا جاتا ہے,"اردو محاورے, درمیانہ"
Q1928,🧠 99٪ لوگ غلط جواب دیتے ہیں,M,1000 روپے پر 20% سالانہ کے حساب سے 3 سال کا سود کتنا بنے گا؟,800,700,500,600,D,سود = (اصل رقم × شرح × مدت)/100 = (1000×20×3)/100 = 600 روپے۔,"99٪ لوگ غلط جواب دیتے ہیں, درمیانہ"
Q1929,🤯 دماغ کا امتحان,M,ایک چیز کی قیمت 450 روپے ہے۔ اس پر 20% رعایت ملے تو ادا کی جانے والی رقم کتنی ہوگی؟,360,350,370,450,A,20% رعایت = 90 روپے، لہٰذا ادا کی جانے والی رقم = 450 - 90 = 360 روپے۔,"دماغ کا امتحان, درمیانہ"
Q1930,👑 صرف ذہین لوگوں کے لیے,M,پاکستان کا پہلا آئین کب نافذ ہوا؟,1956,1947,1962,1973,A,درست جواب ہے: 1956۔,"صرف ذہین لوگوں کے لیے, درمیانہ"
Q1931,😈 ٹرک سوالات,M,اگر 1=11 اور 2=22 اور 3=33 تو 11=?,11,121,111,1111,B,پیٹرن کے مطابق 11×11=121۔,"ٹرک سوالات, درمیانہ"
Q1932,🧠 99٪ لوگ غلط جواب دیتے ہیں,M,ایک چیز کی قیمت 400 روپے ہے۔ اس پر 20% رعایت ملے تو ادا کی جانے والی رقم کتنی ہوگی؟,310,400,330,320,D,20% رعایت = 80 روپے، لہٰذا ادا کی جانے والی رقم = 400 - 80 = 320 روپے۔,"99٪ لوگ غلط جواب دیتے ہیں, درمیانہ"
Q1933,👑 صرف ذہین لوگوں کے لیے,M,پاکستان کا یومِ آزادی کب منایا جاتا ہے؟,6 ستمبر,14 اگست,25 دسمبر,23 مارچ,B,پاکستان ہر سال 14 اگست کو یومِ آزادی مناتا ہے۔,"صرف ذہین لوگوں کے لیے, درمیانہ"
Q1934,⏳ 5 سیکنڈ چیلنج,M,بادشاہی مسجد کس مغل بادشاہ نے تعمیر کروائی؟,اورنگزیب عالمگیر,شاہجہان,جہانگیر,اکبر,A,درست جواب ہے: اورنگزیب عالمگیر  ________________۔,"5 سیکنڈ چیلنج, درمیانہ"
Q1935,🧩 دلچسپ پہیلیاں,M,وہ کیا ہے جو انسان کو بغیر بولے سب سے زیادہ سکھاتا ہے؟,کتاب,استاد,تجربہ,دوست,C,یہ ایک لطیف پہیلی ہے جس کا جواب ہے: تجربہ۔,"دلچسپ پہیلیاں, درمیانہ"
Q1936,👑 صرف ذہین لوگوں کے لیے,M,انسانی دماغ کا وزن تقریباً کتنا ہوتا ہے؟,500 گرام,1.4 کلوگرام,800 گرام,3 کلوگرام,B,درست جواب ہے: 1.4 کلوگرام۔,"صرف ذہین لوگوں کے لیے, درمیانہ"
Q1937,🎭 الفاظ کا جادو,M,خوبصورت کا مترادف کیا ہے,کمزور,حسین,بدصورت,بیمار,B,حسین خوبصورت کا مترادف ہے۔,"الفاظ کا جادو, درمیانہ"
Q1938,📖 اردو محاورے,M,"اردو لفظ ""فراق"" کا کیا مطلب ہے؟",خوشی,ملاپ,محبت,جدائی,D,درست جواب ہے: جدائی۔,"اردو محاورے, درمیانہ"
Q1939,🧩 دلچسپ پہیلیاں,M,وہ کیا ہے جو جتنا خالی ہوتا ہے اتنا ہی زیادہ آواز کرتا ہے؟,گھنٹی,بوتل,ڈھول,ڈبہ,D,خالی ڈبہ زیادہ آواز کرتا ہے۔,"دلچسپ پہیلیاں, درمیانہ"
Q1940,🧩 دلچسپ پہیلیاں,M,وہ کون سی چیز ہے جسے آپ توڑے بغیر استعمال نہیں کر سکتے؟,لکڑی,روٹی,انڈا,کاغذ,C,یہ ایک لطیف پہیلی ہے جس کا جواب ہے: انڈا۔,"دلچسپ پہیلیاں, درمیانہ"
Q1941,👑 صرف ذہین لوگوں کے لیے,M,مثنوی اردو شاعری کی کس صنف کو کہتے ہیں؟,مختصر رومانوی شعر,دو مصرعوں کی شاعری,طویل داستانی نظم,نثری تحریر,C,درست جواب ہے: طویل داستانی نظم۔,"صرف ذہین لوگوں کے لیے, درمیانہ"
Q1942,👑 صرف ذہین لوگوں کے لیے,M,کنویں کا مینڈک محاورے کا درست مطلب کیا ہے؟,جو شخص بہت چھوٹی جگہ سے آیا ہو,جو شخص بہت اونچی آواز میں بات کرتا ہو,جو شخص محدود سوچ رکھتا ہو اور دنیا کا کم تجربہ رکھتا ہو,جو شخص پانی کے قریب رہتا ہو,C,درست جواب ہے: جو شخص محدود سوچ رکھتا ہو اور دنیا کا کم تجربہ رکھتا ہو۔,"صرف ذہین لوگوں کے لیے, درمیانہ"
Q1943,👑 صرف ذہین لوگوں کے لیے,M,دنیا کا سب سے بڑا صحرا (سرد) کون سا ہے؟,گوبی,صحارا,تھر,انٹارکٹیکا,D,درست جواب ہے: انٹارکٹیکا۔,"صرف ذہین لوگوں کے لیے, درمیانہ"
Q1944,📖 اردو محاورے,M,"""دم دبا کر بھاگنا"" کا مطلب کیا ہے؟",خوش ہو کر جانا,آرام سے جانا,ڈٹ کر مقابلہ کرنا,بہت ڈر کر فوراً بھاگ جانا,D,"""دم دبا کر بھاگنا"" کا محاورتی مطلب ہے: بہت ڈر کر فوراً بھاگ جانا۔","اردو محاورے, درمیانہ"
Q1945,🎭 الفاظ کا جادو,M,"""بادل"" کا مترادف کیا ہے؟",ابر,بیابان,فوج,خامہ,A,"""بادل"" کا مترادف ""ابر"" ہے۔","الفاظ کا جادو, درمیانہ"
Q1946,🧠 99٪ لوگ غلط جواب دیتے ہیں,M,ان میں سے کون سا عدد باقیوں سے مختلف ہے: 15، 20، 30، 10؟,30,15,10,20,B,باقی تمام اعداد جفت (even) ہیں مگر 15 طاق (odd) ہے۔,"99٪ لوگ غلط جواب دیتے ہیں, درمیانہ"
Q1947,🤯 دماغ کا امتحان,M,باپ اور بیٹے کی عمروں کا مجموعہ 90 سال ہے۔ باپ بیٹے سے 5 گنا بڑا ہے۔ بیٹے کی عمر کیا ہے؟,20,13,17,15,D,بیٹا + باپ = 90، باپ = 5×بیٹا، لہٰذا بیٹا = 90/6 = 15 سال۔,"دماغ کا امتحان, درمیانہ"
Q1948,🎭 الفاظ کا جادو,M,بے وفا کا متضاد کیا ہے؟,دھوکے باز,وفادار,جھوٹا,سنگدل,B,بے وفا کا متضاد وفادار ہے۔,"الفاظ کا جادو, درمیانہ"
Q1949,📖 اردو محاورے,M,"""زبان بندی کرنا"" کا مطلب کیا ہے؟",تقریر کرنا,خاموش کروا دینا,زیادہ بلوانا,گانا سکھانا,B,"""زبان بندی کرنا"" کا محاورتی مطلب ہے: خاموش کروا دینا۔","اردو محاورے, درمیانہ"
Q1950,⏳ 5 سیکنڈ چیلنج,M,جتنا مضبوط ہو، اتنا ہی اکاؤنٹ محفوظ رہتا ہے۔ کیا؟,فنگر پرنٹ,تالا,پاس ورڈ,سیکیورٹی سوال,C,درست جواب ہے: پاس ورڈ۔,"5 سیکنڈ چیلنج, درمیانہ"
Q1951,📖 اردو محاورے,M,"""آبرو خاک میں ملانا"" کا مطلب کیا ہے؟",عزت برباد کر دینا,مٹی صاف کرنا,خاک اڑانا,عزت بڑھانا,A,"""آبرو خاک میں ملانا"" کا محاورتی مطلب ہے: عزت برباد کر دینا۔","اردو محاورے, درمیانہ"
Q1952,👑 صرف ذہین لوگوں کے لیے,M,دنیا کا سب سے بڑا صحرا کون سا ہے؟,تھل,تھر,سہارا,انٹارکٹیکا,D,درست جواب ہے: انٹارکٹیکا۔,"صرف ذہین لوگوں کے لیے, درمیانہ"
Q1953,📖 اردو محاورے,M,"""آنکھیں چرانا"" محاورے کا مطلب؟",ڈر جانا,جان بوجھ کر سامنا نہ کرنا,محبت کرنا,چوری کرنا,B,درست جواب ہے: جان بوجھ کر سامنا نہ کرنا۔,"اردو محاورے, درمیانہ"
Q1954,🎭 الفاظ کا جادو,M,"""دولت"" کا مترادف کیا ہے؟",ثروت,فوج,صاحب خانہ,عوام,A,"""دولت"" کا مترادف ""ثروت"" ہے۔","الفاظ کا جادو, درمیانہ"
Q1955,😈 ٹرک سوالات,M,ایک ٹوکری میں 30 پھل تھے، بچوں نے 6 کھا لیے، ٹوکری میں کتنے پھل بچے؟,25,23,24,6,C,30-6=24 پھل بچے۔,"ٹرک سوالات, درمیانہ"
Q1956,🎭 الفاظ کا جادو,M,"""ہلکا"" کا متضاد کیا ہے؟",بڑا,بھاری,جھوٹا,نادار,B,"""ہلکا"" کا متضاد ""بھاری"" ہے۔","الفاظ کا جادو, درمیانہ"
Q1957,😈 ٹرک سوالات,M,18، 22، 26، 30 کے بعد اگلا عدد کیا ہوگا؟,34,35,38,33,A,ہر بار 4 کا اضافہ ہو رہا ہے، لہٰذا اگلا عدد 30+4 = 34 ہوگا۔,"ٹرک سوالات, درمیانہ"
Q1958,🎭 الفاظ کا جادو,M,"""زندگی"" کا متضاد کیا ہے؟",سست,دن,پتلا,موت,D,"""زندگی"" کا متضاد ""موت"" ہے۔","الفاظ کا جادو, درمیانہ"
Q1959,🤯 دماغ کا امتحان,M,ایک چیز کی قیمت 450 روپے ہے۔ اس پر 25% رعایت ملے تو ادا کی جانے والی رقم کتنی ہوگی؟,450,348,328,338,D,25% رعایت = 112 روپے، لہٰذا ادا کی جانے والی رقم = 450 - 112 = 338 روپے۔,"دماغ کا امتحان, درمیانہ"
Q1960,😈 ٹرک سوالات,M,ایک درخت پر 8 پرندے بیٹھے تھے۔ شکاری نے ایک کو مارا تو کتنے پرندے رہ گئے؟,1,7,0,8,C,گولی کی آواز سے باقی سب اڑ گئے۔,"ٹرک سوالات, درمیانہ"
Q1961,😈 ٹرک سوالات,M,ایک ٹوکری میں 20 پھل تھے، بچوں نے 3 کھا لیے، ٹوکری میں کتنے پھل بچے؟,17,3,18,16,A,20-3=17 پھل بچے۔,"ٹرک سوالات, درمیانہ"
Q1962,🤯 دماغ کا امتحان,M,ایک چیز کی قیمت 400 روپے ہے۔ اس پر 30% رعایت ملے تو ادا کی جانے والی رقم کتنی ہوگی؟,400,290,270,280,D,30% رعایت = 120 روپے، لہٰذا ادا کی جانے والی رقم = 400 - 120 = 280 روپے۔,"دماغ کا امتحان, درمیانہ"
Q1963,🤯 دماغ کا امتحان,M,اگر ایک درخت پر 10 پرندے بیٹھے ہوں اور شکاری ایک کو مار دے تو کتنے باقی رہیں گے؟,0,9,10,1,A,درست جواب ہے: 0 ✓۔,"دماغ کا امتحان, درمیانہ"
Q1964,🧩 دلچسپ پہیلیاں,M,وہ کیا ہے جو ایک بار دیا جائے تو واپس نہیں لیا جا سکتا؟,وعدہ/بات,تحفہ,خط,قرض,A,یہ ایک لطیف پہیلی ہے جس کا جواب ہے: وعدہ/بات۔,"دلچسپ پہیلیاں, درمیانہ"
Q1965,🤯 دماغ کا امتحان,M,دو مقداروں کا تناسب 6:4 ہے۔ اگر کل مقدار 90 ہے تو پہلی مقدار کتنی ہوگی؟,56,36,54,52,C,کل حصے = 6+4 = 10۔ پہلی مقدار = (6/10)×90 = 54۔,"دماغ کا امتحان, درمیانہ"
Q1966,👑 صرف ذہین لوگوں کے لیے,M,جدید جینیات کا باپ کسے کہا جاتا ہے؟,ڈارون,آئن سٹائن,گریگور مینڈل,نیوٹن,C,درست جواب ہے: گریگور مینڈل۔,"صرف ذہین لوگوں کے لیے, درمیانہ"
Q1967,🧩 دلچسپ پہیلیاں,M,وہ کون سی چیز ہے جو روزانہ دھلتی ہے مگر کبھی صاف نہیں ہوتی؟,فرش,کپڑا,پانی خود,برتن,C,یہ ایک لطیف پہیلی ہے جس کا جواب ہے: پانی خود۔,"دلچسپ پہیلیاں, درمیانہ"
Q1968,🧩 دلچسپ پہیلیاں,M,وہ کون سی چیز ہے جو خاموشی میں سب سے زیادہ شور مچاتی ہے؟,ہوا,گھڑی,پنکھا,دل کی دھڑکن/خیال,D,یہ ایک لطیف پہیلی ہے جس کا جواب ہے: دل کی دھڑکن/خیال۔,"دلچسپ پہیلیاں, درمیانہ"
Q1969,📖 اردو محاورے,M,"""دال میں کچھ کالا ہے"" کا مطلب؟",دال خراب ہے,کوئی گڑبڑ یا شک کی بات ہے,کھانا جل گیا,دھوکہ,B,درست جواب ہے: کوئی گڑبڑ یا شک کی بات ہے۔,"اردو محاورے, درمیانہ"
Q1970,👑 صرف ذہین لوگوں کے لیے,M,علامہ اقبال کا مشہور مجموعہ کلام کیا ہے؟,بانگ درا,دیوان غالب,نقش فریادی,کلیات میر,A,درست جواب ہے: بانگ درا۔,"صرف ذہین لوگوں کے لیے, درمیانہ"
Q1971,🎭 الفاظ کا جادو,M,"""لمبا"" کا متضاد کیا ہے؟",مایوس,سست,چھوٹا,کڑوا,C,"""لمبا"" کا متضاد ""چھوٹا"" ہے۔","الفاظ کا جادو, درمیانہ"
Q1972,🧠 99٪ لوگ غلط جواب دیتے ہیں,M,"2026 میں دنیا کا پہلا ملک جس نے ""Vertical Farming"" سے 50% خوراک پیدا کی؟",جاپان,سنگاپور,ہالینڈ,امریکہ,B,درست جواب ہے: سنگاپور ________________۔,"99٪ لوگ غلط جواب دیتے ہیں, درمیانہ"
Q1973,🤯 دماغ کا امتحان,M,2000 روپے پر 15% سالانہ کے حساب سے 2 سال کا سود کتنا بنے گا؟,600,800,500,700,A,سود = (اصل رقم × شرح × مدت)/100 = (2000×15×2)/100 = 600 روپے۔,"دماغ کا امتحان, درمیانہ"
Q1974,⏳ 5 سیکنڈ چیلنج,M,آپ کے سامنے ہے لیکن آپ اسے دیکھ نہیں سکتے؟,خواب,مستقبل,سایہ,ماضی,B,درست جواب ہے: مستقبل۔,"5 سیکنڈ چیلنج, درمیانہ"
Q1975,⏳ 5 سیکنڈ چیلنج,M,اردو لفظ کس زبان سے آیا اور اس کا اصل مطلب کیا تھا؟,فارسی — شاہی دربار,عربی — علم,ہندی — بولی,ترکی — لشکر/سپاہ,D,درست جواب ہے: ترکی — لشکر/سپاہ۔,"5 سیکنڈ چیلنج, درمیانہ"
Q1976,🤯 دماغ کا امتحان,M,3000 روپے پر 10% سالانہ کے حساب سے 3 سال کا سود کتنا بنے گا؟,1100,1000,800,900,D,سود = (اصل رقم × شرح × مدت)/100 = (3000×10×3)/100 = 900 روپے۔,"دماغ کا امتحان, درمیانہ"
Q1977,🎭 الفاظ کا جادو,M,"""مضبوط"" کا متضاد کیا ہے؟",جنگ,کمزور,ناراض,بھاری,B,"""مضبوط"" کا متضاد ""کمزور"" ہے۔","الفاظ کا جادو, درمیانہ"
Q1978,🤯 دماغ کا امتحان,M,دو مقداروں کا تناسب 2:5 ہے۔ اگر کل مقدار 56 ہے تو پہلی مقدار کتنی ہوگی؟,18,14,40,16,D,کل حصے = 2+5 = 7۔ پہلی مقدار = (2/7)×56 = 16۔,"دماغ کا امتحان, درمیانہ"
Q1979,📖 اردو محاورے,M,"""پیٹ کا ہلکا ہونا"" کا مطلب کیا ہے؟",کمزور ہونا,راز نہ رکھ سکنا,بھوکا رہنا,بیمار ہونا,B,"""پیٹ کا ہلکا ہونا"" کا محاورتی مطلب ہے: راز نہ رکھ سکنا۔","اردو محاورے, درمیانہ"
Q1980,🧠 99٪ لوگ غلط جواب دیتے ہیں,M,ایک باپ کی عمر 40 سال اور بیٹے کی عمر 10 سال ہے۔ باپ بیٹے سے کتنے سال بڑا ہے؟,25,35,20,30,D,درست جواب ہے: 30۔,"99٪ لوگ غلط جواب دیتے ہیں, درمیانہ"
Q1981,⏳ 5 سیکنڈ چیلنج,M,پاکستان کی سب سے لمبی شاہراہ کون سی ہے؟,جی ٹی روڈ,قراقرم ہائی وے,موٹروے M2,M5,B,درست جواب ہے: B)قراقرم ہائی وے ✓۔,"5 سیکنڈ چیلنج, درمیانہ"
Q1982,🤯 دماغ کا امتحان,M,باپ اور بیٹے کی عمروں کا مجموعہ 28 سال ہے۔ باپ بیٹے سے 3 گنا بڑا ہے۔ بیٹے کی عمر کیا ہے؟,9,5,12,7,D,بیٹا + باپ = 28، باپ = 3×بیٹا، لہٰذا بیٹا = 28/4 = 7 سال۔,"دماغ کا امتحان, درمیانہ"
Q1983,👑 صرف ذہین لوگوں کے لیے,M,پاکستان فلم انڈسٹری کا مرکز کون سا شہر ہے,لاہور,اسلام آباد,کراچی,پشاور,A,لالی وڈ لاہور پاکستانی فلم انڈسٹری کا مرکز ہے۔,"صرف ذہین لوگوں کے لیے, درمیانہ"
Q1984,⏳ 5 سیکنڈ چیلنج,M,میر تقی میر کو کس لقب سے یاد کیا جاتا ہے؟,خداۓ سخن,شاعرِ مشرق,حکیم الامت,بابائے اردو,A,درست جواب ہے: خداۓ سخن۔,"5 سیکنڈ چیلنج, درمیانہ"
Q1985,⏳ 5 سیکنڈ چیلنج,M,سورج نظام شمسی کا مرکز ہے، اسے کیا کہتے ہیں؟,ستارہ,دھوم کے تارا,چاند,سیارہ,A,درست جواب ہے: ستارہ۔,"5 سیکنڈ چیلنج, درمیانہ"
Q1986,🤯 دماغ کا امتحان,M,دو مقداروں کا تناسب 3:6 ہے۔ اگر کل مقدار 63 ہے تو پہلی مقدار کتنی ہوگی؟,19,23,42,21,D,کل حصے = 3+6 = 9۔ پہلی مقدار = (3/9)×63 = 21۔,"دماغ کا امتحان, درمیانہ"
Q1987,😈 ٹرک سوالات,M,ایک ٹوکری میں 27 پھل تھے، بچوں نے 26 کھا لیے، ٹوکری میں کتنے پھل بچے؟,2,0,26,1,D,27-26=1 پھل بچے۔,"ٹرک سوالات, درمیانہ"
Q1988,📖 اردو محاورے,M,اپنا الو سیدھا کرنا کا مطلب کیا ہے؟,مدد کرنا,الو پالنا,اپنا مطلب نکالنا,سیدھی بات کرنا,C,درست جواب ہے: اپنا مطلب نکالنا۔,"اردو محاورے, درمیانہ"
Q1989,🧠 99٪ لوگ غلط جواب دیتے ہیں,M,"2026 میں دنیا کا پہلا ملک جس نے ""AI Judge"" کو عدالتی فیصلوں کے لیے استعمال کیا؟",امریکہ,استونیا,چین,بھارت,B,درست جواب ہے: استونیا ________________۔,"99٪ لوگ غلط جواب دیتے ہیں, درمیانہ"
Q1990,😈 ٹرک سوالات,M,ایک ٹوکری میں 13 پھل تھے، بچوں نے 3 کھا لیے، ٹوکری میں کتنے پھل بچے؟,10,9,11,3,A,13-3=10 پھل بچے۔,"ٹرک سوالات, درمیانہ"
Q1991,🧠 99٪ لوگ غلط جواب دیتے ہیں,M,دو مقداروں کا تناسب 5:2 ہے۔ اگر کل مقدار 84 ہے تو پہلی مقدار کتنی ہوگی؟,24,62,58,60,D,کل حصے = 5+2 = 7۔ پہلی مقدار = (5/7)×84 = 60۔,"99٪ لوگ غلط جواب دیتے ہیں, درمیانہ"
Q1992,🧩 دلچسپ پہیلیاں,M,وہ کون سی چیز ہے جو جتنی زیادہ ہو، اتنا ہی کم دکھائی دیتا ہے؟,اندھیرا,تینوں درست ہیں,دھند,دھواں,B,اندھیرا، دھند اور دھواں تینوں زیادہ ہوں تو دیکھنا مشکل ہو جاتا ہے۔,"دلچسپ پہیلیاں, درمیانہ"
Q1993,🧩 دلچسپ پہیلیاں,M,وہ کون سی چیز ہے جو باہر سے سخت اور اندر سے نرم ہوتی ہے؟,پتھر,شیشہ,ناریل,لوہا,C,یہ ایک لطیف پہیلی ہے جس کا جواب ہے: ناریل۔,"دلچسپ پہیلیاں, درمیانہ"
Q1994,👑 صرف ذہین لوگوں کے لیے,M,داغ دہلوی کس شہر سے تعلق رکھتے تھے؟,دہلی,لکھنؤ,حیدرآباد,لاہور,A,درست جواب ہے: دہلی۔,"صرف ذہین لوگوں کے لیے, درمیانہ"
Q1995,📖 اردو محاورے,M,پاؤں اکھڑ جانا کا مطلب کیا ہے؟,گر جانا,تیز دوڑنا,تھک جانا یا شکست کھانا,جوتا اترنا,C,یہ محاورہ ہمت ٹوٹنے یا شکست کھانے کے لیے استعمال ہوتا ہے۔,"اردو محاورے, درمیانہ"
Q1996,🧩 دلچسپ پہیلیاں,M,وہ کیا ہے جو آپ کا ہے مگر زیادہ تر دوسرے لوگ استعمال کرتے ہیں؟,بیگ,نام,گھر,قلم,B,لوگ آپ کا نام آپ سے زیادہ لیتے ہیں۔,"دلچسپ پہیلیاں, درمیانہ"
Q1997,🧩 دلچسپ پہیلیاں,M,وہ کون سی چیز ہے جو جتنی زیادہ ہو اتنا کم دکھائی دیتا ہے؟,پانی,شیشہ,روشنی,دھند,D,درست جواب ہے: دھند۔,"دلچسپ پہیلیاں, درمیانہ"
Q1998,📖 اردو محاورے,M,اونچی دکان پھیکا پکوان کا مطلب؟,زیادہ قیمت,اچھا کھانا,سستی چیز,دکھاوا زیادہ حقیقت کم,D,ظاہری شان زیادہ مگر معیار کم۔,"اردو محاورے, درمیانہ"
Q1999,🧩 دلچسپ پہیلیاں,M,وہ کون سی چیز ہے جو انسان کے بغیر بولے اس کی شخصیت بتا دیتی ہے؟,آواز,لباس/انداز,نام,تصویر,B,یہ ایک لطیف پہیلی ہے جس کا جواب ہے: لباس/انداز۔,"دلچسپ پہیلیاں, درمیانہ"
Q2000,⏳ 5 سیکنڈ چیلنج,M,پاکستان کا پہلا ایٹمی دھماکہ کس مقام پر ہوا,چاغی,لاہور,کراچی,اسلام آباد,A,پاکستان نے 1998 میں چاغی میں ایٹمی دھماکہ کیا۔,"5 سیکنڈ چیلنج, درمیانہ"
Q2001,🧠 99٪ لوگ غلط جواب دیتے ہیں,M,3000 روپے پر 5% سالانہ کے حساب سے 3 سال کا سود کتنا بنے گا؟,650,550,350,450,D,سود = (اصل رقم × شرح × مدت)/100 = (3000×5×3)/100 = 450 روپے۔,"99٪ لوگ غلط جواب دیتے ہیں, درمیانہ"
Q2002,🧩 دلچسپ پہیلیاں,H,وہ کون سی چیز ہے جو جتنی زیادہ خشک ہوتی ہے اتنا ہی زیادہ گیلا کرتی ہے؟,کپڑا,اسفنج,تولیہ,صابن,C,تولیہ خود خشک ہوتا ہے مگر جسم کو خشک کرتے ہوئے گیلا ہو جاتا ہے۔,"دلچسپ پہیلیاں, مشکل"
Q2003,🧠 99٪ لوگ غلط جواب دیتے ہیں,H,اگر 10 مزدور ایک کام 9 دنوں میں مکمل کرتے ہیں تو 2 مزدور وہی کام کتنے دنوں میں مکمل کریں گے؟,44,47,46,45,D,کل کام = 10×9 = 90 مزدور-دن۔ 2 مزدوروں کے لیے وقت = 90/2 = 45 دن۔,"99٪ لوگ غلط جواب دیتے ہیں, مشکل"
Q2004,🎭 الفاظ کا جادو,H,"""انصاف"" کا مترادف کیا ہے؟",جرات,تعجب,وعظ,عدل,D,"""انصاف"" کا مترادف ""عدل"" ہے۔","الفاظ کا جادو, مشکل"
Q2005,👑 صرف ذہین لوگوں کے لیے,H,بارش کی ہلکی ہلکی آواز یا کیفیت کے لیے عام طور پر کون سا لفظ بولا جاتا ہے؟,قطرہ,بوند,شبنم,رم جھم,D,درست جواب ہے: رم جھم۔,"صرف ذہین لوگوں کے لیے, مشکل"
Q2006,🧩 دلچسپ پہیلیاں,H,میں بہت ہلکا ہوں، لیکن کوئی بھی مجھے زیادہ دیر تک روک نہیں سکتا۔ میں کیا ہوں؟,سانس,خیال,دھاگہ,پر,A,درست جواب ہے: سانس۔,"دلچسپ پہیلیاں, مشکل"
Q2007,⏳ 5 سیکنڈ چیلنج,H,پاکستان کا سب سے بڑا شہر آبادی کے لحاظ سے کون سا ہے؟,کراچی,اسلام آباد,لاہور,پشاور,A,درست جواب ہے: کراچی۔,"5 سیکنڈ چیلنج, مشکل"
Q2008,😈 ٹرک سوالات,H,ایک چیز 250 روپے میں خرید کر 275 روپے میں بیچی گئی۔ نفع کی شرح کتنی فیصد ہے؟,15%,5%,20%,10%,D,نفع = 275-250 = 25 روپے۔ نفع فیصد = (25/250)×100 = 10%۔,"ٹرک سوالات, مشکل"
Q2009,🤯 دماغ کا امتحان,H,ایک دراز میں 4 مختلف رنگوں کی جرابیں بے ترتیب رکھی ہیں۔ ایک جیسے رنگ کا جوڑا یقینی بنانے کے لیے اندھیرے میں کم از کم کتنی جرابیں نکالنی ہوں گی؟,5,4,3,6,A,Pigeonhole اصول کے مطابق 4+1 = 5 جرابیں نکالنے پر ایک جوڑا یقینی بن جاتا ہے۔,"دماغ کا امتحان, مشکل"
Q2010,🎭 الفاظ کا جادو,H,"""شجاعت"" کا مترادف کیا ہے؟",ڈر,بہادری,خوشی,غصہ,B,درست جواب ہے: بہادری۔,"الفاظ کا جادو, مشکل"
Q2011,😈 ٹرک سوالات,H,اگر 5 مزدور ایک کام 12 دنوں میں مکمل کرتے ہیں تو 6 مزدور وہی کام کتنے دنوں میں مکمل کریں گے؟,11,12,10,9,C,کل کام = 5×12 = 60 مزدور-دن۔ 6 مزدوروں کے لیے وقت = 60/6 = 10 دن۔,"ٹرک سوالات, مشکل"
Q2012,🧩 دلچسپ پہیلیاں,H,وہ کون سی چیز ہے جو دیکھنے میں سیدھی مگر پانی میں ٹیڑھی نظر آتی ہے؟,رسی,لوہا,لکڑی/چھڑی,پتھر,C,یہ ایک لطیف پہیلی ہے جس کا جواب ہے: لکڑی/چھڑی۔,"دلچسپ پہیلیاں, مشکل"
Q2013,⏳ 5 سیکنڈ چیلنج,H,جاں لفظ کے اردو میں کتنے معروف معنی استعمال ہوتے ہیں؟,2,5,3,4,B,درست جواب ہے: 5۔,"5 سیکنڈ چیلنج, مشکل"
Q2014,⏳ 5 سیکنڈ چیلنج,H,"پاکستان کا ""پاکستان کا مانچسٹر"" کون سا شہر کہلاتا ہے؟",کراچی,گوجرانوالہ,فیصل آباد,سیالکوٹ,C,فیصل آباد ٹیکسٹائل صنعت کی وجہ سے مشہور ہے۔,"5 سیکنڈ چیلنج, مشکل"
Q2015,🎭 الفاظ کا جادو,H,"""کمزوری"" کا مترادف کیا ہے؟",استحکام,نقاہت,سڑاند,مہک,B,"""کمزوری"" کا مترادف ""نقاہت"" ہے۔","الفاظ کا جادو, مشکل"
Q2016,🎭 الفاظ کا جادو,H,"لفظ ""عروج"" کا متضاد کیا ہے؟",ترقی,بلندی,فروغ,زوال,D,زوال، عروج کا متضاد ہے۔,"الفاظ کا جادو, مشکل"
Q2017,😈 ٹرک سوالات,H,ایک تھیلے میں 2 سرخ اور 6 نیلی گیندیں ہیں۔ بغیر دیکھے ایک گیند نکالنے پر سرخ گیند نکلنے کا امکان کتنے میں سے کتنا ہے؟,2/6,8/2,6/8,2/8,D,کل گیندیں 8 ہیں جن میں سے 2 سرخ ہیں، اس لیے امکان 2/8 ہے۔,"ٹرک سوالات, مشکل"
Q2018,📖 اردو محاورے,H,"""دل پر پتھر رکھنا"" محاورے کا کیا مطلب ہے؟",غصہ کرنا,ڈر جانا,برداشت کرنا,ہمت کرنا,C,درست جواب ہے: برداشت کرنا۔,"اردو محاورے, مشکل"
Q2019,⏳ 5 سیکنڈ چیلنج,H,روز بنتی ہیں، چھو نہیں سکتے، مگر یادیں محفوظ رکھتی ہیں۔ کیا؟,ای میل,خیالات,ڈیجیٹل تصاویر / ویڈیوز,خواب,C,درست جواب ہے: ڈیجیٹل تصاویر / ویڈیوز۔,"5 سیکنڈ چیلنج, مشکل"
Q2020,🧠 99٪ لوگ غلط جواب دیتے ہیں,H,ایک باپ کی عمر بیٹے سے 3 گنا ہے، 5 سال بعد باپ کی عمر بیٹے سے کتنی گنا رہ جائے گی (اگر بیٹا اب 10 سال کا ہے)؟,4 گنا,2.33 گنا کے قریب,3 گنا,2 گنا,B,ابھی باپ 30، بیٹا 10۔ 5 سال بعد باپ 35، بیٹا 15، تناسب 35/15 ≈2.33۔,"99٪ لوگ غلط جواب دیتے ہیں, مشکل"
Q2021,📖 اردو محاورے,H,"""اونٹ کے منہ میں زیرہ"" کا کیا مطلب ہے؟",مہنگی چیز,بہت زیادہ خوراک,ضرورت کے مقابلے میں بہت کم مقدار,بے کار محنت,C,درست جواب ہے: ضرورت کے مقابلے میں بہت کم مقدار۔,"اردو محاورے, مشکل"
Q2022,🤯 دماغ کا امتحان,H,اگر ایک بس 40 کلومیٹر فی گھنٹہ کی رفتار سے 4 گھنٹے چلے تو کتنے کلومیٹر طے کرے گی,200,160,100,120,B,40×4=160 کلومیٹر۔,"دماغ کا امتحان, مشکل"
Q2023,🤯 دماغ کا امتحان,H,اگر 10 مزدور ایک کام 4 دنوں میں مکمل کرتے ہیں تو 8 مزدور وہی کام کتنے دنوں میں مکمل کریں گے؟,5,4,7,6,A,کل کام = 10×4 = 40 مزدور-دن۔ 8 مزدوروں کے لیے وقت = 40/8 = 5 دن۔,"دماغ کا امتحان, مشکل"
Q2024,🧩 دلچسپ پہیلیاں,H,وہ کون سی چیز ہے جو دیکھنے میں ایک جیسی مگر ہر انسان کی الگ ہوتی ہے؟,آنکھیں,بال,کپڑے,انگلیوں کے نشان,D,یہ ایک لطیف پہیلی ہے جس کا جواب ہے: انگلیوں کے نشان۔,"دلچسپ پہیلیاں, مشکل"
Q2025,⏳ 5 سیکنڈ چیلنج,H,ایک شخص کی 5 بیٹیاں ہیں اور ہر بیٹی کا ایک ہی بھائی ہے۔ اس شخص کے کل کتنے بچے ہیں؟,6,11,10,5,A,درست جواب ہے: 6۔,"5 سیکنڈ چیلنج, مشکل"
Q2026,🤯 دماغ کا امتحان,H,ایک گاڑی 50 کلومیٹر فی گھنٹہ کی رفتار سے 5 گھنٹے سفر کرتی ہے۔ کل فاصلہ کتنا ہوگا؟,200,250,350,300,B,فاصلہ = رفتار × وقت = 50 × 5 = 250 کلومیٹر۔,"دماغ کا امتحان, مشکل"
Q2027,👑 صرف ذہین لوگوں کے لیے,H,پاکستان کا کون سا شہر چمڑے کی صنعت کے لیے مشہور ہے؟,فیصل آباد,سیالکوٹ,کراچی,لاہور,D,درست جواب ہے: لاہور۔,"صرف ذہین لوگوں کے لیے, مشکل"
Q2028,🎭 الفاظ کا جادو,H,"""استغفار"" کا مطلب کیا ہے؟",چاند,معافی مانگنا,سکون,عاجز و منکسر,B,"""استغفار"" کا مطلب ہے: معافی مانگنا۔","الفاظ کا جادو, مشکل"
Q2029,⏳ 5 سیکنڈ چیلنج,H,سیر لفظ کے اردو میں کتنے معروف معنی استعمال ہوتے ہیں؟,2 معنی,3 معنی,5 معنی,4 معنی,D,درست جواب ہے: 4 معنی۔,"5 سیکنڈ چیلنج, مشکل"
Q2030,🧩 دلچسپ پہیلیاں,H,وہ کون سی چیز ہے جسے آپ سنبھال کر رکھیں تو کھو جاتی ہے اور استعمال کریں تو بڑھتی ہے؟,علم,خوراک,سونا,پیسہ,A,یہ ایک لطیف پہیلی ہے جس کا جواب ہے: علم۔,"دلچسپ پہیلیاں, مشکل"
Q2031,📖 اردو محاورے,H,"""سانپ کے منہ میں چھچھوندر"" کا مطلب کیا ہے؟",ایسی مشکل میں پھنسنا جہاں نہ آگے راستہ ہو نہ پیچھے,خوش ہونا,سفر کرنا,آسانی ہونا,A,"""سانپ کے منہ میں چھچھوندر"" کا محاورتی مطلب ہے: ایسی مشکل میں پھنسنا جہاں نہ آگے راستہ ہو نہ پیچھے۔","اردو محاورے, مشکل"
Q2032,🧠 99٪ لوگ غلط جواب دیتے ہیں,H,ایک دراز میں 3 مختلف رنگوں کی جرابیں بے ترتیب رکھی ہیں۔ ایک جیسے رنگ کا جوڑا یقینی بنانے کے لیے اندھیرے میں کم از کم کتنی جرابیں نکالنی ہوں گی؟,4,3,2,5,A,Pigeonhole اصول کے مطابق 3+1 = 4 جرابیں نکالنے پر ایک جوڑا یقینی بن جاتا ہے۔,"99٪ لوگ غلط جواب دیتے ہیں, مشکل"
Q2033,🤯 دماغ کا امتحان,H,ایک چیز 400 روپے میں خرید کر 480 روپے میں بیچی گئی۔ نفع کی شرح کتنی فیصد ہے؟,15%,20%,25%,30%,B,نفع = 480-400 = 80 روپے۔ نفع فیصد = (80/400)×100 = 20%۔,"دماغ کا امتحان, مشکل"
Q2034,🤯 دماغ کا امتحان,H,ایک گاڑی 100 کلومیٹر فی گھنٹہ کی رفتار سے 5 گھنٹے سفر کرتی ہے۔ کل فاصلہ کتنا ہوگا؟,400,500,600,700,B,فاصلہ = رفتار × وقت = 100 × 5 = 500 کلومیٹر۔,"دماغ کا امتحان, مشکل"
Q2035,📖 اردو محاورے,H,"""سو سنار کی ایک لوہار کی"" کا مطلب کیا ہے؟",کمزور کی سو ضربیں طاقتور کی ایک ضرب پر بھاری نہیں پڑتیں,سونار طاقتور ہے,سب برابر ہیں,لوہار کمزور ہے,A,"""سو سنار کی ایک لوہار کی"" کا محاورتی مطلب ہے: کمزور کی سو ضربیں طاقتور کی ایک ضرب پر بھاری نہیں پڑتیں۔","اردو محاورے, مشکل"
Q2036,⏳ 5 سیکنڈ چیلنج,H,دنیا کا سب سے لمبا دریا عام طور پر کس کو مانا جاتا ہے؟,دریائے سندھ,دریائے یانگسی,دریائے نیل,دریائے ایمیزون,C,عام نصابی معلومات کے مطابق دریائے نیل کو سب سے لمبا دریا مانا جاتا ہے۔,"5 سیکنڈ چیلنج, مشکل"
Q2037,⏳ 5 سیکنڈ چیلنج,H,ویب سائٹ کے آخر میں .com، .pk یا .org کیا کہلاتا ہے؟,انٹرنیٹ,ڈومین,پاس ورڈ,سرور,B,درست جواب ہے: ڈومین۔,"5 سیکنڈ چیلنج, مشکل"
Q2038,🤯 دماغ کا امتحان,H,ایک گاڑی 50 کلومیٹر فی گھنٹہ کی رفتار سے 2 گھنٹے سفر کرتی ہے۔ کل فاصلہ کتنا ہوگا؟,150,200,50,100,D,فاصلہ = رفتار × وقت = 50 × 2 = 100 کلومیٹر۔,"دماغ کا امتحان, مشکل"
Q2039,🤯 دماغ کا امتحان,H,ایک چیز 400 روپے میں خرید کر 560 روپے میں بیچی گئی۔ نفع کی شرح کتنی فیصد ہے؟,35%,45%,50%,40%,D,نفع = 560-400 = 160 روپے۔ نفع فیصد = (160/400)×100 = 40%۔,"دماغ کا امتحان, مشکل"
Q2040,🤯 دماغ کا امتحان,H,ایک چیز 300 روپے میں خرید کر 390 روپے میں بیچی گئی۔ نفع کی شرح کتنی فیصد ہے؟,25%,40%,35%,30%,D,نفع = 390-300 = 90 روپے۔ نفع فیصد = (90/300)×100 = 30%۔,"دماغ کا امتحان, مشکل"
Q2041,🧠 99٪ لوگ غلط جواب دیتے ہیں,H,باپ اور بیٹے کی عمروں کا مجموعہ 114 سال ہے۔ باپ بیٹے سے 5 گنا بڑا ہے۔ بیٹے کی عمر کیا ہے؟,21,19,24,17,B,بیٹا + باپ = 114، باپ = 5×بیٹا، لہٰذا بیٹا = 114/6 = 19 سال۔,"99٪ لوگ غلط جواب دیتے ہیں, مشکل"
Q2042,🧠 99٪ لوگ غلط جواب دیتے ہیں,H,ایک جہاز میں 100 مسافر ہیں۔ 60 اردو بولتے ہیں، 50 انگریزی بولتے ہیں، جبکہ 20 دونوں زبانوں میں سے کوئی بھی نہیں بولتے۔ دونوں زبانیں بولنے والے کتنے ہیں؟,40,20,30,50,C,درست جواب ہے: 30۔,"99٪ لوگ غلط جواب دیتے ہیں, مشکل"
Q2043,😈 ٹرک سوالات,H,باپ اور بیٹے کی عمروں کا مجموعہ 57 سال ہے۔ باپ بیٹے سے 2 گنا بڑا ہے۔ بیٹے کی عمر کیا ہے؟,17,21,24,19,D,بیٹا + باپ = 57، باپ = 2×بیٹا، لہٰذا بیٹا = 57/3 = 19 سال۔,"ٹرک سوالات, مشکل"
Q2044,🧠 99٪ لوگ غلط جواب دیتے ہیں,H,ایک چیز کی قیمت 1000 روپے ہے۔ اس پر 10% رعایت ملے تو ادا کی جانے والی رقم کتنی ہوگی؟,910,1000,890,900,D,10% رعایت = 100 روپے، لہٰذا ادا کی جانے والی رقم = 1000 - 100 = 900 روپے۔,"99٪ لوگ غلط جواب دیتے ہیں, مشکل"
Q2045,📖 اردو محاورے,H,"""آنکھوں میں خون اترنا"" کا مطلب کیا ہے؟",شدید غصہ آنا,خوش ہونا,نیند آنا,بیمار ہونا,A,"""آنکھوں میں خون اترنا"" کا محاورتی مطلب ہے: شدید غصہ آنا۔","اردو محاورے, مشکل"
Q2046,🧩 دلچسپ پہیلیاں,H,ایسی کون سی چیز ہے جو جتنی خالی ہوتی ہے اتنی زیادہ آواز کرتی ہے؟,گلاس,کمرہ,ڈھول,بوتل,C,خالی ڈھول سب سے زیادہ بجتا ہے,"دلچسپ پہیلیاں, مشکل"
Q2047,🤯 دماغ کا امتحان,H,3 ڈاکٹر اور 3 نرسیں ایک دوسرے سے صرف ایک بار ہاتھ ملائیں تو کل کتنے مصافحے ہوں گے؟,9,12,15,18,C,6 افراد کے درمیان کل 15 مختلف مصافحے ہوتے ہیں۔,"دماغ کا امتحان, مشکل"
Q2048,🧠 99٪ لوگ غلط جواب دیتے ہیں,H,10000 روپے پر 12% سالانہ کے حساب سے 2 سال کا سود کتنا بنے گا؟,2300,2500,2600,2400,D,سود = (اصل رقم × شرح × مدت)/100 = (10000×12×2)/100 = 2400 روپے۔,"99٪ لوگ غلط جواب دیتے ہیں, مشکل"
Q2049,🤯 دماغ کا امتحان,H,ایک چیز 400 روپے میں خرید کر 500 روپے میں بیچی گئی۔ نفع کی شرح کتنی فیصد ہے؟,35%,25%,30%,20%,B,نفع = 500-400 = 100 روپے۔ نفع فیصد = (100/400)×100 = 25%۔,"دماغ کا امتحان, مشکل"
Q2050,🎭 الفاظ کا جادو,H,اندھیرا کا مترادف کیا ہے؟,روشنی,تاریکی,اجالا,چمک,B,اندھیرا اور تاریکی ہم معنی الفاظ ہیں۔,"الفاظ کا جادو, مشکل"
Q2051,👑 صرف ذہین لوگوں کے لیے,H,دل ناداں تجھے ہوا کیا ہے کس شاعر کا مشہور شعر ہے؟,اقبال,میر,غالب,فیض,C,یہ مرزا غالب کی مشہور غزل کا مطلع ہے,"صرف ذہین لوگوں کے لیے, مشکل"
Q2052,🤯 دماغ کا امتحان,H,دو مقداروں کا تناسب 5:4 ہے۔ اگر کل مقدار 117 ہے تو پہلی مقدار کتنی ہوگی؟,65,52,63,67,A,کل حصے = 5+4 = 9۔ پہلی مقدار = (5/9)×117 = 65۔,"دماغ کا امتحان, مشکل"
Q2053,😈 ٹرک سوالات,H,ایک تھیلے میں 6 سرخ اور 4 نیلی گیندیں ہیں۔ بغیر دیکھے ایک گیند نکالنے پر سرخ گیند نکلنے کا امکان کتنے میں سے کتنا ہے؟,6/4,6/10,10/6,4/10,B,کل گیندیں 10 ہیں جن میں سے 6 سرخ ہیں، اس لیے امکان 6/10 ہے۔,"ٹرک سوالات, مشکل"
Q2054,📖 اردو محاورے,H,"""آنکھوں میں دھول جھونکنا"" محاورے کا کیا مطلب ہے؟",تکلیف دینا,دھوکہ دینا,ڈرانا,خوش کرنا,B,درست جواب ہے: دھوکہ دینا۔,"اردو محاورے, مشکل"
Q2055,⏳ 5 سیکنڈ چیلنج,H,ایک لڑکی کے پاس 3 سیب تھے۔ اس نے اپنے دو بھائیوں کو ایک ایک سیب دیا۔ اس کے پاس کتنے سیب بچے؟,2,1,0,3,B,3 میں سے 2 سیب دینے کے بعد 1 سیب بچتا ہے۔,"5 سیکنڈ چیلنج, مشکل"
Q2056,🎭 الفاظ کا جادو,H,"""عاجزی"" کا مترادف کیا ہے؟",انکساری,توقیر,جلن,نقاہت,A,"""عاجزی"" کا مترادف ""انکساری"" ہے۔","الفاظ کا جادو, مشکل"
Q2057,⏳ 5 سیکنڈ چیلنج,H,بنانے والا بیچتا ہے، خریدنے والا استعمال نہیں کرتا، استعمال کرنے والا دیکھ نہیں سکتا۔ کیا ہے؟,تحفہ,گہنے,تابوت,کتاب,C,درست جواب ہے: تابوت۔,"5 سیکنڈ چیلنج, مشکل"
Q2058,🎭 الفاظ کا جادو,H,سونے کا دوسرا مطلب کیا ہے,دوڑنا,نیند لینا,جاگنا,بیٹھنا,B,سونا آرام یا نیند لینے کے معنی میں بھی آتا ہے۔,"الفاظ کا جادو, مشکل"
Q2059,📖 اردو محاورے,H,"""اندھے کی عصا"" محاورے کا مطلب کیا ہے؟",بے کار چیز,بوجھ,راستہ بھول جانا,واحد سہارا,D,کسی کے لیے آخری یا مضبوط سہارا۔,"اردو محاورے, مشکل"
Q2060,😈 ٹرک سوالات,H,اگر آپ اندھیرے کمرے میں داخل ہوں جہاں ایک موم بتی، ایک ہیٹر اور ایک لیمپ ہو اور آپ کے پاس صرف ایک ماچس ہو، تو سب سے پہلے کیا جلائیں گے؟,موم بتی,ماچس,لیمپ,ہیٹر,B,غور سے سوچیں، ظاہری الفاظ کے بجائے منطق استعمال کریں۔,"ٹرک سوالات, مشکل"
Q2061,📖 اردو محاورے,H,سانپ بھی مر جائے اور لاٹھی بھی نہ ٹوٹے,دونوں طرف نقصان,عقل سے مسئلہ حل کرنا,لڑائی کرنا,جلدی کرنا,B,ایسا حل جس میں کسی کا بڑا نقصان نہ ہو۔,"اردو محاورے, مشکل"
Q2062,🤯 دماغ کا امتحان,H,اگر صرف بیٹری کا فیصد معلوم ہو تو استعمال کے بعد باقی فیصد یقینی طور پر بتایا جا سکتا ہے؟,نہیں,ہاں,کبھی کبھی,ہمیشہ,A,درست جواب ہے: نہیں۔,"دماغ کا امتحان, مشکل"
Q2063,⏳ 5 سیکنڈ چیلنج,H,ایک کمرے میں 6 لوگ ہیں۔ ہر شخص ہر دوسرے شخص سے صرف ایک بار ہاتھ ملاتا ہے۔ کل کتنے ہاتھ ملیں گے؟,15,18,12,30,A,درست جواب ہے: 15۔,"5 سیکنڈ چیلنج, مشکل"
Q2064,🎭 الفاظ کا جادو,H,"لفظ ""روشن"" کا متضاد کیا ہے؟",تاریک,چمکدار,مدھم,اندھیرا,A,روشن کا درست متضاد تاریک ہے۔,"الفاظ کا جادو, مشکل"
Q2065,🎭 الفاظ کا جادو,H,"""مضبوطی"" کا مترادف کیا ہے؟",نقاہت,اخلاص,استحکام,بھولا,C,"""مضبوطی"" کا مترادف ""استحکام"" ہے۔","الفاظ کا جادو, مشکل"
Q2066,📖 اردو محاورے,H,"""آنکھیں ٹھنڈی ہونا"" محاورے کا کیا مطلب ہے؟",خوشی ملنا,تسکین ملنا,رونا,غصہ آنا,B,درست جواب ہے: تسکین ملنا۔,"اردو محاورے, مشکل"
Q2067,🧠 99٪ لوگ غلط جواب دیتے ہیں,H,ایک چیز 200 روپے میں خرید کر 280 روپے میں بیچی گئی۔ نفع کی شرح کتنی فیصد ہے؟,40%,50%,35%,45%,A,نفع = 280-200 = 80 روپے۔ نفع فیصد = (80/200)×100 = 40%۔,"99٪ لوگ غلط جواب دیتے ہیں, مشکل"
Q2068,😈 ٹرک سوالات,H,اگر 3 مزدور ایک کام 9 دنوں میں مکمل کرتے ہیں تو 9 مزدور وہی کام کتنے دنوں میں مکمل کریں گے؟,3,4,2,5,A,کل کام = 3×9 = 27 مزدور-دن۔ 9 مزدوروں کے لیے وقت = 27/9 = 3 دن۔,"ٹرک سوالات, مشکل"
Q2069,🎭 الفاظ کا جادو,H,"لفظ ""خوش"" کا متضاد کیا ہے؟",تیز,روشن,اونچا,غمگین,D,درست جواب ہے: غمگین ✓۔,"الفاظ کا جادو, مشکل"
Q2070,🤯 دماغ کا امتحان,H,دو مقداروں کا تناسب 5:4 ہے۔ اگر کل مقدار 135 ہے تو پہلی مقدار کتنی ہوگی؟,77,75,60,73,B,کل حصے = 5+4 = 9۔ پہلی مقدار = (5/9)×135 = 75۔,"دماغ کا امتحان, مشکل"
Q2071,⏳ 5 سیکنڈ چیلنج,H,"AI روبوٹ ""صوفیہ"" کو شہریت دینے والا پہلا ملک کون سا ہے؟",جنوبی کوریا,جاپان,امریکہ,سعودی عرب,D,درست جواب ہے: سعودی عرب۔,"5 سیکنڈ چیلنج, مشکل"
Q2072,🎭 الفاظ کا جادو,H,لفظ زندگی کا متضاد کیا ہے,موت,خوشی,دن,روشنی,A,زندگی کا متضاد موت ہے۔,"الفاظ کا جادو, مشکل"
Q2073,🎭 الفاظ کا جادو,H,"""خوشبو"" کا مترادف کیا ہے؟",دغا,استحکام,انکساری,مہک,D,"""خوشبو"" کا مترادف ""مہک"" ہے۔","الفاظ کا جادو, مشکل"
Q2074,🎭 الفاظ کا جادو,H,لفظ بازو کا ایک معنی جسم کا حصہ ہے دوسرا کیا,طاقت,کان,آنکھ,پیر,A,بازو کا مطلب طاقت یا سہارا بھی ہوتا ہے۔,"الفاظ کا جادو, مشکل"
Q2075,😈 ٹرک سوالات,H,ایک کمرے میں 3 لائٹ بلب ہیں اور باہر 3 سوئچ۔ آپ کمرے میں صرف ایک بار جا سکتے ہیں۔ کیسے معلوم کریں کون سا سوئچ کس بلب کا ہے؟,تینوں سوئچ آن کر دیں,ہر سوئچ 1 منٹ چلائیں,ایک سوئچ 10 منٹ آن کر کے بند کریں، دوسرا آن چھوڑ دیں، تیسرا بند رکھیں,یہ ناممکن ہے,C,درست جواب ہے: ایک سوئچ 10 منٹ آن کر کے بند کریں، دوسرا آن چھوڑ دیں، تیسرا بند رکھیں۔,"ٹرک سوالات, مشکل"
Q2076,👑 صرف ذہین لوگوں کے لیے,H,چاند زمین کے گرد ایک چکر کتنے دنوں میں مکمل کرتا ہے؟,60 دن,تقریباً 27-29 دن,7 دن,15 دن,B,درست جواب ہے: تقریباً 27-29 دن۔,"صرف ذہین لوگوں کے لیے, مشکل"
Q2077,😈 ٹرک سوالات,H,ایک چیز 250 روپے میں خرید کر 325 روپے میں بیچی گئی۔ نفع کی شرح کتنی فیصد ہے؟,25%,40%,35%,30%,D,نفع = 325-250 = 75 روپے۔ نفع فیصد = (75/250)×100 = 30%۔,"ٹرک سوالات, مشکل"
Q2078,🧩 دلچسپ پہیلیاں,H,وہ کیا ہے جو انسان کے پیدا ہونے سے پہلے موجود ہوتا ہے اور مرنے کے بعد بھی رہتا ہے؟,آواز,نام کی شہرت/وقت,جسم,سانس,B,یہ ایک لطیف پہیلی ہے جس کا جواب ہے: نام کی شہرت/وقت۔,"دلچسپ پہیلیاں, مشکل"
Q2079,👑 صرف ذہین لوگوں کے لیے,H,انسانی جسم میں دل ایک دن میں تقریباً کتنی بار دھڑکتا ہے؟,5 لاکھ بار,1 لاکھ بار,10 ہزار بار,50 ہزار بار,B,درست جواب ہے: 1 لاکھ بار۔,"صرف ذہین لوگوں کے لیے, مشکل"
Q2080,📖 اردو محاورے,H,"اندھا محاورہ ""اندھا باطل"" کا مطلب کیا ہے؟",اندھیرا,جھوٹ,بے دلیل بات,اندھا شخص,C,درست جواب ہے: بے دلیل بات۔,"اردو محاورے, مشکل"
Q2081,📖 اردو محاورے,H,"""منہ دیکھتے رہ جانا"" کا مطلب کیا ہے؟",حیران ہو کر کچھ نہ کر پانا,بات کرنا,کھانا کھانا,سونا,A,"""منہ دیکھتے رہ جانا"" کا محاورتی مطلب ہے: حیران ہو کر کچھ نہ کر پانا۔","اردو محاورے, مشکل"
Q2082,⏳ 5 سیکنڈ چیلنج,H,"""سر"" لفظ اردو میں کتنے مختلف معنوں میں استعمال ہوتا ہے؟",4,"""6 سے زیادہ""",5,3,B,"درست جواب ہے: ""6 سے زیادہ""۔","5 سیکنڈ چیلنج, مشکل"
Q2083,👑 صرف ذہین لوگوں کے لیے,H,پاکستان کا دارالحکومت کب اسلام آباد منتقل ہوا؟,1947 میں,1980 میں,1960 کی دہائی میں,1971 میں,C,درست جواب ہے: 1960 کی دہائی میں۔,"صرف ذہین لوگوں کے لیے, مشکل"
Q2084,😈 ٹرک سوالات,H,اگر ایک شخص کے دونوں ہاتھوں میں 3،3 سیب ہیں اور جیب میں 2 سیب ہیں تو اس کے پاس کل کتنے سیب ہیں؟,6,5,8,7,C,دونوں ہاتھوں میں 6 اور جیب میں 2، کل 8 سیب۔,"ٹرک سوالات, مشکل"
Q2085,🎭 الفاظ کا جادو,H,علم کی روشنی سے کیا مراد ہے؟,علم سے ملنے والی سمجھ,چراغ,سورج,بجلی,A,علم جہالت کو دور کرتا ہے,"الفاظ کا جادو, مشکل"
Q2086,😈 ٹرک سوالات,H,5000 روپے پر 12% سالانہ کے حساب سے 3 سال کا سود کتنا بنے گا؟,1800,2000,1900,1700,A,سود = (اصل رقم × شرح × مدت)/100 = (5000×12×3)/100 = 1800 روپے۔,"ٹرک سوالات, مشکل"
Q2087,⏳ 5 سیکنڈ چیلنج,H,"اردو شاعری میں ""غزل"" کا لفظ اصل میں کس زبان سے آیا ہے؟",ترکی,سنسکرت,عربی,فارسی,C,درست جواب ہے: عربی۔,"5 سیکنڈ چیلنج, مشکل"
Q2088,🧠 99٪ لوگ غلط جواب دیتے ہیں,H,45، 48، 10، 86، 91 کا اوسط (average) کیا ہوگا؟,58,56,55,57,B,اوسط = تمام اعداد کا مجموعہ ÷ تعداد = 280/5 = 56۔,"99٪ لوگ غلط جواب دیتے ہیں, مشکل"
Q2089,🎭 الفاظ کا جادو,H,"لفظ ""بلند"" کا متضاد کیا ہے؟",اونچا,طاقتور,وسیع,نیچا,D,بلند کا متضاد نیچا ہے۔,"الفاظ کا جادو, مشکل"
Q2090,🧠 99٪ لوگ غلط جواب دیتے ہیں,H,ایک باغ میں 20 درخت ہیں۔ ہر درخت پر 5 سیب ہیں۔ اگر آدھے سیب کھا لیے جائیں تو کتنے سیب باقی رہیں گے؟,50,25,100,75,A,درست جواب ہے: 50۔,"99٪ لوگ غلط جواب دیتے ہیں, مشکل"
Q2091,📖 اردو محاورے,H,"""آسمان کے تارے توڑ لانا"" کا مطلب کیا ہے؟",رات کو سفر کرنا,ستارے دیکھنا,ناممکن کام کر دکھانا,خواب دیکھنا,C,"""آسمان کے تارے توڑ لانا"" کا محاورتی مطلب ہے: ناممکن کام کر دکھانا۔","اردو محاورے, مشکل"
Q2092,🧠 99٪ لوگ غلط جواب دیتے ہیں,H,اگر 5 مشینیں 5 منٹ میں 5 چیزیں بناتی ہیں، تو 100 مشینیں 5 منٹ میں کتنی چیزیں بنائیں گی؟,100,500,75,50,A,ایک مشین 5 منٹ میں ایک چیز بناتی ہے، اس لیے 100 مشینیں 5 منٹ میں 100 چیزیں بنائیں گی۔,"99٪ لوگ غلط جواب دیتے ہیں, مشکل"
Q2093,🤯 دماغ کا امتحان,H,دو ٹرینیں 50 اور 40 کلومیٹر فی گھنٹہ کی رفتار سے ایک دوسرے کی طرف آ رہی ہیں۔ ان کے درمیان فاصلہ 270 کلومیٹر ہے۔ وہ کتنے گھنٹوں میں ملیں گی؟,5,2,3,4,C,مجموعی رفتار = 50+40 = 90۔ وقت = فاصلہ/رفتار = 270/90 = 3 گھنٹے۔,"دماغ کا امتحان, مشکل"
Q2094,🎭 الفاظ کا جادو,H,"""بہادر"" کا مترادف کیا ہے؟",فلک,آتش,دلیر,سریع,C,"""بہادر"" کا مترادف ""دلیر"" ہے۔","الفاظ کا جادو, مشکل"
Q2095,👑 صرف ذہین لوگوں کے لیے,H,زمین سورج کے گرد ایک چکر کتنے دنوں میں مکمل کرتی ہے؟,360 دن,365 دن,300 دن,400 دن,B,درست جواب ہے: 365 دن۔,"صرف ذہین لوگوں کے لیے, مشکل"
Q2096,📖 اردو محاورے,H,"پاکستان کا ""سوئٹزرلینڈ"" عام طور پر کس علاقے کو کہا جاتا ہے؟",مری,ناران,سوات,ہنزہ,C,درست جواب ہے: سوات۔,"اردو محاورے, مشکل"
Q2097,🧠 99٪ لوگ غلط جواب دیتے ہیں,H,دو مقداروں کا تناسب 3:4 ہے۔ اگر کل مقدار 105 ہے تو پہلی مقدار کتنی ہوگی؟,45,47,43,60,A,کل حصے = 3+4 = 7۔ پہلی مقدار = (3/7)×105 = 45۔,"99٪ لوگ غلط جواب دیتے ہیں, مشکل"
Q2098,⏳ 5 سیکنڈ چیلنج,H,زمین سورج کے گرد ایک چکر کتنے عرصے میں مکمل کرتی ہے؟,365 دن,180 دن,400 دن,30 دن,A,زمین تقریباً 365 دن میں سورج کا ایک چکر مکمل کرتی ہے۔,"5 سیکنڈ چیلنج, مشکل"
Q2099,📖 اردو محاورے,H,"پاکستان کا ""پھولوں کا شہر"" کس شہر کو کہا جاتا ہے؟",پشاور,لاہور,فیصل آباد,پٹوکی,D,درست جواب ہے: پٹوکی۔,"اردو محاورے, مشکل"
Q2100,📖 اردو محاورے,H,"اردو شاعری کی مشہور صنف ""غزل"" کا مطلب کیا ہے؟",جنگ,داستان,گفتگو,محبت,C,درست جواب ہے: گفتگو۔,"اردو محاورے, مشکل"
Q2101,🎭 الفاظ کا جادو,H,"اردو لفظ ""تسکین"" کا متضاد کیا ہے؟",بے چینی,سکون,خوشی,غم,A,درست جواب ہے: بے چینی۔,"الفاظ کا جادو, مشکل"
Q2102,🧩 دلچسپ پہیلیاں,H,وہ کیا ہے جو ملنے پر خوشی اور بچھڑنے پر غم دیتا ہے مگر خود بےجان ہوتا ہے؟,پیسہ,کپڑا,کھلونا,پیارا تحفہ/خط,D,یہ ایک لطیف پہیلی ہے جس کا جواب ہے: پیارا تحفہ/خط۔,"دلچسپ پہیلیاں, مشکل"
Q2103,🎭 الفاظ کا جادو,H,لفظ نظر کا ایک معنی ہے دیکھنا دوسرا کیا ہے,راستہ,خیال,روشنی,آواز,B,نظر کا مطلب رائے یا خیال بھی ہوتا ہے۔,"الفاظ کا جادو, مشکل"
Q2104,👑 صرف ذہین لوگوں کے لیے,H,ڈاکٹر عبدالسلام کو نوبل انعام کس شعبے میں ملا؟,طب,امن,کیمسٹری,طبیعیات (فزکس),D,درست جواب ہے: طبیعیات (فزکس)۔,"صرف ذہین لوگوں کے لیے, مشکل"
Q2105,😈 ٹرک سوالات,H,ایک ٹرین 90 کلومیٹر فی گھنٹہ کی رفتار سے چل رہی ہے۔ 30 منٹ میں کتنے کلومیٹر جائے گی,90,60,30,45,D,90 کلومیٹر فی گھنٹہ کی رفتار سے آدھے گھنٹے میں 45 کلومیٹر طے ہوں گے۔,"ٹرک سوالات, مشکل"
Q2106,📖 اردو محاورے,H,اونٹ کے پاؤں میں زنجیر کا مطلب کیا ہے,آزادی,رکاوٹ,خوشی,تیزی,B,درست جواب ہے: رکاوٹ۔,"اردو محاورے, مشکل"
Q2107,👑 صرف ذہین لوگوں کے لیے,H,نماز کی فرض رکعتوں کی تعداد روزانہ کتنی ہے؟,20,24,15,17,D,پانچ فرض نمازوں کی مجموعی فرض رکعتیں 17 ہیں۔,"صرف ذہین لوگوں کے لیے, مشکل"
Q2108,🧩 دلچسپ پہیلیاں,H,وہ کون سی چیز ہے جو آپ کی ہے مگر زیادہ تر دوسرے لوگ استعمال کرتے ہیں؟,گاڑی,گھر,نام,کتاب,C,آپ کا نام زیادہ تر دوسرے لوگ لیتے ہیں۔,"دلچسپ پہیلیاں, مشکل"
Q2109,🎭 الفاظ کا جادو,H,"""تکبر"" کا مترادف کیا ہے؟",سڑاند,بھلائی,غرور,بھولا,C,"""تکبر"" کا مترادف ""غرور"" ہے۔","الفاظ کا جادو, مشکل"
Q2110,🤯 دماغ کا امتحان,H,ایک دکاندار 100 روپے کی چیز 20 فیصد ڈسکاؤنٹ پر بیچتا ہے۔ قیمت کیا ہوگی,90,80,70,60,B,100 روپے کا 20٪ = 20 روپے، اس لیے فروختی قیمت 80 روپے ہوگی۔,"دماغ کا امتحان, مشکل"
Q2111,🧠 99٪ لوگ غلط جواب دیتے ہیں,H,ایک انسان کے 2 والدین اور 4 دادا/نانا نانی ہوتے ہیں، اسی حساب سے 5ویں پشت میں کتنے آباؤ اجداد ہوں گے (نظریاتی طور پر)؟,62,32,64,30,A,غور سے سوچیں: درست جواب 62 ہے۔,"99٪ لوگ غلط جواب دیتے ہیں, مشکل"
Q2112,👑 صرف ذہین لوگوں کے لیے,H,مولانا محمد علی جوہر کس تحریک سے وابستہ تھے؟,تحریک پاکستان صرف,تحریک ریشمی رومال صرف,خاکسار تحریک,تحریک خلافت,D,درست جواب ہے: تحریک خلافت۔,"صرف ذہین لوگوں کے لیے, مشکل"
Q2113,🧠 99٪ لوگ غلط جواب دیتے ہیں,H,اگر 256GB اسٹوریج میں سے 60٪ استعمال ہو چکی ہو تو کتنی اسٹوریج خالی ہوگی؟,154GB,96GB,128GB,102.4GB (تقریباً 102GB),D,درست جواب ہے: 102.4GB (تقریباً 102GB)۔,"99٪ لوگ غلط جواب دیتے ہیں, مشکل"
Q2114,🎭 الفاظ کا جادو,H,"""استغاثہ"" کا متضاد کیا ہے؟",ثبوت,دفاع,مدعا علیہ,گواہی,B,درست جواب ہے: دفاع۔,"الفاظ کا جادو, مشکل"
Q2115,🤯 دماغ کا امتحان,H,ڈاکٹر نے 3 گولیاں دیں اور کہا ہر 30 منٹ بعد ایک گولی کھانی ہے۔ تینوں گولیاں کتنی دیر میں ختم ہوں گی؟,2 گھنٹے,1.5 گھنٹہ,1 گھنٹہ,30 منٹ,C,درست جواب ہے: 1 گھنٹہ۔,"دماغ کا امتحان, مشکل"
Q2116,🤯 دماغ کا امتحان,H,دو ٹرینیں 60 اور 20 کلومیٹر فی گھنٹہ کی رفتار سے ایک دوسرے کی طرف آ رہی ہیں۔ ان کے درمیان فاصلہ 240 کلومیٹر ہے۔ وہ کتنے گھنٹوں میں ملیں گی؟,3,4,5,2,A,مجموعی رفتار = 60+20 = 80۔ وقت = فاصلہ/رفتار = 240/80 = 3 گھنٹے۔,"دماغ کا امتحان, مشکل"
Q2117,⏳ 5 سیکنڈ چیلنج,H,ایک شخص کی 5 بیٹیاں ہیں اور ہر بیٹی کا ایک ہی بھائی ہے۔ کل بچے کتنے ہیں؟,10,"""6""",5,11,B,"درست جواب ہے: ""6""۔","5 سیکنڈ چیلنج, مشکل"
Q2118,🧠 99٪ لوگ غلط جواب دیتے ہیں,H,اگر آپ کے 1000 فالوورز ہیں اور ہر پوسٹ پر اوسطاً 10٪ لائکس آتے ہیں، تو 5 پوسٹس پر کل کتنے لائکس ہوں گے؟,1000,250,100,500,D,درست جواب ہے: 500۔,"99٪ لوگ غلط جواب دیتے ہیں, مشکل"
Q2119,🧩 دلچسپ پہیلیاں,H,وہ کیا ہے جو آپ سے آگے بھی چلتا ہے اور پیچھے بھی آتا ہے مگر کبھی آپ سے جدا نہیں ہوتا؟,ہوا,سایہ,یادیں,وقت,B,روشنی کی موجودگی میں سایہ ہمیشہ انسان کے ساتھ رہتا ہے۔,"دلچسپ پہیلیاں, مشکل"
Q2120,🎭 الفاظ کا جادو,H,حوصلہ مند کا متضاد کیا ہے؟,امیر,خوش,بہادر,بزدل,D,حوصلہ مند اور بزدل مخالف ہیں,"الفاظ کا جادو, مشکل"
Q2121,🧩 دلچسپ پہیلیاں,H,میں وہ ہوں جو آپ جتنا مجھے تلاش کریں گے، میں اتنا ہی دور ہوتا جاؤں گا، مگر میں افق یا سکون نہیں ہوں۔,خوشی,خواب,کامیابی,منزل,D,درست جواب ہے: منزل ________________۔,"دلچسپ پہیلیاں, مشکل"
Q2122,⏳ 5 سیکنڈ چیلنج,H,پاکستان کا سب سے بڑا صوبہ رقبے کے لحاظ سے کون سا ہے؟,پنجاب,خیبر پختونخوا,بلوچستان,سندھ,C,درست جواب ہے: بلوچستان۔,"5 سیکنڈ چیلنج, مشکل"
Q2123,🧩 دلچسپ پہیلیاں,H,میں وہ ہوں جو آپ جتنا مجھے بانٹیں گے، میں اتنا ہی بڑھتا جاؤں گا، مگر میں علم نہیں ہوں۔,محبت,خوشی,وقت,پیسہ,B,درست جواب ہے: خوشی ________________۔,"دلچسپ پہیلیاں, مشکل"
Q2124,😈 ٹرک سوالات,H,ایک لڑکی نے 3 سیب اٹھائے۔ اس کے 2 بھائی تھے۔ اس نے ہر بھائی کو ایک سیب دیا، پھر بھی اس کے پاس 2 سیب کیوں بچے؟,ایک بھائی موجود نہیں تھا,ایک سیب خود رکھ لیا,ایک سیب دو حصوں میں تقسیم کیا,ایک بھائی کو دو دیے,C,درست جواب ہے: ایک سیب دو حصوں میں تقسیم کیا۔,"ٹرک سوالات, مشکل"
Q2125,⏳ 5 سیکنڈ چیلنج,H,زمین کے ماحول میں سب سے زیادہ کون سی گیس پائی جاتی ہے؟,آکسیجن,ہیلیم,کاربن ڈائی آکسائیڈ,نائٹروجن,D,فضا کا تقریباً 78 فیصد حصہ نائٹروجن پر مشتمل ہے۔,"5 سیکنڈ چیلنج, مشکل"
Q2126,🧠 99٪ لوگ غلط جواب دیتے ہیں,H,5 مشینیں 5 منٹ میں 5 ٹافیاں بناتی ہیں، 100 مشینیں 100 ٹافیاں کتنے وقت میں بنائیں گی؟,20 منٹ,1 منٹ,5 منٹ,100 منٹ,C,ہر مشین 5 منٹ میں ایک ٹافی بناتی ہے۔,"99٪ لوگ غلط جواب دیتے ہیں, مشکل"
Q2127,👑 صرف ذہین لوگوں کے لیے,H,روز نئی خبریں شائع ہوتی ہیں مگر کاغذ استعمال نہیں ہوتا۔ کیا ہے؟,ٹی وی,ریڈیو,نیوز ویب سائٹ / ایپ,اخبار,C,درست جواب ہے: نیوز ویب سائٹ / ایپ۔,"صرف ذہین لوگوں کے لیے, مشکل"
Q2128,👑 صرف ذہین لوگوں کے لیے,H,ایک شخص تین دن سورج دیکھے بغیر سفر کرتا رہا۔ سب سے منطقی وجہ کیا ہے؟,غار میں رہتا تھا,زیرِ زمین تھا,سمندر میں تھا,قطبی علاقے میں تھا,D,درست جواب ہے: قطبی علاقے میں تھا۔,"صرف ذہین لوگوں کے لیے, مشکل"
Q2129,📖 اردو محاورے,H,"""گھاٹے کا سودا ہونا"" کا مطلب کیا ہے؟",خریداری کرنا,فائدہ مند کام ہونا,نقصان دہ معاملہ ہونا,سودا بیچنا,C,"""گھاٹے کا سودا ہونا"" کا محاورتی مطلب ہے: نقصان دہ معاملہ ہونا۔","اردو محاورے, مشکل"
Q2130,🎭 الفاظ کا جادو,H,"لفظ ""عین"" کا ایک مطلب کیا ہے",ہاتھ,آنکھ,پاؤں,کان,B,درست جواب ہے: آنکھ۔,"الفاظ کا جادو, مشکل"
Q2131,🧩 دلچسپ پہیلیاں,H,وہ کیا ہے جو انسان کے اندر رہ کر بھی اسے باہر کی دنیا سے جوڑتا ہے؟,سانس,خون,دل کی آواز/جذبہ,آنکھ,C,یہ ایک لطیف پہیلی ہے جس کا جواب ہے: دل کی آواز/جذبہ۔,"دلچسپ پہیلیاں, مشکل"
Q2132,🧩 دلچسپ پہیلیاں,H,وہ کون سی چیز ہے جو اکثر تب دی جاتی ہے جب آپ اسے نہیں چاہتے، اور جب چاہتے ہیں تو نہیں ملتی؟,نیند,"""مشورہ""",پیسہ,ٹکٹ,B,"درست جواب ہے: ""مشورہ""۔","دلچسپ پہیلیاں, مشکل"
Q2133,😈 ٹرک سوالات,H,دو باپ اور دو بیٹے مچھلیاں پکڑ رہے تھے۔ ہر ایک نے ایک مچھلی پکڑی مگر کل 3 مچھلیاں تھیں۔ کیوں؟,ایک مچھلی بھاگ گئی,ایک مچھلی مر گئی,ایک نے دو پکڑیں,"""وہ دادا، باپ اور پوتا تھے""",D,"درست جواب ہے: ""وہ دادا، باپ اور پوتا تھے""۔","ٹرک سوالات, مشکل"
Q2134,⏳ 5 سیکنڈ چیلنج,H,تین ڈاکٹر کہتے ہیں کہ علی ان کا بھائی ہے، مگر علی کہتا ہے کہ میرا کوئی بھائی نہیں۔ یہ کیسے ممکن ہے؟,تینوں ڈاکٹر علی کی بہنیں ہیں,وہ اس کے دوست ہیں,یہ خواب ہے,علی جھوٹ بول رہا ہے,A,درست جواب ہے: تینوں ڈاکٹر علی کی بہنیں ہیں۔,"5 سیکنڈ چیلنج, مشکل"
Q2135,🤯 دماغ کا امتحان,H,ایک کمرے میں 5 افراد ہیں، اگر ہر ایک دوسرے سے ایک بار ہاتھ ملائے تو کل کتنے مصافحے ہوں گے؟,25,15,5,10,D,کل مصافحے = n(n-1)/2 = 5×4/2 = 10۔,"دماغ کا امتحان, مشکل"
Q2136,🧠 99٪ لوگ غلط جواب دیتے ہیں,H,10000 روپے پر 10% سالانہ کے حساب سے 1 سال کا سود کتنا بنے گا؟,1200,1000,900,1100,B,سود = (اصل رقم × شرح × مدت)/100 = (10000×10×1)/100 = 1000 روپے۔,"99٪ لوگ غلط جواب دیتے ہیں, مشکل"
Q2137,🧠 99٪ لوگ غلط جواب دیتے ہیں,H,ایک کلاس میں 100 طلباء ہیں، جن میں 65 فیصد لڑکیاں ہیں۔ لڑکوں کی تعداد کتنی ہے؟,45,25,55,35,D,درست جواب ہے: 35۔,"99٪ لوگ غلط جواب دیتے ہیں, مشکل"
Q2138,🤯 دماغ کا امتحان,H,ایک آدمی نے 10 منٹ میں 10 درخت لگائے۔ اسی رفتار سے 60 درخت کتنے منٹ میں لگائے گا؟,10 منٹ,600 منٹ,60 منٹ,1 منٹ,A,درست جواب ہے: 10 منٹ۔,"دماغ کا امتحان, مشکل"
Q2139,🎭 الفاظ کا جادو,H,"اردو لفظ ""عقیدت"" کا مترادف کیا ہے؟",غصہ,ڈر,احترام و محبت,نفرت,C,درست جواب ہے: احترام و محبت۔,"الفاظ کا جادو, مشکل"
Q2140,📖 اردو محاورے,H,"""جوتیوں میں دال بٹنا"" کا مطلب کیا ہے؟",آپس میں شدید اختلاف یا جھگڑا ہونا,صلح ہو جانا,کھانا پکانا,اتفاق ہونا,A,"""جوتیوں میں دال بٹنا"" کا محاورتی مطلب ہے: آپس میں شدید اختلاف یا جھگڑا ہونا۔","اردو محاورے, مشکل"
Q2141,🧩 دلچسپ پہیلیاں,H,میں وہ ہوں جو آپ کے بغیر آپ کا کوئی وجود نہیں، مگر آپ مجھے دیکھ نہیں سکتے، اور میں نام، روح یا سانس نہیں ہوں۔,سائے,خون,سایہ,آواز,D,درست جواب ہے: آواز ________________۔,"دلچسپ پہیلیاں, مشکل"
Q2142,🧠 99٪ لوگ غلط جواب دیتے ہیں,H,5000 روپے پر 12% سالانہ کے حساب سے 2 سال کا سود کتنا بنے گا؟,1200,1100,1400,1300,A,سود = (اصل رقم × شرح × مدت)/100 = (5000×12×2)/100 = 1200 روپے۔,"99٪ لوگ غلط جواب دیتے ہیں, مشکل"
Q2143,😈 ٹرک سوالات,H,آپ کی جیب میں دو سکے ہیں جن کی کل قیمت 30 روپے ہے۔ ایک سکہ 10 روپے کا نہیں۔ دونوں سکے کون سے ہیں؟,20 اور 10 روپے,15 اور 15 روپے,25 اور 5 روپے,30 اور 0 روپے,A,درست جواب ہے: 20 اور 10 روپے۔,"ٹرک سوالات, مشکل"
Q2144,🧩 دلچسپ پہیلیاں,H,وہ کیا ہے جو ہمیشہ آپ کے ساتھ چلتی ہے مگر کبھی آپ سے آگے نہیں جاتی,سایہ,ہوا,وقت,دوست,A,سایہ ہمیشہ ساتھ رہتا ہے مگر خود آگے نہیں نکلتا۔,"دلچسپ پہیلیاں, مشکل"
Q2145,⏳ 5 سیکنڈ چیلنج,H,ایک آدمی کی 5 بیٹیاں ہیں اور ہر بیٹی کا ایک ہی بھائی ہے۔ اس آدمی کے کل کتنے بچے ہیں؟,6,7,10,5,A,درست جواب ہے: 6۔,"5 سیکنڈ چیلنج, مشکل"
Q2146,🧩 دلچسپ پہیلیاں,H,ایسی کون سی چیز ہے جسے جتنا صاف کرو وہ اتنی ہی چھوٹی ہوتی جاتی ہے؟,پانی,صابن,آئینہ,کپڑا,B,صابن استعمال سے گھستا ہے,"دلچسپ پہیلیاں, مشکل"
Q2147,😈 ٹرک سوالات,H,دو ٹرینیں 45 اور 30 کلومیٹر فی گھنٹہ کی رفتار سے ایک دوسرے کی طرف آ رہی ہیں، درمیانی فاصلہ 225 کلومیٹر ہے (سیٹ 8)۔ کتنے گھنٹوں میں ملیں گی؟,2,3,4,5,B,وقت = فاصلہ/مجموعی رفتار = 225/75 = 3 گھنٹے۔,"ٹرک سوالات, مشکل"
Q2148,🤯 دماغ کا امتحان,H,اگر ایک کار 80 کلومیٹر فی گھنٹہ کی رفتار سے 2 گھنٹے چلے تو کتنی دوری طے کرے گی؟,120 کلومیٹر,140 کلومیٹر,160 کلومیٹر,180 کلومیٹر,C,80 × 2 = 160 کلومیٹر۔,"دماغ کا امتحان, مشکل"
Q2149,📖 اردو محاورے,H,"""اپنا الو سیدھا کرنا"" محاورے کا مطلب؟",صفائی کرنا,سیدھا راستہ اختیار کرنا,پرندے پالنا,صرف اپنا فائدہ حاصل کرنا,D,درست جواب ہے: صرف اپنا فائدہ حاصل کرنا۔,"اردو محاورے, مشکل"
Q2150,👑 صرف ذہین لوگوں کے لیے,H,پاکستان میں پہلی بار ٹیلی ویژن کی نشریات کب شروع ہوئیں,1962,1964,1966,1968,B,پاکستان ٹیلی ویژن کی نشریات 1964 میں شروع ہوئیں۔,"صرف ذہین لوگوں کے لیے, مشکل"
Q2151,📖 اردو محاورے,H,"پاکستان کا ""پھولوں کا شہر"" کسے کہا جاتا ہے؟",پٹوکی,فیصل آباد,لاہور,پشاور,A,درست جواب ہے: پٹوکی۔,"اردو محاورے, مشکل"
Q2152,📖 اردو محاورے,H,"""اندھے کے ہاتھ بٹیر لگنا"" کب کہا جاتا ہے؟",محنت سے کامیابی ملے,بغیر کوشش اچانک کامیابی مل جائے,شکار کرنا سیکھنا,پرندہ پکڑنا,B,اتفاق سے بڑی چیز مل جانا۔,"اردو محاورے, مشکل"
Q2153,⏳ 5 سیکنڈ چیلنج,H,پاکستان میں کون سی جگہ دنیا کا سب سے بلند پولو گراؤنڈ رکھتی ہے جہاں بلند ترین سطح پر پولو کھیلا جاتا ہے؟,خنجراب,شندور ٹاپ,ناران,بابوسر ٹاپ,B,درست جواب ہے: شندور ٹاپ۔,"5 سیکنڈ چیلنج, مشکل"
Q2154,🤯 دماغ کا امتحان,H,100 روپے کی چیز 80 میں بیچی، پھر 80 کی چیز 100 میں بیچی۔ مجموعی نتیجہ؟,10٪ فائدہ,4٪ نقصان,برابر,20٪ فائدہ,B,درست جواب ہے: 4٪ نقصان۔,"دماغ کا امتحان, مشکل"
Q2155,⏳ 5 سیکنڈ چیلنج,H,دنیا کی سب سے لمبی سڑکوں میں سے ایک پین امریکن ہائی وے کہاں واقع ہے؟,امریکہ سے جنوبی امریکہ تک,پاکستان,چین,روس,A,درست جواب ہے: امریکہ سے جنوبی امریکہ تک۔,"5 سیکنڈ چیلنج, مشکل"
Q2156,📖 اردو محاورے,H,"آنکھیں محاورہ ""آنکھیں بچانا"" کا مطلب کیا ہے؟",رو پڑنا,آنکھیں پھاڑنا,خوش ہونا,نظر بچانا,D,درست جواب ہے: نظر بچانا۔,"اردو محاورے, مشکل"
Q2157,🎭 الفاظ کا جادو,H,"لفظ ""نفع"" کا متضاد کیا ہے؟",نقصان,سرمایہ,فائدہ,آمدنی,A,نفع کا متضاد نقصان ہے۔,"الفاظ کا جادو, مشکل"
Q2158,⏳ 5 سیکنڈ چیلنج,H,میں بولتا نہیں مگر ہزاروں کہانیاں سناتا ہوں۔ میں کیا ہوں؟,کتاب,ریڈیو,ٹی وی,فون,A,درست جواب ہے: کتاب۔,"5 سیکنڈ چیلنج, مشکل"
Q2159,😈 ٹرک سوالات,H,باپ اور بیٹے کی عمروں کا مجموعہ 80 سال ہے۔ باپ بیٹے سے 3 گنا بڑا ہے۔ بیٹے کی عمر کیا ہے؟,20,22,18,25,A,بیٹا + باپ = 80، باپ = 3×بیٹا، لہٰذا بیٹا = 80/4 = 20 سال۔,"ٹرک سوالات, مشکل"
Q2160,🎭 الفاظ کا جادو,H,"لفظ ""وسیع"" کا متضاد کیا ہے؟",کشادہ,اونچا,تنگ,لمبا,C,وسیع کا متضاد تنگ ہے۔,"الفاظ کا جادو, مشکل"
Q2161,🧩 دلچسپ پہیلیاں,H,وہ کون سی چیز ہے جو آپ کے پاس ہوتی ہے لیکن دوسرے لوگ اسے آپ سے زیادہ استعمال کرتے ہیں؟,نام,گاڑی,فون,گھر,A,آپ کا نام زیادہ تر دوسرے لوگ لیتے ہیں۔,"دلچسپ پہیلیاں, مشکل"
Q2162,🧠 99٪ لوگ غلط جواب دیتے ہیں,H,ایک چیز 100 روپے میں خرید کر 130 روپے میں بیچی گئی۔ نفع کی شرح کتنی فیصد ہے؟,40%,25%,35%,30%,D,نفع = 130-100 = 30 روپے۔ نفع فیصد = (30/100)×100 = 30%۔,"99٪ لوگ غلط جواب دیتے ہیں, مشکل"
Q2163,🧠 99٪ لوگ غلط جواب دیتے ہیں,H,ایک جہاز میں 100 مسافر ہیں۔ 60 اردو، 50 انگریزی بولتے ہیں اور 20 دونوں نہیں بولتے۔ دونوں زبانیں بولنے والے کتنے ہیں؟,40,30,20,50,B,درست جواب ہے: 30۔,"99٪ لوگ غلط جواب دیتے ہیں, مشکل"
Q2164,📖 اردو محاورے,H,"""پیٹ پھاڑ کر دیکھنا"" کا مطلب کیا ہے؟",سرجری کرنا,کھانا کھانا,بھوکا رہنا,حقیقت کو گہرائی سے جاننے کی کوشش کرنا,D,"""پیٹ پھاڑ کر دیکھنا"" کا محاورتی مطلب ہے: حقیقت کو گہرائی سے جاننے کی کوشش کرنا۔","اردو محاورے, مشکل"
Q2165,🧩 دلچسپ پہیلیاں,H,وہ کون سی چیز ہے جو جتنی زیادہ صاف کی جائے اتنی ہی گندی ہو جاتی ہے؟,کپڑا,جھاڑو,پانی,صابن,B,جھاڑو صفائی کرتے کرتے خود گندا ہو جاتا ہے۔,"دلچسپ پہیلیاں, مشکل"
Q2166,📖 اردو محاورے,H,"""دو کشتیوں میں سوار ہونا"" کا مطلب کیا ہے؟",تیراکی سیکھنا,سفر پر جانا,محفوظ رہنا,ایک وقت میں دو مخالف کاموں میں الجھے رہنا,D,"""دو کشتیوں میں سوار ہونا"" کا محاورتی مطلب ہے: ایک وقت میں دو مخالف کاموں میں الجھے رہنا۔","اردو محاورے, مشکل"
Q2167,⏳ 5 سیکنڈ چیلنج,H,"اردو میں ""شعر"" لفظ کس زبان سے آیا ہے اور اس کا بنیادی تعلق کس چیز سے ہے؟",ترکی زبان سے,فارسی زبان سے,ہندی زبان سے,عربی زبان سے,D,درست جواب ہے: عربی زبان سے۔,"5 سیکنڈ چیلنج, مشکل"
Q2168,📖 اردو محاورے,H,"""جھوٹ کے پاؤں نہیں ہوتے"" کا مطلب کیا ہے؟",جھوٹ بولنا آسان ہے,جھوٹا چل نہیں سکتا,جھوٹ ہمیشہ جیتتا ہے,جھوٹ زیادہ دیر قائم نہیں رہتا,D,جھوٹ آخرکار ظاہر ہو جاتا ہے۔,"اردو محاورے, مشکل"
Q2169,🎭 الفاظ کا جادو,H,لفظ نیر کے دو مشہور معنی کون سے ہیں؟,پانی اور آگ,رات اور دن,چاند اور ستارہ,سورج اور آنسو,D,درست جواب ہے: سورج اور آنسو۔,"الفاظ کا جادو, مشکل"
Q2170,😈 ٹرک سوالات,H,دو مقداروں کا تناسب 6:5 ہے۔ اگر کل مقدار 33 ہے تو پہلی مقدار کتنی ہوگی؟,15,20,18,16,C,کل حصے = 6+5 = 11۔ پہلی مقدار = (6/11)×33 = 18۔,"ٹرک سوالات, مشکل"
Q2171,📖 اردو محاورے,H,"""پیٹھ پیچھے وار کرنا"" کا مطلب کیا ہے؟",دوستی نبھانا,غیر موجودگی میں نقصان پہنچانا,سفر کرنا,سامنے مدد کرنا,B,"""پیٹھ پیچھے وار کرنا"" کا محاورتی مطلب ہے: غیر موجودگی میں نقصان پہنچانا۔","اردو محاورے, مشکل"
Q2172,🧩 دلچسپ پہیلیاں,H,وہ کیا ہے جو بڑھتی بھی ہے اور گھٹتی بھی ہے مگر ہمیشہ ایک ہی رہتی ہے؟,سورج,چاند,بادل,ہوا,B,چاند کی شکل بدلتی رہتی ہے مگر چاند وہی رہتا ہے۔,"دلچسپ پہیلیاں, مشکل"
Q2173,👑 صرف ذہین لوگوں کے لیے,H,کہکشاں جس میں ہماری زمین واقع ہے اس کا نام کیا ہے؟,وہرل پول,ملکی وے (آکاشگنگا),سومبریرو,اینڈرومیڈا,B,درست جواب ہے: ملکی وے (آکاشگنگا)۔,"صرف ذہین لوگوں کے لیے, مشکل"
Q2174,😈 ٹرک سوالات,H,ایک تھیلے میں 5 سرخ اور 6 نیلی گیندیں ہیں۔ بغیر دیکھے ایک گیند نکالنے پر سرخ گیند نکلنے کا امکان کتنے میں سے کتنا ہے؟,11/5,5/11,6/11,5/6,B,کل گیندیں 11 ہیں جن میں سے 5 سرخ ہیں، اس لیے امکان 5/11 ہے۔,"ٹرک سوالات, مشکل"
Q2175,🧠 99٪ لوگ غلط جواب دیتے ہیں,H,10 منٹ میں 10 درخت لگتے ہیں۔ اسی رفتار سے 60 درخت کتنے منٹ میں لگیں گے؟,10,100,60,30,C,درست جواب ہے: 60۔,"99٪ لوگ غلط جواب دیتے ہیں, مشکل"
Q2176,🧠 99٪ لوگ غلط جواب دیتے ہیں,H,اگر ایک گاڑی 80 کلومیٹر فی گھنٹہ کی رفتار سے 3 گھنٹے چلے تو کتنی دوری طے کرے گی؟,160,240,260,220,B,80 × 3 = 240 کلومیٹر۔,"99٪ لوگ غلط جواب دیتے ہیں, مشکل"
Q2177,👑 صرف ذہین لوگوں کے لیے,H,اردو شاعری کی وہ صنف جس میں قافیہ ردیف ہوتا ہے؟,تقریر,غزل,داستان,مضمون,B,درست جواب ہے: غزل۔,"صرف ذہین لوگوں کے لیے, مشکل"
Q2178,⏳ 5 سیکنڈ چیلنج,H,پاکستان میں دنیا کا سب سے نوجوان (Youngest) پہاڑی سلسلہ کون سا سمجھا جاتا ہے؟,"""قراقرم""",ہندوکش,سلیمان,ہمالیہ,A,"درست جواب ہے: ""قراقرم""۔","5 سیکنڈ چیلنج, مشکل"
Q2179,🤯 دماغ کا امتحان,H,"2026 میں دنیا کا پہلا AI ماڈل جس نے ""Creative Writing"" میں انسانوں کو شکست دی، اس کا نام کیا ہے؟",GPT-5,LLaMA 3,Claude 3,Gemini Ultra,A,درست جواب ہے: GPT-5 ________________۔,"دماغ کا امتحان, مشکل"
Q2180,⏳ 5 سیکنڈ چیلنج,H,پودے سورج کی روشنی سے اپنی غذا بنانے کے عمل کو کیا کہتے ہیں؟,ضیائی تالیف,تبخیر,تنفس,ہاضمہ,A,درست جواب ہے: ضیائی تالیف۔,"5 سیکنڈ چیلنج, مشکل"
Q2181,🎭 الفاظ کا جادو,H,"""عبادت"" کا مترادف کیا ہے؟",بندگی,جرات,سعی,تعجب,A,"""عبادت"" کا مترادف ""بندگی"" ہے۔","الفاظ کا جادو, مشکل"
Q2182,🎭 الفاظ کا جادو,H,"لفظ ""وسیع"" کا مترادف کیا ہے؟",باریک,کشادہ,تنگ,چھوٹا,B,وسیع کا مطلب کشادہ یا بڑا ہوتا ہے۔,"الفاظ کا جادو, مشکل"
Q2183,🧩 دلچسپ پہیلیاں,H,وہ کون سی چیز ہے جو جتنی زیادہ خشک ہوتی ہے اتنا ہی زیادہ پانی جذب کرتی ہے؟,لکڑی,کپڑا,شیشہ,ریت,B,درست جواب ہے: کپڑا۔,"دلچسپ پہیلیاں, مشکل"
Q2184,👑 صرف ذہین لوگوں کے لیے,H,قائد اعظم محمد علی جناح کا یوم پیدائش کب ہے؟,14 اگست,25 دسمبر,23 مارچ,9 نومبر,B,درست جواب ہے: 25 دسمبر۔,"صرف ذہین لوگوں کے لیے, مشکل"
Q2185,⏳ 5 سیکنڈ چیلنج,H,پاکستان کا مستقبل کا اہم گہرے پانی کا بندرگاہی شہر کون سا ہے؟,گوادر,سوات,مری,ہنزہ,A,درست جواب ہے: گوادر۔,"5 سیکنڈ چیلنج, مشکل"
Q2186,👑 صرف ذہین لوگوں کے لیے,H,1992 کرکٹ ورلڈ کپ کا فائنل کس شہر میں کھیلا گیا,سڈنی,لاہور,کراچی,میلبورن,D,1992 کا ورلڈ کپ فائنل آسٹریلیا کے شہر میلبورن میں کھیلا گیا تھا۔,"صرف ذہین لوگوں کے لیے, مشکل"
Q2187,👑 صرف ذہین لوگوں کے لیے,H,پاکستان اور چین کو ملانے والی مشہور شاہراہ کون سی ہے,مکران کوسٹل ہائی وے,جی ٹی روڈ,موٹروے M2,قراقرم ہائی وے,D,قراقرم ہائی وے پاکستان اور چین کو ملاتی ہے۔,"صرف ذہین لوگوں کے لیے, مشکل"
Q2188,🤯 دماغ کا امتحان,H,ایک چڑیا 20 فٹ گہری کھود میں گر گئی۔ روزانہ 3 فٹ اوپر چڑھتی ہے 2 فٹ نیچے سرک جاتی ہے۔ کتنے دن میں باہر نکلے گی؟,22 دن,17 دن,20 دن,18 دن,B,درست جواب ہے: 17 دن۔,"دماغ کا امتحان, مشکل"
Q2189,⏳ 5 سیکنڈ چیلنج,H,ایک آدمی نے 2 گلاس پانی پئے۔ ایک میں زہر تھا اور ایک میں نہیں۔ وہ کیوں نہیں مرا؟,زہر والا گلاس پیا ہی نہیں,زہر والا بعد میں پیا,دوسرا گلاس بچا گیا,زہر کم تھا,A,درست جواب ہے: زہر والا گلاس پیا ہی نہیں۔,"5 سیکنڈ چیلنج, مشکل"
Q2190,⏳ 5 سیکنڈ چیلنج,H,دنیا کا سب سے لمبا دریا عام طور پر کون سا مانا جاتا ہے؟,دریائے نیل,دریائے ایمیزون,دریائے یانگسی,دریائے سندھ,A,روایتی عمومی معلومات کے مطابق دریائے نیل دنیا کا سب سے لمبا دریا مانا جاتا ہے۔,"5 سیکنڈ چیلنج, مشکل"
Q2191,🧩 دلچسپ پہیلیاں,H,وہ کیا ہے جو ہمیشہ آپ کے ساتھ چلتا ہے مگر اندھیرے میں غائب ہو جاتا ہے؟,ہوا,روشنی,سایہ,وقت,C,سایہ روشنی میں نظر آتا ہے اور اندھیرے میں غائب ہو جاتا ہے۔,"دلچسپ پہیلیاں, مشکل"
Q2192,🧩 دلچسپ پہیلیاں,H,میں وہ ہوں جو آپ کے بغیر آپ کا کوئی وجود نہیں، مگر آپ مجھے دیکھ نہیں سکتے، اور میں نام نہیں ہوں۔,سایہ,سانس,روح,خون,C,درست جواب ہے: روح ________________۔,"دلچسپ پہیلیاں, مشکل"
Q2193,😈 ٹرک سوالات,H,"ایک باپ اور بیٹا حادثے کا شکار ہوئے۔ باپ فوت ہوگیا۔ ڈاکٹر نے زخمی بچے کو دیکھ کر کہا: ""یہ میرا بیٹا ہے۔"" ڈاکٹر کون تھا؟",باپ کا دوست,گود لینے والا باپ,ڈاکٹر جھوٹ بول رہا تھا,بچے کی ماں,D,درست جواب ہے: بچے کی ماں۔,"ٹرک سوالات, مشکل"
Q2194,📖 اردو محاورے,H,"""دودھ کا جلا چھاچھ بھی پھونک پھونک کر پیتا ہے"" کا کیا مطلب ہے؟",ایک بار نقصان اٹھانے کے بعد محتاط ہو جانا,بھوک لگنا,ڈرپوک ہونا,جلدی کرنا,A,درست جواب ہے: ایک بار نقصان اٹھانے کے بعد محتاط ہو جانا۔,"اردو محاورے, مشکل"
Q2195,📖 اردو محاورے,H,"""دیوار کے بھی کان ہوتے ہیں"" کا مطلب کیا ہے؟",دیواریں بہری ہوتی ہیں,راز چھپا نہیں رہتا,کوئی نہیں سنتا,گھر مضبوط ہے,B,"""دیوار کے بھی کان ہوتے ہیں"" کا محاورتی مطلب ہے: راز چھپا نہیں رہتا۔","اردو محاورے, مشکل"
Q2196,👑 صرف ذہین لوگوں کے لیے,H,پاکستان کا پہلا سائنسدان جسے نوبل انعام ملا؟,ڈاکٹر عطاالرحمن,ڈاکٹر عبدالسلام,ڈاکٹر عبدالقدیر خان,ڈاکٹر ثمر مبارک,B,درست جواب ہے: ڈاکٹر عبدالسلام۔,"صرف ذہین لوگوں کے لیے, مشکل"
Q2197,📖 اردو محاورے,H,"پاکستان کا ""اسٹیل سٹی"" کس شہر کو کہا جاتا ہے؟",لاہور,پشاور,اسلام آباد,کراچی,D,درست جواب ہے: کراچی۔,"اردو محاورے, مشکل"
Q2198,👑 صرف ذہین لوگوں کے لیے,H,کائنات میں سب سے زیادہ پایا جانے والا عنصر کون سا ہے؟,ہائیڈروجن,کاربن,ہیلیم,آکسیجن,A,درست جواب ہے: ہائیڈروجن۔,"صرف ذہین لوگوں کے لیے, مشکل"
Q2199,👑 صرف ذہین لوگوں کے لیے,H,پاکستان کے پرچم میں چاند ستارہ کس چیز کی علامت ہے؟,آزادی,اتحاد,ترقی اور روشنی,طاقت,C,درست جواب ہے: ترقی اور روشنی۔,"صرف ذہین لوگوں کے لیے, مشکل"
Q2200,🧩 دلچسپ پہیلیاں,H,ایک چیز ہے جو ٹوٹ جائے تو اس کا نام لینا بھی اسے دوبارہ توڑ دیتا ہے۔ وہ کیا ہے؟,آئینہ,خاموشی,شیشہ,خواب,B,درست جواب ہے: خاموشی۔,"دلچسپ پہیلیاں, مشکل"
Q2201,👑 صرف ذہین لوگوں کے لیے,H,سب سے تیز دوڑنے والا زمینی جانور کون سا ہے؟,ہرن,گھوڑا,چیتا,شیر,C,درست جواب ہے: چیتا۔,"صرف ذہین لوگوں کے لیے, مشکل"
Q2202,🧩 دلچسپ پہیلیاں,H,وہ کون سی چیز ہے جو کبھی بھوکی نہیں ہوتی مگر ہمیشہ کھاتی رہتی ہے؟,ہوا,پانی,مٹی,آگ,D,یہ ایک لطیف پہیلی ہے جس کا جواب ہے: آگ۔,"دلچسپ پہیلیاں, مشکل"
Q2203,🤯 دماغ کا امتحان,H,ایک جہاز میں 100 مسافر ہیں۔ 60 اردو، 50 انگریزی بولتے ہیں جبکہ 20 دونوں زبانیں نہیں بولتے۔ دونوں زبانیں بولنے والے کتنے ہیں؟,20,50,30,40,C,درست جواب ہے: 30۔,"دماغ کا امتحان, مشکل"
Q2204,📖 اردو محاورے,H,دھوبی کا کتا گھر کا نہ گھاٹ کا مطلب؟,بے وفا,وفادار,نہ ادھر کا نہ ادھر کا,بے گھر,C,کسی کام کا نہ رہنا,"اردو محاورے, مشکل"
Q2205,🧩 دلچسپ پہیلیاں,H,وہ کون سی چیز ہے جو اوپر بھی جاتی ہے اور نیچے بھی آتی ہے مگر اپنی جگہ سے نہیں ہٹتی؟,لفٹ,جھولا,سیڑھی,دروازہ,C,سیڑھی پر لوگ اوپر نیچے جاتے ہیں مگر سیڑھی اپنی جگہ رہتی ہے۔,"دلچسپ پہیلیاں, مشکل"
Q2206,🧠 99٪ لوگ غلط جواب دیتے ہیں,H,دو ٹرینیں 60 اور 50 کلومیٹر فی گھنٹہ کی رفتار سے ایک دوسرے کی طرف آ رہی ہیں۔ ان کے درمیان فاصلہ 330 کلومیٹر ہے۔ وہ کتنے گھنٹوں میں ملیں گی؟,3,4,5,2,A,مجموعی رفتار = 60+50 = 110۔ وقت = فاصلہ/رفتار = 330/110 = 3 گھنٹے۔,"99٪ لوگ غلط جواب دیتے ہیں, مشکل"
Q2207,👑 صرف ذہین لوگوں کے لیے,H,پاکستان کی معیشت میں سب سے بڑا حصہ کس شعبے کا ہے؟,خدمات کا شعبہ,زراعت,کان کنی,صنعت,A,درست جواب ہے: خدمات کا شعبہ۔,"صرف ذہین لوگوں کے لیے, مشکل"
Q2208,🧩 دلچسپ پہیلیاں,H,وہ کون سی چیز ہے جو ایک جگہ سے دوسری جگہ سفر کرتی ہے مگر خود کبھی نہیں چلتی؟,ٹرین,خبر/آواز,سائیکل,کار,B,یہ ایک لطیف پہیلی ہے جس کا جواب ہے: خبر/آواز۔,"دلچسپ پہیلیاں, مشکل"
Q2209,📖 اردو محاورے,H,"پاکستان کا ""کھیلوں کا شہر"" کس شہر کو کہا جاتا ہے؟",لاہور,فیصل آباد,کراچی,سیالکوٹ,D,درست جواب ہے: سیالکوٹ۔,"اردو محاورے, مشکل"
Q2210,🧩 دلچسپ پہیلیاں,H,میرے پاس چابیاں ہیں مگر میں کوئی تالا نہیں کھول سکتا۔ میں کیا ہوں؟,پیانو,کی بورڈ,نقشہ,گھڑی,A,درست جواب ہے: پیانو۔,"دلچسپ پہیلیاں, مشکل"
Q2211,📖 اردو محاورے,H,"""ایک ہاتھ سے تالی نہیں بجتی"" کا مطلب؟",دو طرفہ تعاون یا شمولیت ضروری ہے,تنہائی,کامیابی,موسیقی,A,درست جواب ہے: دو طرفہ تعاون یا شمولیت ضروری ہے۔,"اردو محاورے, مشکل"
Q2212,🧩 دلچسپ پہیلیاں,H,وہ کون سی چیز ہے جو استعمال کرنے سے پہلے توڑی جاتی ہے مگر پھینکی نہیں جاتی؟,انڈا,گلاس,کیلا,بوتل,A,یہ ایک لطیف پہیلی ہے جس کا جواب ہے: انڈا۔,"دلچسپ پہیلیاں, مشکل"
Q2213,🧠 99٪ لوگ غلط جواب دیتے ہیں,H,ایک چیز 100 روپے میں خرید کر 110 روپے میں بیچی گئی۔ نفع کی شرح کتنی فیصد ہے؟,5%,10%,20%,15%,B,نفع = 110-100 = 10 روپے۔ نفع فیصد = (10/100)×100 = 10%۔,"99٪ لوگ غلط جواب دیتے ہیں, مشکل"
Q2214,👑 صرف ذہین لوگوں کے لیے,H,پاکستان کا نمک کا سب سے بڑا ذخیرہ کہاں پایا جاتا ہے؟,کوئٹہ,گلگت,کھیوڑہ (پنجاب),سکھر,C,درست جواب ہے: کھیوڑہ (پنجاب)۔,"صرف ذہین لوگوں کے لیے, مشکل"
Q2215,📖 اردو محاورے,H,"اردو میں ""غزل"" لفظ کس زبان سے آیا اور اصل مطلب کیا تھا؟",سنسکرت سے — گانا,عربی سے — عورتوں سے بات کرنا,فارسی سے — محبت,ترکی سے — آہستہ بات,B,درست جواب ہے: عربی سے — عورتوں سے بات کرنا۔,"اردو محاورے, مشکل"
Q2216,🧠 99٪ لوگ غلط جواب دیتے ہیں,H,ایک چیز کی قیمت 250 روپے ہے۔ اس پر 25% رعایت ملے تو ادا کی جانے والی رقم کتنی ہوگی؟,178,198,188,250,C,25% رعایت = 62 روپے، لہٰذا ادا کی جانے والی رقم = 250 - 62 = 188 روپے۔,"99٪ لوگ غلط جواب دیتے ہیں, مشکل"
Q2217,🧠 99٪ لوگ غلط جواب دیتے ہیں,H,اگر 2+3=10، 7+2=63، 6+5=66، 8+4=96، تو اسی اصول کے مطابق 9+7=?,144,63,112,81,A,درست جواب ہے: 144۔,"99٪ لوگ غلط جواب دیتے ہیں, مشکل"
Q2218,🤯 دماغ کا امتحان,H,اگر 200 روپے کی چیز 300 روپے میں فروخت کی جائے تو منافع کتنے فیصد ہوگا؟,25%,33.33%,50%,100%,C,درست جواب ہے: 50%۔,"دماغ کا امتحان, مشکل"
Q2219,🤯 دماغ کا امتحان,H,100 مسافروں میں 60 اردو، 50 انگریزی اور 20 دونوں زبانیں نہیں بولتے۔ دونوں زبانیں کتنے لوگ بولتے ہیں؟,"""30""",40,20,50,A,"درست جواب ہے: ""30""۔","دماغ کا امتحان, مشکل"
Q2220,📖 اردو محاورے,H,"""سر آنکھوں پر بٹھانا"" کا مطلب کیا ہے؟",نظر انداز کرنا,ڈانٹنا,بہت عزت و احترام دینا,ناراض ہونا,C,"""سر آنکھوں پر بٹھانا"" کا محاورتی مطلب ہے: بہت عزت و احترام دینا۔","اردو محاورے, مشکل"
Q2221,🤯 دماغ کا امتحان,H,دو مقداروں کا تناسب 5:3 ہے۔ اگر کل مقدار 112 ہے تو پہلی مقدار کتنی ہوگی؟,72,70,42,68,B,کل حصے = 5+3 = 8۔ پہلی مقدار = (5/8)×112 = 70۔,"دماغ کا امتحان, مشکل"
Q2222,😈 ٹرک سوالات,H,ٹرین کھمبے کو 10 سیکنڈ اور پلیٹ فارم کو 20 سیکنڈ میں پار کرتی ہے۔ پلیٹ فارم کی لمبائی کیا ہے,ٹرین کے برابر,دوگنی,کھمبے کے برابر,نامعلوم,A,درست جواب ہے: ٹرین کے برابر۔,"ٹرک سوالات, مشکل"
Q2223,📖 اردو محاورے,H,"""اندھیرے میں تیر چلانا"" کا مطلب کیا ہے؟",نشانہ بازی سیکھنا,بغیر مکمل معلومات کے اندازہ لگانا,رات کو شکار کرنا,روشنی میں کام کرنا,B,"""اندھیرے میں تیر چلانا"" کا محاورتی مطلب ہے: بغیر مکمل معلومات کے اندازہ لگانا۔","اردو محاورے, مشکل"
Q2224,📖 اردو محاورے,H,"""پاؤں کی زنجیر بننا"" کا مطلب کیا ہے؟",راستہ دکھانا,رکاوٹ بن جانا,مددگار بننا,آزاد کرنا,B,"""پاؤں کی زنجیر بننا"" کا محاورتی مطلب ہے: رکاوٹ بن جانا۔","اردو محاورے, مشکل"
Q2225,📖 اردو محاورے,H,"""اندھے کو کیا دکھائیں، دو آنکھیں ہی نہیں"" کا مطلب کیا ہے؟",آنکھوں کا علاج,بے کار کی کوشش کرنا,اندھے کی مدد کرنا,حقیقت نہ ماننا,B,درست جواب ہے: بے کار کی کوشش کرنا۔,"اردو محاورے, مشکل"
Q2226,🧠 99٪ لوگ غلط جواب دیتے ہیں,H,ایک چیز 250 روپے میں خرید کر 312 روپے میں بیچی گئی۔ نفع کی شرح کتنی فیصد ہے؟,35%,20%,25%,30%,C,نفع = 312-250 = 62 روپے۔ نفع فیصد = (62/250)×100 = 25%۔,"99٪ لوگ غلط جواب دیتے ہیں, مشکل"
Q2227,🧠 99٪ لوگ غلط جواب دیتے ہیں,H,دو مقداروں کا تناسب 6:4 ہے۔ اگر کل مقدار 100 ہے تو پہلی مقدار کتنی ہوگی؟,58,40,60,62,C,کل حصے = 6+4 = 10۔ پہلی مقدار = (6/10)×100 = 60۔,"99٪ لوگ غلط جواب دیتے ہیں, مشکل"
Q2228,🧩 دلچسپ پہیلیاں,H,وہ کیا ہے جو ٹوٹ جائے تو آواز نہیں کرتی مگر رشتے ضرور بدل دیتی ہے؟,وعدہ,دل,لکڑی,شیشہ,A,وعدہ ٹوٹنے سے رشتے خراب ہوتے ہیں,"دلچسپ پہیلیاں, مشکل"
Q2229,🧠 99٪ لوگ غلط جواب دیتے ہیں,H,ایک چیز کی قیمت 200 روپے ہے۔ اس پر 20% رعایت ملے تو ادا کی جانے والی رقم کتنی ہوگی؟,160,170,150,200,A,20% رعایت = 40 روپے، لہٰذا ادا کی جانے والی رقم = 200 - 40 = 160 روپے۔,"99٪ لوگ غلط جواب دیتے ہیں, مشکل"
Q2230,🧩 دلچسپ پہیلیاں,H,وہ کون سی چیز ہے جو جتنی خشک ہوتی ہے اتنی ہی زیادہ گیلی کرتی ہے؟,تولیہ,روئی,صابن,سپنج,A,تولیہ خود خشک ہوتا ہے مگر جسم کو خشک کرتے ہوئے گیلا ہو جاتا ہے۔,"دلچسپ پہیلیاں, مشکل"
Q2231,🧠 99٪ لوگ غلط جواب دیتے ہیں,H,دریا کے کنارے 2 باپ اور 2 بیٹے مچھلی پکڑ رہے تھے، تینوں نے ایک ایک مچھلی پکڑی، یہ کیسے ممکن ہے؟,ایک نے دو مچھلیاں پکڑیں,ایک مچھلی بھاگ گئی,وہ دادا، بیٹا اور پوتا تھے,مچھلیاں کم تھیں,C,درست جواب ہے: وہ دادا، بیٹا اور پوتا تھے۔,"99٪ لوگ غلط جواب دیتے ہیں, مشکل"
Q2232,⏳ 5 سیکنڈ چیلنج,H,پاکستان میں اب بھی بلند ہونے والا نسبتاً نوجوان پہاڑی سلسلہ کون سا ہے؟,ہمالیہ,سلیمان,ہندوکش,کراکرم,D,درست جواب ہے: کراکرم۔,"5 سیکنڈ چیلنج, مشکل"
Q2233,🎭 الفاظ کا جادو,H,"لفظ """"اندھیرا"""" کا متضاد کیا ہے؟",روشنی,بادل,رات,سایہ,A,اندھیرا کا درست متضاد روشنی ہے۔,"الفاظ کا جادو, مشکل"
Q2234,📖 اردو محاورے,H,"""آنکھیں بچھانا"" محاورے کا مطلب کیا ہے؟",گرمجوشی سے استقبال کرنا,نظر انداز کرنا,غصہ کرنا,ڈر جانا,A,درست جواب ہے: گرمجوشی سے استقبال کرنا۔,"اردو محاورے, مشکل"
Q2235,🧩 دلچسپ پہیلیاں,H,وہ کون سی چیز ہے جو آپ کی اپنی ہوتی ہے، مگر دوسرے لوگ اسے آپ سے زیادہ استعمال کرتے ہیں؟,آپ کا نام,آپ کا فون,آپ کی گاڑی,آپ کا گھر,A,درست جواب ہے: آپ کا نام۔,"دلچسپ پہیلیاں, مشکل"
Q2236,👑 صرف ذہین لوگوں کے لیے,H,"پہلا مکمل اردو ناول ""مراۃ العروس"" کس کا ہے؟",پریم چند,رسوا,قرۃالعین,نذیر احمد دہلوی,D,درست جواب ہے: نذیر احمد دہلوی۔,"صرف ذہین لوگوں کے لیے, مشکل"
Q2237,😈 ٹرک سوالات,H,10000 روپے پر 20% سالانہ کے حساب سے 3 سال کا سود کتنا بنے گا؟,5900,6100,6000,6200,C,سود = (اصل رقم × شرح × مدت)/100 = (10000×20×3)/100 = 6000 روپے۔,"ٹرک سوالات, مشکل"
Q2238,👑 صرف ذہین لوگوں کے لیے,H,دنیا کا سب سے بڑا براعظم رقبے کے لحاظ سے کون سا ہے؟,افریقہ,یورپ,امریکہ,ایشیا,D,درست جواب ہے: ایشیا ✓۔,"صرف ذہین لوگوں کے لیے, مشکل"
Q2239,😈 ٹرک سوالات,H,دو مقداروں کا تناسب 3:6 ہے۔ اگر کل مقدار 72 ہے تو پہلی مقدار کتنی ہوگی؟,24,48,26,22,A,کل حصے = 3+6 = 9۔ پہلی مقدار = (3/9)×72 = 24۔,"ٹرک سوالات, مشکل"
Q2240,🧩 دلچسپ پہیلیاں,H,وہ کون سی چیز ہے جس کے پاس چابیاں بہت ہوتی ہیں مگر کوئی تالا نہیں کھول سکتی؟,تالہ,گھڑی,الماری,پیانو,D,پیانو کی Keys ہوتی ہیں مگر وہ تالے نہیں کھولتیں۔,"دلچسپ پہیلیاں, مشکل"
Q2241,📖 اردو محاورے,H,"""آنکھوں دیکھی مکھی نگلنا"" کا مطلب کیا ہے؟",کھانا کھانا,صفائی کرنا,جانتے بوجھتے نقصان برداشت کرنا,ہنسنا,C,"""آنکھوں دیکھی مکھی نگلنا"" کا محاورتی مطلب ہے: جانتے بوجھتے نقصان برداشت کرنا۔","اردو محاورے, مشکل"
Q2242,🤯 دماغ کا امتحان,H,ایک آدمی نے 100 روپے کا سامان 80 روپے میں بیچا۔ 20% نقصان۔ پھر 80 روپے کا سامان 100 روپے میں بیچا۔ کتنا فائدہ یا نقصان؟,20% فائدہ,10% فائدہ,0% برابر,4% نقصان,D,درست جواب ہے: 4% نقصان۔,"دماغ کا امتحان, مشکل"
Q2243,🧠 99٪ لوگ غلط جواب دیتے ہیں,H,تین چیزوں کی قیمت 300 ہے پہلی دوسری سے 50 مہنگی تیسری 50 سستی دوسری کی قیمت؟,80,90,100,120,C,x-50+x+50=300,"99٪ لوگ غلط جواب دیتے ہیں, مشکل"
Q2244,🧩 دلچسپ پہیلیاں,H,وہ کون سی چیز ہے جو ہر رنگ میں رنگی جا سکتی ہے مگر خود بےرنگ ہوتی ہے؟,کاغذ,شیشہ,کپڑا,پانی,D,یہ ایک لطیف پہیلی ہے جس کا جواب ہے: پانی۔,"دلچسپ پہیلیاں, مشکل"
Q2245,🎭 الفاظ کا جادو,H,لفظ تیر کا ایک مطلب ہے تیرنا دوسرا کیا,پانی,کمان,ہوا,سب,C,تیر کا مطلب کمان سے چلنے والا تیر بھی ہے۔,"الفاظ کا جادو, مشکل"
Q2246,🧩 دلچسپ پہیلیاں,H,میں وہ ہوں جو آپ جتنا مجھے چھوئیں گے، میں اتنا ہی ردعمل دوں گا، مگر میرا کوئی احساس نہیں۔,موبائل فون,ٹچ اسکرین,کی بورڈ,ماؤس,B,درست جواب ہے: ٹچ اسکرین ________________۔,"دلچسپ پہیلیاں, مشکل"
Q2247,😈 ٹرک سوالات,H,ان میں سے کون سا عدد باقیوں سے مختلف ہے: 36، 12، 18، 24؟,36,12,24,18,D,باقی تمام اعداد جفت (even) ہیں مگر 18 طاق (odd) ہے۔,"ٹرک سوالات, مشکل"
Q2248,🧠 99٪ لوگ غلط جواب دیتے ہیں,H,ایک گاڑی 80 کلومیٹر فی گھنٹہ کی رفتار سے 3 گھنٹے سفر کرتی ہے۔ کل فاصلہ کتنا ہوگا؟,240,320,400,160,A,فاصلہ = رفتار × وقت = 80 × 3 = 240 کلومیٹر۔,"99٪ لوگ غلط جواب دیتے ہیں, مشکل"
Q2249,🎭 الفاظ کا جادو,H,لفظ ہاتھ کا ایک مطلب جسم کا حصہ دوسرا کیا ہے,رنگ,چہرہ,طاقت,قدم,C,ہاتھ کا مطلب اختیار یا مدد بھی ہوتا ہے۔,"الفاظ کا جادو, مشکل"
Q2250,👑 صرف ذہین لوگوں کے لیے,H,ایک ریس میں آپ نے دوسرے نمبر والے شخص کو پیچھے چھوڑ دیا۔ اب آپ کس نمبر پر ہیں؟,تیسرے نمبر پر,دوسرے نمبر پر,آخری نمبر پر,پہلے نمبر پر,B,درست جواب ہے: دوسرے نمبر پر۔,"صرف ذہین لوگوں کے لیے, مشکل"
Q2251,⏳ 5 سیکنڈ چیلنج,H,روز نظر آتا ہوں مگر مجھے چھوا نہیں جا سکتا۔ میں کیا ہوں؟,خواب,آئینہ,سایہ,تصویر,C,درست جواب ہے: سایہ۔,"5 سیکنڈ چیلنج, مشکل"
Q2252,😈 ٹرک سوالات,H,دو ٹرینیں 60 اور 30 کلومیٹر فی گھنٹہ کی رفتار سے ایک دوسرے کی طرف آ رہی ہیں، درمیانی فاصلہ 270 کلومیٹر ہے (سیٹ 9)۔ کتنے گھنٹوں میں ملیں گی؟,5,3,2,4,B,وقت = فاصلہ/مجموعی رفتار = 270/90 = 3 گھنٹے۔,"ٹرک سوالات, مشکل"
Q2253,🧩 دلچسپ پہیلیاں,H,وہ کون سی چیز ہے جو خود تو نظر نہیں آتی مگر سب کچھ دکھا دیتی ہے؟,آواز,ہوا,روشنی,خوشبو,C,روشنی کی وجہ سے ہی چیزیں نظر آتی ہیں۔,"دلچسپ پہیلیاں, مشکل"
Q2254,📖 اردو محاورے,H,ناچ نہ جانے آنگن ٹیڑھا کا کیا مطلب ہے؟,رقص سیکھنا,خوشی منانا,گھر بدلنا,اپنی ناکامی دوسروں پر ڈالنا,D,درست جواب ہے: اپنی ناکامی دوسروں پر ڈالنا۔,"اردو محاورے, مشکل"
Q2255,👑 صرف ذہین لوگوں کے لیے,H,علامہ اقبال کی مشہور نظم 'شکوہ' کس زبان میں ہے؟,پنجابی,اردو,عربی,فارسی,B,درست جواب ہے: اردو۔,"صرف ذہین لوگوں کے لیے, مشکل"
Q2256,🧠 99٪ لوگ غلط جواب دیتے ہیں,H,20 منزلہ عمارت میں رہنے والا شخص واپسی پر دسویں منزل تک لفٹ اور پھر سیڑھیاں کیوں استعمال کرتا ہے؟,اوپر والا بٹن نہیں پہنچتا,ورزش,پیسے بچاتا ہے,لفٹ خراب,A,درست جواب ہے: اوپر والا بٹن نہیں پہنچتا۔,"99٪ لوگ غلط جواب دیتے ہیں, مشکل"
Q2257,⏳ 5 سیکنڈ چیلنج,H,پلاسٹک تھیلیوں پر سخت قومی پابندی نافذ کرنے والے اولین ممالک میں کون سا ملک مشہور ہے؟,سویڈن,کینیڈا,نیوزی لینڈ,روانڈا,D,درست جواب ہے: روانڈا۔,"5 سیکنڈ چیلنج, مشکل"
Q2258,😈 ٹرک سوالات,H,باپ اور بیٹے کی عمروں کا مجموعہ 68 سال ہے۔ باپ بیٹے سے 3 گنا بڑا ہے۔ بیٹے کی عمر کیا ہے؟,15,22,19,17,D,بیٹا + باپ = 68، باپ = 3×بیٹا، لہٰذا بیٹا = 68/4 = 17 سال۔,"ٹرک سوالات, مشکل"
Q2259,👑 صرف ذہین لوگوں کے لیے,H,انسانی جسم میں خون کتنے گروپس میں تقسیم ہوتا ہے؟,4 بنیادی گروپس,3,2,6,A,درست جواب ہے: 4 بنیادی گروپس۔,"صرف ذہین لوگوں کے لیے, مشکل"
Q2260,🤯 دماغ کا امتحان,H,ایک چیز 500 روپے میں خرید کر 700 روپے میں بیچی گئی۔ نفع کی شرح کتنی فیصد ہے؟,45%,40%,35%,50%,B,نفع = 700-500 = 200 روپے۔ نفع فیصد = (200/500)×100 = 40%۔,"دماغ کا امتحان, مشکل"
Q2261,🧠 99٪ لوگ غلط جواب دیتے ہیں,H,ایک ٹوکری میں 12 انڈے ہیں۔ 12 آدمیوں نے 1-1 انڈا لیا۔ پھر بھی ٹوکری میں ایک انڈا رہ گیا۔ کیسے,انڈے 13 تھے,ایک نے انڈا نہیں لیا,ایک آدمی نے ٹوکری سمیت انڈا لیا,حساب غلط,C,آخری شخص ٹوکری سمیت آخری انڈا لے گیا۔,"99٪ لوگ غلط جواب دیتے ہیں, مشکل"
Q2262,😈 ٹرک سوالات,H,ایک کمرے میں 9 افراد ہیں، اگر ہر ایک دوسرے سے ایک بار ہاتھ ملائے تو کل کتنے مصافحے ہوں گے؟,45,36,27,81,B,کل مصافحے = n(n-1)/2 = 9×8/2 = 36۔,"ٹرک سوالات, مشکل"
Q2263,📖 اردو محاورے,H,"""آنکھیں ٹھنڈی کرنا"" محاورے کا کیا مطلب ہے؟",غصہ کرنا,ڈر جانا,رو لینا,تسکین محسوس کرنا,D,درست جواب ہے: تسکین محسوس کرنا ________________۔,"اردو محاورے, مشکل"
Q2264,🎭 الفاظ کا جادو,H,لفظ دل کا ایک مطلب عضو ہے دوسرا مطلب کیا ہے,حوصلہ,دماغ,کان,آنکھ,A,درست جواب ہے: حوصلہ۔,"الفاظ کا جادو, مشکل"
Q2265,👑 صرف ذہین لوگوں کے لیے,H,مہر گڑھ کی تہذیب پاکستان کے کس علاقے میں دریافت ہوئی؟,کشمیر,سندھ,پنجاب,بلوچستان,D,درست جواب ہے: بلوچستان۔,"صرف ذہین لوگوں کے لیے, مشکل"
Q2266,👑 صرف ذہین لوگوں کے لیے,H,زمین کی عمر کا تخمینہ سائنسدان کتنا لگاتے ہیں؟,10 ہزار سال,10 ارب سال,1 ارب سال,تقریباً 4.5 ارب سال,D,درست جواب ہے: تقریباً 4.5 ارب سال۔,"صرف ذہین لوگوں کے لیے, مشکل"
Q2267,📖 اردو محاورے,H,"""دل کا بوجھ ہلکا ہونا"" کا مطلب کیا ہے؟",بیمار ہونا,پریشانی یا غم کم ہو کر سکون ملنا,وزن کم ہونا,غصہ آنا,B,"""دل کا بوجھ ہلکا ہونا"" کا محاورتی مطلب ہے: پریشانی یا غم کم ہو کر سکون ملنا۔","اردو محاورے, مشکل"
Q2268,📖 اردو محاورے,H,"""آنکھوں سے اوجھل ہونا"" کا مطلب کیا ہے؟",نظروں سے دور ہو جانا,قریب آنا,سو جانا,اندھا ہو جانا,A,"""آنکھوں سے اوجھل ہونا"" کا محاورتی مطلب ہے: نظروں سے دور ہو جانا۔","اردو محاورے, مشکل"
Q2269,🧩 دلچسپ پہیلیاں,H,وہ کون سی چیز ہے جو ٹوٹ جائے تو آواز نہیں کرتی مگر دل دکھا دیتی ہے؟,دوستی,اینٹ,کرسی,شیشہ,A,دوستی ٹوٹنے سے دل کو تکلیف پہنچتی ہے۔,"دلچسپ پہیلیاں, مشکل"
Q2270,😈 ٹرک سوالات,H,ایک چیز کی قیمت 1000 روپے ہے۔ اس پر 25% رعایت ملے تو ادا کی جانے والی رقم کتنی ہوگی؟,1000,740,760,750,D,25% رعایت = 250 روپے، لہٰذا ادا کی جانے والی رقم = 1000 - 250 = 750 روپے۔,"ٹرک سوالات, مشکل"
Q2271,👑 صرف ذہین لوگوں کے لیے,H,پاکستان کا سب سے بڑا صوبہ آبادی کے لحاظ سے کون سا ہے؟,سندھ,خیبر پختونخوا,پنجاب,بلوچستان,C,درست جواب ہے: پنجاب۔,"صرف ذہین لوگوں کے لیے, مشکل"
Q2272,🧠 99٪ لوگ غلط جواب دیتے ہیں,H,ایک چیز کی قیمت 1000 روپے ہے۔ اس پر 20% رعایت ملے تو ادا کی جانے والی رقم کتنی ہوگی؟,790,800,810,1000,B,20% رعایت = 200 روپے، لہٰذا ادا کی جانے والی رقم = 1000 - 200 = 800 روپے۔,"99٪ لوگ غلط جواب دیتے ہیں, مشکل"
Q2273,⏳ 5 سیکنڈ چیلنج,H,ایک عام (Leap Year نہ ہونے والے) سال میں کم از کم کتنے جمعے آتے ہیں؟,53,48,50,52,D,درست جواب ہے: 52۔,"5 سیکنڈ چیلنج, مشکل"
Q2274,📖 اردو محاورے,H,"پاکستان کا ""مانچسٹر"" کس شہر کو کہا جاتا ہے؟",کراچی,گوجرانوالہ,سیالکوٹ,فیصل آباد,D,درست جواب ہے: فیصل آباد۔,"اردو محاورے, مشکل"
Q2275,🎭 الفاظ کا جادو,H,شیر لفظ کے دو معروف معنی کیا ہیں؟,صرف مٹھاس,صرف جانور,تین معنی,جانور اور شاعری,D,درست جواب ہے: جانور اور شاعری۔,"الفاظ کا جادو, مشکل"
Q2276,🎭 الفاظ کا جادو,H,“نادر” (بہادر) کا متضاد کیا ہے؟,شجاع,دلیر,طاقتور,ڈرپوک,D,بہادر کا متضاد ڈرپوک ہے۔,"الفاظ کا جادو, مشکل"
Q2277,⏳ 5 سیکنڈ چیلنج,H,پاکستان کا کون سا شہر سرجیکل آلات کی صنعت کے لیے دنیا بھر میں مشہور ہے؟,گوجرانوالہ,کراچی,سیالکوٹ,لاہور,C,درست جواب ہے: سیالکوٹ۔,"5 سیکنڈ چیلنج, مشکل"
Q2278,🧩 دلچسپ پہیلیاں,H,وہ کون سی چیز ہے جو جتنی زیادہ بھرتی ہے اتنی ہی ہلکی ہوتی جاتی ہے؟,غبارہ,بوتل,بالٹی,ڈبہ,A,درست جواب ہے: غبارہ ✓۔,"دلچسپ پہیلیاں, مشکل"
Q2279,🧠 99٪ لوگ غلط جواب دیتے ہیں,H,150 روپے ادا کرنے کے لیے کم از کم کتنے نوٹ (50، 10، 5 روپے کے) درکار ہوں گے؟,5,4,2,3,D,کم از کم نوٹوں کے ساتھ 150 روپے بنانے کے لیے 3 نوٹ درکار ہیں۔,"99٪ لوگ غلط جواب دیتے ہیں, مشکل"
Q2280,👑 صرف ذہین لوگوں کے لیے,H,مسلمانوں نے سندھ پر پہلی بار کس کی قیادت میں فتح حاصل کی؟,طارق بن زیاد,محمود غزنوی,شہاب الدین غوری,محمد بن قاسم,D,درست جواب ہے: محمد بن قاسم۔,"صرف ذہین لوگوں کے لیے, مشکل"
Q2281,🤯 دماغ کا امتحان,H,ایک آدمی 20 منزلہ عمارت کے 10ویں فلور پر رہتا ہے۔ صبح لفٹ 1st تک لے جاتا ہے۔ واپسی پر 10th تک لفٹ میں جاتا ہے پھر سیڑھیوں سے اوپر جاتا ہے۔ کیوں؟,وہ ورزش کرنا چاہتا ہے,وہ اتنا لمبا ہے کہ 10 تک کا بٹن نہیں دبا سکتا,وہ صرف نیچے جانے کے پیسے دیتا ہے,لفٹ 10 تک نہیں جاتی,B,درست جواب ہے: وہ اتنا لمبا ہے کہ 10 تک کا بٹن نہیں دبا سکتا۔,"دماغ کا امتحان, مشکل"
Q2282,🎭 الفاظ کا جادو,H,"لفظ ""جرأت"" کا مترادف کیا ہے؟",کمزوری,خاموشی,خوف,ہمت,D,جرأت کے معنی ہمت اور دلیری ہیں۔,"الفاظ کا جادو, مشکل"
Q2283,⏳ 5 سیکنڈ چیلنج,H,پاکستان کا وہ شہر کون سا ہے جو کھیلوں کے سامان کی برآمدات کے لیے مشہور ہے؟,کوئٹہ,پشاور,کراچی,سیالکوٹ,D,درست جواب ہے: سیالکوٹ۔,"5 سیکنڈ چیلنج, مشکل"
Q2284,🎭 الفاظ کا جادو,H,"""مصیبت"" کا مترادف کیا ہے؟",آفت,وعظ,اعتماد,ہدف,A,"""مصیبت"" کا مترادف ""آفت"" ہے۔","الفاظ کا جادو, مشکل"
Q2285,⏳ 5 سیکنڈ چیلنج,H,میں وہ ہوں جسے جتنا زیادہ شیئر کیا جائے، اتنا ہی زیادہ مشہور ہوتا جاتا ہوں۔,پیسہ,راز,کھانا,وائرل ویڈیو,D,درست جواب ہے: وائرل ویڈیو۔,"5 سیکنڈ چیلنج, مشکل"
Q2286,🧩 دلچسپ پہیلیاں,H,وہ کیا ہے جو آپ کے پاس جتنا زیادہ ہو، آپ اتنا ہی کم دیکھ سکتے ہیں؟,علم,وقت,روشنی,اندھیرا,D,درست جواب ہے: اندھیرا۔,"دلچسپ پہیلیاں, مشکل"
Q2287,👑 صرف ذہین لوگوں کے لیے,H,مرتبہ، بوجھ، پھل اور بارش—ان سب میں مشترک لفظ کون سا ہے؟,پھول,در,سایہ,بار,D,درست جواب ہے: بار۔,"صرف ذہین لوگوں کے لیے, مشکل"
Q2288,⏳ 5 سیکنڈ چیلنج,H,ایک شخص پانی موجود ہونے کے باوجود پیاس سے کیوں مر گیا؟,برتن خالی تھا,پانی گرم تھا,وہ وہاں موجود ہی نہیں تھا,پانی زہریلا تھا,C,درست جواب ہے: وہ وہاں موجود ہی نہیں تھا۔,"5 سیکنڈ چیلنج, مشکل"
Q2289,👑 صرف ذہین لوگوں کے لیے,H,"پاکستان کا کون سا شہر ""کپڑے کی صنعت"" (Textile City) کے لیے مشہور ہے؟",فیصل آباد,کراچی,ملتان,لاہور,A,درست جواب ہے: فیصل آباد۔,"صرف ذہین لوگوں کے لیے, مشکل"
Q2290,👑 صرف ذہین لوگوں کے لیے,H,علامہ اقبال نے اپنی شاعری کن زبانوں میں لکھی,اردو اور فارسی,پنجابی,فارسی,اردو,A,علامہ اقبال نے اردو اور فارسی دونوں زبانوں میں شاعری کی۔,"صرف ذہین لوگوں کے لیے, مشکل"
Q2291,📖 اردو محاورے,H,آنکھیں پھاڑ کر دیکھنا کا مطلب کیا ہے؟,حیرت سے دیکھنا,غصے سے دیکھنا,سونا,آنکھیں بند کرنا,A,حیرانی سے دیکھنے کے لیے بولا جاتا ہے,"اردو محاورے, مشکل"
Q2292,🎭 الفاظ کا جادو,H,لفظ نرم کا ایک معنی ملائم ہے دوسرا مطلب کیا ہے,آہستہ,گرم,سخت,تیز,A,نرم کا مطلب دھیما یا آہستہ بھی ہوتا ہے۔,"الفاظ کا جادو, مشکل"
Q2293,😈 ٹرک سوالات,H,ان میں سے کون سا عدد باقیوں سے مختلف ہے: 24، 36، 18، 12؟,18,36,12,24,A,باقی تمام اعداد جفت (even) ہیں مگر 18 طاق (odd) ہے۔,"ٹرک سوالات, مشکل"
Q2294,🧠 99٪ لوگ غلط جواب دیتے ہیں,H,اگر آپ کا فون 2026 میں ہے اور آپ 2024 کی خبر پڑھ رہے ہیں، تو وہ خبر کتنی پرانی ہے؟,4 سال,3 سال,2 سال,1 سال,C,درست جواب ہے: 2 سال۔,"99٪ لوگ غلط جواب دیتے ہیں, مشکل"
Q2295,👑 صرف ذہین لوگوں کے لیے,H,اقوام متحدہ کی سلامتی کونسل کے مستقل ارکان کتنے ہیں؟,7,5,15,10,B,درست جواب ہے: 5۔,"صرف ذہین لوگوں کے لیے, مشکل"
Q2296,😈 ٹرک سوالات,H,ایک چیز کی قیمت 250 روپے ہے۔ اس پر 20% رعایت ملے تو ادا کی جانے والی رقم کتنی ہوگی؟,210,200,250,190,B,20% رعایت = 50 روپے، لہٰذا ادا کی جانے والی رقم = 250 - 50 = 200 روپے۔,"ٹرک سوالات, مشکل"
Q2297,👑 صرف ذہین لوگوں کے لیے,H,رقبے کے لحاظ سے دنیا کا سب سے بڑا ملک کون سا ہے؟,کینیڈا,چین,روس,امریکہ,C,روس دنیا کا سب سے بڑا ملک ہے۔,"صرف ذہین لوگوں کے لیے, مشکل"
Q2298,📖 اردو محاورے,H,خوشی سے پھولا نہ سمائے کا مطلب کیا ہے؟,بہت زیادہ خوش ہونا,ناک میں دم,آسمان سے گرا,کان میں تیل,A,درست جواب ہے: بہت زیادہ خوش ہونا۔,"اردو محاورے, مشکل"
Q2299,📖 اردو محاورے,H,"""آستین کا سانپ"" محاورے کا مطلب کیا ہے؟",درزی,اندرونی دشمن,خطرناک سانپ,لمبا آدمی,B,ایسا شخص جو اپنا بن کر نقصان پہنچائے۔,"اردو محاورے, مشکل"
Q2300,🧩 دلچسپ پہیلیاں,H,وہ کون سی چیز ہے جو آپ سے آگے بھی چلتی ہے اور پیچھے بھی مگر کبھی تھکتی نہیں؟,سایہ,ہوا,روشنی,وقت,A,سایہ روشنی کی سمت کے مطابق آگے یا پیچھے نظر آتا ہے۔,"دلچسپ پہیلیاں, مشکل"
Q2301,📖 اردو محاورے,H,اپنے منہ میاں مٹھو بننا کا مطلب کیا ہے؟,خاموش رہنا,دوسروں کی تعریف کرنا,میٹھا کھانا,اپنی تعریف خود کرنا,D,یہ محاورہ اپنی ہی تعریف کرنے والے شخص کے لیے بولا جاتا ہے۔,"اردو محاورے, مشکل"
Q2302,⏳ 5 سیکنڈ چیلنج,H,میں وہ ہوں جسے آپ روز دیکھتے ہیں مگر چھو نہیں سکتے۔ میں کیا ہوں؟,تصویر,خواب,آئینہ,سایہ,D,درست جواب ہے: سایہ۔,"5 سیکنڈ چیلنج, مشکل"
Q2303,🤯 دماغ کا امتحان,H,5 مشینیں 5 منٹ میں 5 چیزیں بناتی ہیں، 20 مشینیں 20 چیزیں کتنے منٹ میں بنائیں گی؟,4 منٹ,10 منٹ,20 منٹ,5 منٹ,D,غور سے سوچیں: درست جواب 5 منٹ ہے۔,"دماغ کا امتحان, مشکل"
Q2304,🧠 99٪ لوگ غلط جواب دیتے ہیں,H,ایک چیز کی قیمت 400 روپے ہے۔ اس پر 25% رعایت ملے تو ادا کی جانے والی رقم کتنی ہوگی؟,310,290,300,400,C,25% رعایت = 100 روپے، لہٰذا ادا کی جانے والی رقم = 400 - 100 = 300 روپے۔,"99٪ لوگ غلط جواب دیتے ہیں, مشکل"
Q2305,😈 ٹرک سوالات,H,دو ٹرینیں 35 اور 15 کلومیٹر فی گھنٹہ کی رفتار سے ایک دوسرے کی طرف آ رہی ہیں، درمیانی فاصلہ 100 کلومیٹر ہے (سیٹ 12)۔ کتنے گھنٹوں میں ملیں گی؟,2,1,4,3,A,وقت = فاصلہ/مجموعی رفتار = 100/50 = 2 گھنٹے۔,"ٹرک سوالات, مشکل"
Q2306,⏳ 5 سیکنڈ چیلنج,H,پاکستان میں کون سا پہاڑی سلسلہ دنیا کے سب سے کم عمر پہاڑی سلسلوں میں شمار ہوتا ہے؟,سلیمان,ہمالیہ,قراقرم,ہندوکش,C,درست جواب ہے: قراقرم۔,"5 سیکنڈ چیلنج, مشکل"
Q2307,🧠 99٪ لوگ غلط جواب دیتے ہیں,H,ایک لڑکی نے 3 سیب اٹھائے۔ اس کے 2 بھائی ہیں۔ ہر ایک کو ایک ایک سیب دیا۔ پھر بھی اس کے پاس 2 سیب کیوں بچے؟,اس نے ایک بھائی کو 2 دیا,ایک بھائی جڑواں تھا,ایک سیب خود رکھ لیا,اس نے ایک سیب کاٹ کر دو حصے کیے,D,درست جواب ہے: اس نے ایک سیب کاٹ کر دو حصے کیے۔,"99٪ لوگ غلط جواب دیتے ہیں, مشکل"
Q2308,👑 صرف ذہین لوگوں کے لیے,H,ملالہ یوسفزئی کو نوبل انعام کس شعبے میں ملا؟,طبیعیات,طب,ادب,امن,D,درست جواب ہے: امن۔,"صرف ذہین لوگوں کے لیے, مشکل"
Q2309,🧩 دلچسپ پہیلیاں,H,وہ کیا ہے جو رات کو اپنی پوری طاقت دکھاتا اور دن میں چھپ جاتا ہے؟,چاند و ستارے,ہوا,بادل,سورج,A,یہ ایک لطیف پہیلی ہے جس کا جواب ہے: چاند و ستارے۔,"دلچسپ پہیلیاں, مشکل"
Q2310,🧠 99٪ لوگ غلط جواب دیتے ہیں,H,10000 روپے پر 12% سالانہ کے حساب سے 1 سال کا سود کتنا بنے گا؟,1300,1100,1400,1200,D,سود = (اصل رقم × شرح × مدت)/100 = (10000×12×1)/100 = 1200 روپے۔,"99٪ لوگ غلط جواب دیتے ہیں, مشکل"
Q2311,🧠 99٪ لوگ غلط جواب دیتے ہیں,H,ایک گاڑی 80 کلومیٹر فی گھنٹہ کی رفتار سے 1 گھنٹے سفر کرتی ہے۔ کل فاصلہ کتنا ہوگا؟,160,90,240,80,D,فاصلہ = رفتار × وقت = 80 × 1 = 80 کلومیٹر۔,"99٪ لوگ غلط جواب دیتے ہیں, مشکل"
Q2312,🤯 دماغ کا امتحان,H,100 روپے کی چیز 80 میں بیچی، پھر 80 کی چیز 100 میں بیچی۔ مجموعی نتیجہ کیا ہے؟,10٪ فائدہ,4٪ نقصان,برابر,20٪ فائدہ,B,درست جواب ہے: 4٪ نقصان۔,"دماغ کا امتحان, مشکل"
Q2313,🤯 دماغ کا امتحان,H,وہ کون سی چیز ہے جسے خریدنے والا خود استعمال نہیں کرتا، استعمال کرنے والا اسے دیکھ نہیں سکتا، اور دیکھنے والا اسے اپنے لیے نہیں خریدنا چاہتا؟,کتاب,کفن,تحفہ,دوا,B,درست جواب ہے: کفن۔,"دماغ کا امتحان, مشکل"
Q2314,🤯 دماغ کا امتحان,H,ایک آدمی 3 دن تک سورج دیکھے بغیر 2000 کلومیٹر سفر کرتا ہے۔ یہ کس علاقے میں ممکن ہو سکتا ہے؟,صحرا,غار کے اندر,سمندر کے نیچے,قطبی علاقوں میں,D,درست جواب ہے: قطبی علاقوں میں۔,"دماغ کا امتحان, مشکل"
Q2315,🧩 دلچسپ پہیلیاں,H,وہ کون سی چیز ہے جو بڑھتی بھی ہے اور گھٹتی بھی ہے مگر زندہ نہیں؟,بادل,دریا,چاند,ہوا,C,چاند کے مختلف مراحل میں اس کی شکل بڑھتی اور گھٹتی نظر آتی ہے۔,"دلچسپ پہیلیاں, مشکل"
Q2316,😈 ٹرک سوالات,H,ایک تھیلے میں 5 سرخ اور 7 نیلی گیندیں ہیں۔ بغیر دیکھے ایک گیند نکالنے پر سرخ گیند نکلنے کا امکان کتنے میں سے کتنا ہے؟,12/5,5/7,7/12,5/12,D,کل گیندیں 12 ہیں جن میں سے 5 سرخ ہیں، اس لیے امکان 5/12 ہے۔,"ٹرک سوالات, مشکل"
Q2317,🧠 99٪ لوگ غلط جواب دیتے ہیں,H,ایک کمرے میں 12 افراد ہیں، اگر ہر ایک دوسرے سے ایک بار ہاتھ ملائے تو کل کتنے مصافحے ہوں گے؟,78,54,144,66,D,کل مصافحے = n(n-1)/2 = 12×11/2 = 66۔,"99٪ لوگ غلط جواب دیتے ہیں, مشکل"
Q2318,🧩 دلچسپ پہیلیاں,H,وہ کیا ہے جو ہمیشہ اپنے سے آگے چلتا ہے مگر کبھی خود کو نہیں پکڑ سکتا؟,روشنی,سایہ,آواز,ہوا,B,یہ ایک لطیف پہیلی ہے جس کا جواب ہے: سایہ۔,"دلچسپ پہیلیاں, مشکل"
Q2319,🧩 دلچسپ پہیلیاں,H,وہ کون سی چیز ہے جو ہمیشہ آگے کی طرف چلتی ہے، کبھی پیچھے نہیں مڑتی؟,گھڑی کی سوئی,وقت,ہوا,ندی,B,یہ ایک لطیف پہیلی ہے جس کا جواب ہے: وقت۔,"دلچسپ پہیلیاں, مشکل"
Q2320,🧠 99٪ لوگ غلط جواب دیتے ہیں,H,ایک گاڑی 70 کلومیٹر فی گھنٹہ کی رفتار سے 3 گھنٹے سفر کرتی ہے۔ کل فاصلہ کتنا ہوگا؟,140,280,350,210,D,فاصلہ = رفتار × وقت = 70 × 3 = 210 کلومیٹر۔,"99٪ لوگ غلط جواب دیتے ہیں, مشکل"
Q2321,🎭 الفاظ کا جادو,H,"""استاد"" کا مترادف کیا ہے؟",والدہ,معلم,سلطان,دخترجن,B,"""استاد"" کا مترادف ""معلم"" ہے۔","الفاظ کا جادو, مشکل"
Q2322,👑 صرف ذہین لوگوں کے لیے,H,ایک ماں کے 3 بچے ہیں۔ ہر بچے کی ایک بہن ہے۔ خاندان میں کل کتنے بچے ہیں؟,3,4,6,5,B,3 بچے اور ایک بہن، کل 4 بچے,"صرف ذہین لوگوں کے لیے, مشکل"
Q2323,🧠 99٪ لوگ غلط جواب دیتے ہیں,H,ایک گاڑی 80 کلومیٹر فی گھنٹہ کی رفتار سے 4 گھنٹے سفر کرتی ہے۔ کل فاصلہ کتنا ہوگا؟,240,400,480,320,D,فاصلہ = رفتار × وقت = 80 × 4 = 320 کلومیٹر۔,"99٪ لوگ غلط جواب دیتے ہیں, مشکل"
Q2324,⏳ 5 سیکنڈ چیلنج,H,اردو کا محاورہ ''کنویں کا مینڈک'' کس کے لیے بولا جاتا ہے؟,محدود سوچ رکھنے والا,امیر شخص,ضدی شخص,بہادر شخص,A,درست جواب ہے: محدود سوچ رکھنے والا۔,"5 سیکنڈ چیلنج, مشکل"
Q2325,📖 اردو محاورے,H,آسمان سے گرا کھجور میں اٹکا کا مطلب کیا ہے,کامیاب ہونا,خوش ہونا,ایک مشکل سے نکل کر دوسری مشکل میں پھنسنا,سفر کرنا,C,ایک مصیبت ختم ہو کر دوسری آ جانا۔,"اردو محاورے, مشکل"
Q2326,🧠 99٪ لوگ غلط جواب دیتے ہیں,H,دو ٹرینیں 60 اور 20 کلومیٹر فی گھنٹہ کی رفتار سے ایک دوسرے کی طرف آ رہی ہیں۔ ان کے درمیان فاصلہ 160 کلومیٹر ہے۔ وہ کتنے گھنٹوں میں ملیں گی؟,3,2,1,4,B,مجموعی رفتار = 60+20 = 80۔ وقت = فاصلہ/رفتار = 160/80 = 2 گھنٹے۔,"99٪ لوگ غلط جواب دیتے ہیں, مشکل"
Q2327,📖 اردو محاورے,H,"""کسی کے کندھے پر بندوق رکھنا"" کا مطلب کیا ہے؟",نشانہ لگانا,مدد کرنا,کسی کو آلہ کار بنا کر اپنا کام نکالنا,ڈرانا,C,درست جواب ہے: کسی کو آلہ کار بنا کر اپنا کام نکالنا۔,"اردو محاورے, مشکل"
Q2328,👑 صرف ذہین لوگوں کے لیے,H,موسم کی پیشگوئی کرنے والے سائنسدان کو کیا کہا جاتا ہے؟,موسمیات دان (Meteorologist),جیولوجسٹ,ماہر حیاتیات,ماہر فلکیات,A,درست جواب ہے: موسمیات دان (Meteorologist)۔,"صرف ذہین لوگوں کے لیے, مشکل"
Q2329,🧠 99٪ لوگ غلط جواب دیتے ہیں,H,اگر 5 مشینیں 5 منٹ میں 5 چیزیں بنائیں تو 100 مشینیں 100 چیزیں کتنے منٹ میں بنائیں گی؟,5,20,100,1,A,درست جواب ہے: C)5 ✓۔,"99٪ لوگ غلط جواب دیتے ہیں, مشکل"
Q2330,🤯 دماغ کا امتحان,H,ایک چیز 150 روپے میں خرید کر 195 روپے میں بیچی گئی۔ نفع کی شرح کتنی فیصد ہے؟,25%,35%,30%,40%,C,نفع = 195-150 = 45 روپے۔ نفع فیصد = (45/150)×100 = 30%۔,"دماغ کا امتحان, مشکل"
Q2331,😈 ٹرک سوالات,H,ایک بس میں 20 مسافر تھے، اسٹاپ پر 7 اترے اور 5 چڑھے۔ اب بس میں کتنے مسافر ہیں؟,12,18,17,20,B,سوال کو غور سے پڑھیں اور مرحلہ وار حساب لگائیں۔,"ٹرک سوالات, مشکل"
Q2332,⏳ 5 سیکنڈ چیلنج,H,AI کے لیے الگ وزارت قائم کرنے والا پہلا ملک کون سا ہے؟,چین,برطانیہ,امریکہ,متحدہ عرب امارات,D,درست جواب ہے: متحدہ عرب امارات۔,"5 سیکنڈ چیلنج, مشکل"
Q2333,🤯 دماغ کا امتحان,H,دو ٹرینیں 50 اور 30 کلومیٹر فی گھنٹہ کی رفتار سے ایک دوسرے کی طرف آ رہی ہیں۔ ان کے درمیان فاصلہ 240 کلومیٹر ہے۔ وہ کتنے گھنٹوں میں ملیں گی؟,3,5,4,2,A,مجموعی رفتار = 50+30 = 80۔ وقت = فاصلہ/رفتار = 240/80 = 3 گھنٹے۔,"دماغ کا امتحان, مشکل"
Q2334,🧠 99٪ لوگ غلط جواب دیتے ہیں,H,ایک چیز 250 روپے میں خرید کر 300 روپے میں بیچی گئی۔ نفع کی شرح کتنی فیصد ہے؟,30%,15%,25%,20%,D,نفع = 300-250 = 50 روپے۔ نفع فیصد = (50/250)×100 = 20%۔,"99٪ لوگ غلط جواب دیتے ہیں, مشکل"
Q2335,😈 ٹرک سوالات,H,ایک ٹوکری میں 6 آم ہیں۔ 6 بچوں میں اس طرح تقسیم کیے کہ ایک آم ٹوکری میں بھی رہے۔ کیسے؟,ناممکن,ایک بچہ نہ دیں,آم کاٹ دیں,ایک بچے کو ٹوکری سمیت دے دیں,D,آخری بچے کو آم سمیت ٹوکری دے دی جائے۔,"ٹرک سوالات, مشکل"
Q2336,👑 صرف ذہین لوگوں کے لیے,H,"اردو میں ""غزل"" کا لفظ اصل میں کس زبان سے آیا ہے؟",فارسی,سنسکرت,عربی,ترکی,C,درست جواب ہے: عربی۔,"صرف ذہین لوگوں کے لیے, مشکل"
Q2337,😈 ٹرک سوالات,H,ایک تھیلے میں 7 سرخ اور 4 نیلی گیندیں ہیں۔ بغیر دیکھے ایک گیند نکالنے پر سرخ گیند نکلنے کا امکان کتنے میں سے کتنا ہے؟,11/7,7/11,7/4,4/11,B,کل گیندیں 11 ہیں جن میں سے 7 سرخ ہیں، اس لیے امکان 7/11 ہے۔,"ٹرک سوالات, مشکل"
Q2338,🤯 دماغ کا امتحان,H,ایک گاڑی 80 کلومیٹر فی گھنٹہ کی رفتار سے 2 گھنٹے سفر کرتی ہے۔ کل فاصلہ کتنا ہوگا؟,320,160,240,80,B,فاصلہ = رفتار × وقت = 80 × 2 = 160 کلومیٹر۔,"دماغ کا امتحان, مشکل"
Q2339,🧠 99٪ لوگ غلط جواب دیتے ہیں,H,ایک گاڑی 70 کلومیٹر فی گھنٹہ کی رفتار سے 1 گھنٹے سفر کرتی ہے۔ کل فاصلہ کتنا ہوگا؟,80,70,140,210,B,فاصلہ = رفتار × وقت = 70 × 1 = 70 کلومیٹر۔,"99٪ لوگ غلط جواب دیتے ہیں, مشکل"
Q2340,⏳ 5 سیکنڈ چیلنج,H,پاکستان میں دنیا کا سب سے بلند پولو گراؤنڈ کہاں واقع ہے؟,دیوسائی,خنجراب,شندور پاس,بابوسر,C,درست جواب ہے: شندور پاس۔,"5 سیکنڈ چیلنج, مشکل"
Q2341,🎭 الفاظ کا جادو,H,کامیابی کا مترادف کیا ہے؟,ناکامی,آرام,فتح,جدوجہد,C,کامیابی اور فتح قریب المعنی الفاظ ہیں,"الفاظ کا جادو, مشکل"
Q2342,🎭 الفاظ کا جادو,H,لفظ دل کا ایک معنی جسم کا عضو ہے دوسرا کیا ہے,دماغ,چہرہ,محبت,ہاتھ,C,دل محبت یا ہمت کے معنی میں بھی استعمال ہوتا ہے۔,"الفاظ کا جادو, مشکل"
Q2343,⏳ 5 سیکنڈ چیلنج,H,انسانی جسم میں خون کو پورے جسم تک پہنچانے والا اہم عضو کون سا ہے؟,معدہ,پھیپھڑے,دل,دماغ,C,درست جواب ہے: دل۔,"5 سیکنڈ چیلنج, مشکل"
Q2344,🎭 الفاظ کا جادو,H,"لفظ ""فائدہ"" کا متضاد کیا ہے؟",منافع,بھلائی,نقصان,کامیابی,C,فائدہ کا متضاد نقصان ہے۔,"الفاظ کا جادو, مشکل"
Q2345,🤯 دماغ کا امتحان,H,اگر 2+3=10، 7+2=63، 6+5=66، 8+4=96، تو 9+7=؟,63,144,112,81,B,درست جواب ہے: 144۔,"دماغ کا امتحان, مشکل"
Q2346,😈 ٹرک سوالات,H,"ایک شخص تصویر کی طرف دیکھ کر کہتا ہے: ""میرا کوئی بھائی یا بہن نہیں، لیکن اس شخص کے باپ کا بیٹا میرے باپ کا بیٹا ہے۔"" تصویر میں کون ہے؟",وہ خود,اس کا باپ,اس کا بیٹا,اس کا بھتیجا,C,درست جواب ہے: اس کا بیٹا۔,"ٹرک سوالات, مشکل"
Q2347,🎭 الفاظ کا جادو,H,"لفظ ""کثیر"" کا متضاد کیا ہے؟",وسیع,بہت,قلیل,زیادہ,C,کثیر کا متضاد قلیل ہے۔,"الفاظ کا جادو, مشکل"
Q2348,🧠 99٪ لوگ غلط جواب دیتے ہیں,H,دو مقداروں کا تناسب 6:5 ہے۔ اگر کل مقدار 143 ہے تو پہلی مقدار کتنی ہوگی؟,76,80,78,65,C,کل حصے = 6+5 = 11۔ پہلی مقدار = (6/11)×143 = 78۔,"99٪ لوگ غلط جواب دیتے ہیں, مشکل"
Q2349,⏳ 5 سیکنڈ چیلنج,H,میں وہ ہوں جسے آپ جتنا تلاش کریں گے، وہ اتنا ہی دور محسوس ہوگا۔,منزل,خواب,افق,خوشی,C,درست جواب ہے: افق۔,"5 سیکنڈ چیلنج, مشکل"
Q2350,🧠 99٪ لوگ غلط جواب دیتے ہیں,H,اگر 4 مزدور ایک کام 12 دنوں میں مکمل کرتے ہیں تو 3 مزدور وہی کام کتنے دنوں میں مکمل کریں گے؟,16,18,17,15,A,کل کام = 4×12 = 48 مزدور-دن۔ 3 مزدوروں کے لیے وقت = 48/3 = 16 دن۔,"99٪ لوگ غلط جواب دیتے ہیں, مشکل"
Q2351,🧩 دلچسپ پہیلیاں,H,وہ کون سی چیز ہے جو جتنی زیادہ استعمال ہو اتنی ہی تیز ہوتی جاتی ہے؟,دماغ,جوتا,قلم,چاقو,A,دماغ جتنا زیادہ استعمال کیا جائے اتنا ہی بہتر کام کرتا ہے۔,"دلچسپ پہیلیاں, مشکل"
Q2352,🎭 الفاظ کا جادو,H,استقامت کا مترادف کیا ہے؟,بزدلی,ثابت قدمی,غصہ,خوف,B,درست جواب ہے: ثابت قدمی۔,"الفاظ کا جادو, مشکل"
Q2353,🤯 دماغ کا امتحان,H,ایک گاڑی 90 کلومیٹر فی گھنٹہ کی رفتار سے 2 گھنٹے سفر کرتی ہے۔ کل فاصلہ کتنا ہوگا؟,90,270,360,180,D,فاصلہ = رفتار × وقت = 90 × 2 = 180 کلومیٹر۔,"دماغ کا امتحان, مشکل"
Q2354,👑 صرف ذہین لوگوں کے لیے,H,اسکواش میں دنیا کے نمبر ون کھلاڑی رہنے والے مشہور پاکستانی کون تھے؟,عمران خان,جہانگیر خان اور جان شیر خان,وسیم اکرم,شعیب اختر,B,درست جواب ہے: جہانگیر خان اور جان شیر خان۔,"صرف ذہین لوگوں کے لیے, مشکل"
Q2355,👑 صرف ذہین لوگوں کے لیے,H,فوٹو سنتھیسز کے لیے پودوں کو کیا درکار ہوتا ہے؟,صرف ہوا,صرف پانی,سورج کی روشنی، پانی اور کاربن ڈائی آکسائیڈ,صرف مٹی,C,درست جواب ہے: سورج کی روشنی، پانی اور کاربن ڈائی آکسائیڈ۔,"صرف ذہین لوگوں کے لیے, مشکل"
Q2356,😈 ٹرک سوالات,H,دو مقداروں کا تناسب 5:2 ہے۔ اگر کل مقدار 56 ہے تو پہلی مقدار کتنی ہوگی؟,16,38,42,40,D,کل حصے = 5+2 = 7۔ پہلی مقدار = (5/7)×56 = 40۔,"ٹرک سوالات, مشکل"
Q2357,🤯 دماغ کا امتحان,H,ایک چیز 300 روپے میں خرید کر 360 روپے میں بیچی گئی۔ نفع کی شرح کتنی فیصد ہے؟,25%,30%,20%,15%,C,نفع = 360-300 = 60 روپے۔ نفع فیصد = (60/300)×100 = 20%۔,"دماغ کا امتحان, مشکل"
Q2358,🤯 دماغ کا امتحان,H,دو مقداروں کا تناسب 2:6 ہے۔ اگر کل مقدار 120 ہے تو پہلی مقدار کتنی ہوگی؟,30,28,90,32,A,کل حصے = 2+6 = 8۔ پہلی مقدار = (2/8)×120 = 30۔,"دماغ کا امتحان, مشکل"
Q2359,⏳ 5 سیکنڈ چیلنج,H,پاکستان میں پہلی میٹرو بس سروس کس شہر میں شروع ہوئی؟,ملتان,اسلام آباد,کراچی,لاہور,D,درست جواب ہے: لاہور۔,"5 سیکنڈ چیلنج, مشکل"
Q2360,🎭 الفاظ کا جادو,H,"""گھوڑا"" کا مترادف کیا ہے؟",کوہ,صاحب خانہ,نسیم,اسپ,D,"""گھوڑا"" کا مترادف ""اسپ"" ہے۔","الفاظ کا جادو, مشکل"
Q2361,⏳ 5 سیکنڈ چیلنج,H,انسانی زبان سمجھ کر جواب دینے والی ٹیکنالوجی کیا کہلاتی ہے؟,مصنوعی ذہانت (AI),الگورتھم,کمپیوٹر,روبوٹ,A,درست جواب ہے: مصنوعی ذہانت (AI)۔,"5 سیکنڈ چیلنج, مشکل"
Q2362,🎭 الفاظ کا جادو,H,"""غلامی"" کا مترادف کیا ہے؟",کذب,امن,ارض,اسیری,D,"""غلامی"" کا مترادف ""اسیری"" ہے۔","الفاظ کا جادو, مشکل"
Q2363,⏳ 5 سیکنڈ چیلنج,H,"اردو کے پہلے ناول ""امراؤ جان ادا"" کے مصنف میرزا محمد ہادی رسوا کا اصل پیشہ کیا تھا؟",وکالت,"""طبابت""",استاد,سرکاری ملازمت,B,"درست جواب ہے: ""طبابت""۔","5 سیکنڈ چیلنج, مشکل"
Q2364,😈 ٹرک سوالات,H,ایک گھڑی 12 بجے 12 بار بجتی ہے۔ اگر ہر وقفہ 1 سیکنڈ کا ہو تو 12 بجنے میں کتنا وقت لگتا ہے,12 سیکنڈ,11 سیکنڈ,24 سیکنڈ,6 سیکنڈ,B,12 گھنٹیوں کے درمیان 11 وقفے ہوتے ہیں۔,"ٹرک سوالات, مشکل"
Q2365,📖 اردو محاورے,H,"""باتوں میں آنا"" محاورے کا کیا مطلب ہے؟",فریب میں آ جانا,باتیں کرنا,سمجھنا,لڑنا,A,درست جواب ہے: فریب میں آ جانا۔,"اردو محاورے, مشکل"
Q2366,🤯 دماغ کا امتحان,H,ایک چیز 250 روپے میں خرید کر 350 روپے میں بیچی گئی۔ نفع کی شرح کتنی فیصد ہے؟,50%,45%,35%,40%,D,نفع = 350-250 = 100 روپے۔ نفع فیصد = (100/250)×100 = 40%۔,"دماغ کا امتحان, مشکل"
Q2367,🎭 الفاظ کا جادو,H,"لفظ ""آغاز"" کا متضاد کیا ہے؟",شروع,ابتدا,پیدائش,اختتام,D,آغاز کا متضاد اختتام ہے۔,"الفاظ کا جادو, مشکل"
Q2368,🎭 الفاظ کا جادو,H,"""بےوفائی"" کا مترادف کیا ہے؟",غرور,دغا,انکساری,مہک,B,"""بےوفائی"" کا مترادف ""دغا"" ہے۔","الفاظ کا جادو, مشکل"
Q2369,⏳ 5 سیکنڈ چیلنج,H,میں وہ ہوں جو جتنا استعمال کیا جائے، اتنا ہی کم ہوتا جاتا ہوں۔,یہ سب,صابن,پنسل,موم بتی,A,درست جواب ہے: یہ سب۔,"5 سیکنڈ چیلنج, مشکل"
Q2370,⏳ 5 سیکنڈ چیلنج,H,پاکستان میں ٹرک آرٹ کے لیے کون سا شہر خاص شہرت رکھتا ہے؟,راولپنڈی,حیدرآباد (سندھ),لاہور,کراچی,B,درست جواب ہے: حیدرآباد (سندھ)۔,"5 سیکنڈ چیلنج, مشکل"
Q2371,🤯 دماغ کا امتحان,H,دو ٹرینیں 30 اور 40 کلومیٹر فی گھنٹہ کی رفتار سے ایک دوسرے کی طرف آ رہی ہیں۔ ان کے درمیان فاصلہ 210 کلومیٹر ہے۔ وہ کتنے گھنٹوں میں ملیں گی؟,5,4,2,3,D,مجموعی رفتار = 30+40 = 70۔ وقت = فاصلہ/رفتار = 210/70 = 3 گھنٹے۔,"دماغ کا امتحان, مشکل"
Q2372,🧩 دلچسپ پہیلیاں,H,وہ کون سی چیز ہے جو دوسروں کے لیے روشنی بنتی ہے مگر خود جل جاتی ہے؟,بلب,سورج,چاند,موم بتی/چراغ,D,یہ ایک لطیف پہیلی ہے جس کا جواب ہے: موم بتی/چراغ۔,"دلچسپ پہیلیاں, مشکل"
Q2373,👑 صرف ذہین لوگوں کے لیے,H,تخت بھائی کے بدھ مت کے آثار کس صوبے میں ہیں؟,پنجاب,خیبر پختونخوا,سندھ,بلوچستان,B,درست جواب ہے: خیبر پختونخوا۔,"صرف ذہین لوگوں کے لیے, مشکل"
Q2374,📖 اردو محاورے,H,"""ناک کا سوال ہونا"" محاورے کا کیا مطلب ہے؟",مذاق ہونا,ناک زخمی ہونا,بیماری ہونا,عزت و غیرت کا مسئلہ بن جانا,D,درست جواب ہے: عزت و غیرت کا مسئلہ بن جانا۔,"اردو محاورے, مشکل"
Q2375,🧠 99٪ لوگ غلط جواب دیتے ہیں,H,75 روپے ادا کرنے کے لیے کم از کم کتنے نوٹ (50، 10، 5 روپے کے) درکار ہوں گے؟,6,4,3,5,B,کم از کم نوٹوں کے ساتھ 75 روپے بنانے کے لیے 4 نوٹ درکار ہیں۔,"99٪ لوگ غلط جواب دیتے ہیں, مشکل"
Q2376,🎭 الفاظ کا جادو,H,لفظ پھول کا مترادف کیا ہے,گل,کانٹا,رنگ,پتہ,A,گل، پھول کا مترادف ہے۔,"الفاظ کا جادو, مشکل"
Q2377,🧠 99٪ لوگ غلط جواب دیتے ہیں,H,ایک کمرے میں 4 افراد ہیں، اگر ہر ایک دوسرے سے ایک بار ہاتھ ملائے تو کل کتنے مصافحے ہوں گے؟,10,6,2,16,B,کل مصافحے = n(n-1)/2 = 4×3/2 = 6۔,"99٪ لوگ غلط جواب دیتے ہیں, مشکل"
Q2378,🧠 99٪ لوگ غلط جواب دیتے ہیں,H,اگر ایک آدمی 10 منٹ میں 10 درخت لگاتا ہے تو 60 منٹ میں اسی رفتار سے کتنے درخت لگائے گا؟,100,30,60,10,C,درست جواب ہے: 60۔,"99٪ لوگ غلط جواب دیتے ہیں, مشکل"
Q2379,🧩 دلچسپ پہیلیاں,H,وہ کون سی چیز ہے جس کے پاس چابیاں تو ہوتی ہیں مگر تالہ نہیں کھول سکتی؟,کی بورڈ,چوکیدار,دروازہ,چابیوں کا گچھا,A,درست جواب ہے: کی بورڈ۔,"دلچسپ پہیلیاں, مشکل"
Q2380,😈 ٹرک سوالات,H,دو مقداروں کا تناسب 5:4 ہے۔ اگر کل مقدار 126 ہے تو پہلی مقدار کتنی ہوگی؟,72,70,56,68,B,کل حصے = 5+4 = 9۔ پہلی مقدار = (5/9)×126 = 70۔,"ٹرک سوالات, مشکل"
Q2381,😈 ٹرک سوالات,H,ایک جہاز میں 100 مسافر ہیں۔ 60 اردو بولتے ہیں، 50 انگریزی بولتے ہیں اور 20 دونوں زبانیں نہیں بولتے۔ دونوں زبانیں بولنے والے کتنے ہیں؟,40,30,20,50,B,درست جواب ہے: 30۔,"ٹرک سوالات, مشکل"
Q2382,🧠 99٪ لوگ غلط جواب دیتے ہیں,H,اگر 2+3=10، 7+2=63، 6+5=66، 8+4=96 ہو تو 9+7=؟,112,63,81,144,D,درست جواب ہے: 144۔,"99٪ لوگ غلط جواب دیتے ہیں, مشکل"
Q2383,🧠 99٪ لوگ غلط جواب دیتے ہیں,H,ایک چڑیا 20 فٹ گہرے گڑھے میں گر گئی۔ روزانہ 3 فٹ چڑھتی اور 2 فٹ پھسلتی ہے۔ کتنے دن میں باہر نکلے گی؟,18,17,19,20,B,درست جواب ہے: 17۔,"99٪ لوگ غلط جواب دیتے ہیں, مشکل"
Q2384,⏳ 5 سیکنڈ چیلنج,H,"پاکستان کا وہ شہر جو ""فٹ بال کی صنعت"" کے لیے دنیا بھر میں مشہور ہے؟",کراچی,سیالکوٹ,لاہور,فیصل آباد,B,درست جواب ہے: سیالکوٹ ________________۔,"5 سیکنڈ چیلنج, مشکل"
Q2385,🎭 الفاظ کا جادو,H,دانش مند کا مترادف کیا ہے؟,عقلمند,جاہل,سست,غرور,A,درست جواب ہے: عقلمند۔,"الفاظ کا جادو, مشکل"
Q2386,🎭 الفاظ کا جادو,H,"لفظ ""سحر"" کا ایک معروف معنی کیا ہے؟",جادو,ہوا,آگ,پانی,A,درست جواب ہے: جادو۔,"الفاظ کا جادو, مشکل"
Q2387,⏳ 5 سیکنڈ چیلنج,H,ایک آدمی پانی موجود ہونے کے باوجود پیاس سے کیوں مر گیا؟,پانی زہریلا تھا,پانی گرم تھا,وہ وہاں موجود ہی نہیں تھا,برتن خالی تھا,C,درست جواب ہے: وہ وہاں موجود ہی نہیں تھا۔,"5 سیکنڈ چیلنج, مشکل"
Q2388,👑 صرف ذہین لوگوں کے لیے,H,"""جمیل نوری نستعلیق"" کس رسم الخط پر مبنی فونٹ ہے؟",نستعلیق,کوفی,ثلث,نسخ,A,درست جواب ہے: نستعلیق۔,"صرف ذہین لوگوں کے لیے, مشکل"
Q2389,🎭 الفاظ کا جادو,H,"لفظ ""کتاب"" کی جمع کیا ہے؟",کتبہ,کتابات,کتابان,کتابیں,D,درست جواب ہے: کتابیں ✓۔,"الفاظ کا جادو, مشکل"
Q2390,🤯 دماغ کا امتحان,H,ایک گاڑی 60 کلومیٹر فی گھنٹہ کی رفتار سے 2 گھنٹے سفر کرتی ہے۔ کل فاصلہ کتنا ہوگا؟,60,180,120,240,C,فاصلہ = رفتار × وقت = 60 × 2 = 120 کلومیٹر۔,"دماغ کا امتحان, مشکل"
Q2391,⏳ 5 سیکنڈ چیلنج,H,پاکستان کا رقبے کے لحاظ سے سب سے بڑا صوبہ کون سا ہے؟,سندھ,پنجاب,خیبر پختونخوا,بلوچستان,D,بلوچستان رقبے کے لحاظ سے سب سے بڑا صوبہ ہے,"5 سیکنڈ چیلنج, مشکل"
Q2392,😈 ٹرک سوالات,H,دو مقداروں کا تناسب 2:4 ہے۔ اگر کل مقدار 78 ہے تو پہلی مقدار کتنی ہوگی؟,26,28,24,52,A,کل حصے = 2+4 = 6۔ پہلی مقدار = (2/6)×78 = 26۔,"ٹرک سوالات, مشکل"
Q2393,🎭 الفاظ کا جادو,H,"""فراخدلی"" کا متضاد کیا ہے؟",لالچ,تنگ نظری,تذبذب,بخل,B,"""فراخدلی"" کا متضاد ""تنگ نظری"" ہے۔","الفاظ کا جادو, مشکل"
Q2394,👑 صرف ذہین لوگوں کے لیے,H,اردو کے شاعر میر تقی میر کا اصل نام کیا تھا؟,میر عبدالحئی,میر اسد اللہ,میر تقی علی,میر محمد تقی,D,درست جواب ہے: میر محمد تقی۔,"صرف ذہین لوگوں کے لیے, مشکل"
Q2395,🧠 99٪ لوگ غلط جواب دیتے ہیں,H,دو ٹرینیں 50 اور 50 کلومیٹر فی گھنٹہ کی رفتار سے ایک دوسرے کی طرف آ رہی ہیں۔ ان کے درمیان فاصلہ 200 کلومیٹر ہے۔ وہ کتنے گھنٹوں میں ملیں گی؟,1,3,4,2,D,مجموعی رفتار = 50+50 = 100۔ وقت = فاصلہ/رفتار = 200/100 = 2 گھنٹے۔,"99٪ لوگ غلط جواب دیتے ہیں, مشکل"
Q2396,🧩 دلچسپ پہیلیاں,H,ایسی کون سی چیز ہے جو خریدی نہیں جا سکتی مگر ایک لمحے میں کھو سکتی ہے؟,مکان,کپڑا,کتاب,عزت,D,عزت ایک غلطی سے جا سکتی ہے,"دلچسپ پہیلیاں, مشکل"
Q2397,🎭 الفاظ کا جادو,H,"لفظ ""نرم"" کا متضاد کیا ہے؟",سخت,باریک,موٹا,ہموار,A,نرم کا متضاد سخت ہے۔,"الفاظ کا جادو, مشکل"
Q2398,⏳ 5 سیکنڈ چیلنج,H,پاکستان کا کون سا شہر فیشن انڈسٹری کا اہم مرکز سمجھا جاتا ہے؟,لاہور,اسلام آباد,فیصل آباد,کراچی,A,درست جواب ہے: لاہور۔,"5 سیکنڈ چیلنج, مشکل"
Q2399,🧩 دلچسپ پہیلیاں,H,وہ کون سی چیز ہے جو ایک بار ہاتھ سے نکل جائے تو ساری دنیا مل کر بھی واپس نہیں لا سکتی؟,گزرا ہوا لمحہ,موقع,کھلونا,پیسہ,A,وقت واپس نہیں آتا,"دلچسپ پہیلیاں, مشکل"
Q2400,👑 صرف ذہین لوگوں کے لیے,H,مشہور صوفی بزرگ لعل شہباز قلندر کا مزار کہاں ہے,کراچی,سیہون,ملتان,لاہور,B,لعل شہباز قلندر کا مزار سیہون شریف سندھ میں واقع ہے۔,"صرف ذہین لوگوں کے لیے, مشکل"
Q2401,👑 صرف ذہین لوگوں کے لیے,H,تحریک پاکستان کا قرارداد لاہور کب منظور ہوا؟,1930,1947,1946,1940,D,درست جواب ہے: 1940۔,"صرف ذہین لوگوں کے لیے, مشکل"
Q2402,👑 صرف ذہین لوگوں کے لیے,H,تین کپوں میں چائے، دودھ اور پانی ہے۔ اگر تینوں میں چینی ڈال دی جائے تو چینی کس میں نہیں ہوگی؟,چائے,پانی,دودھ,تینوں میں ہوگی,D,درست جواب ہے: تینوں میں ہوگی۔,"صرف ذہین لوگوں کے لیے, مشکل"
Q2403,🧠 99٪ لوگ غلط جواب دیتے ہیں,H,ایک آدمی 20 منزلہ عمارت کے 10ویں فلور پر رہتا ہے۔ واپسی پر 10ویں فلور تک لفٹ استعمال کرتا ہے پھر سیڑھیاں چڑھتا ہے۔ کیوں؟,لفٹ صرف 10ویں فلور تک جاتی ہے,ورزش کرنا چاہتا ہے,وہ اتنا لمبا نہیں کہ اوپر والا بٹن دبا سکے,سیڑھیاں زیادہ پسند ہیں,C,درست جواب ہے: وہ اتنا لمبا نہیں کہ اوپر والا بٹن دبا سکے۔,"99٪ لوگ غلط جواب دیتے ہیں, مشکل"
Q2404,🧩 دلچسپ پہیلیاں,H,وہ کون سی چیز ہے جو آپ کو تب دی جاتی ہے جب آپ اسے نہیں چاہتے اور واپس لے لی جاتی ہے جب آپ چاہتے ہیں؟,پیسہ,مشورہ,ٹکٹ,نیند,B,درست جواب ہے: مشورہ۔,"دلچسپ پہیلیاں, مشکل"
Q2405,🤯 دماغ کا امتحان,H,دو مقداروں کا تناسب 3:5 ہے۔ اگر کل مقدار 104 ہے تو پہلی مقدار کتنی ہوگی؟,41,37,65,39,D,کل حصے = 3+5 = 8۔ پہلی مقدار = (3/8)×104 = 39۔,"دماغ کا امتحان, مشکل"
Q2406,👑 صرف ذہین لوگوں کے لیے,H,قرآن مجید کی پہلی وحی غار حرا میں کس مہینے نازل ہوئی؟,محرم,شعبان,رجب,رمضان,D,درست جواب ہے: رمضان۔,"صرف ذہین لوگوں کے لیے, مشکل"
Q2407,⏳ 5 سیکنڈ چیلنج,H,پاسپورٹ پر موجود الیکٹرانک چِپ والے پاسپورٹ کو کیا کہتے ہیں؟,ای پاسپورٹ,ڈیجیٹل آئی ڈی,گرین پاسپورٹ,سمارٹ کارڈ,A,درست جواب ہے: ای پاسپورٹ۔,"5 سیکنڈ چیلنج, مشکل"
Q2408,😈 ٹرک سوالات,H,ایک کمرے میں 10 موم بتیاں جل رہی تھیں۔ ہوا سے 3 بجھ گئیں۔ صبح تک کتنی موم بتیاں باقی رہیں گی؟,10,7,3,0,C,درست جواب ہے: 3۔,"ٹرک سوالات, مشکل"
Q2409,📖 اردو محاورے,H,"دل کا محاورہ ""دل بڑھانا"" کا مطلب کیا ہے؟",خوش کرنا,ہمت بڑھانا,دل کی بیماری,غمگین کرنا,B,درست جواب ہے: ہمت بڑھانا۔,"اردو محاورے, مشکل"
Q2410,😈 ٹرک سوالات,H,ایک تھیلے میں 3 سرخ اور 4 نیلی گیندیں ہیں۔ بغیر دیکھے ایک گیند نکالنے پر سرخ گیند نکلنے کا امکان کتنے میں سے کتنا ہے؟,4/7,7/3,3/4,3/7,D,کل گیندیں 7 ہیں جن میں سے 3 سرخ ہیں، اس لیے امکان 3/7 ہے۔,"ٹرک سوالات, مشکل"
Q2411,🧠 99٪ لوگ غلط جواب دیتے ہیں,H,دو ٹرینیں 30 اور 30 کلومیٹر فی گھنٹہ کی رفتار سے ایک دوسرے کی طرف آ رہی ہیں۔ ان کے درمیان فاصلہ 120 کلومیٹر ہے۔ وہ کتنے گھنٹوں میں ملیں گی؟,3,2,1,4,B,مجموعی رفتار = 30+30 = 60۔ وقت = فاصلہ/رفتار = 120/60 = 2 گھنٹے۔,"99٪ لوگ غلط جواب دیتے ہیں, مشکل"
Q2412,🧩 دلچسپ پہیلیاں,H,وہ کون سی چیز ہے جو دی جائے تو بڑھتی ہے اور روکی جائے تو گھٹتی ہے؟,پیسہ,علم,خوراک,پانی,B,یہ ایک لطیف پہیلی ہے جس کا جواب ہے: علم۔,"دلچسپ پہیلیاں, مشکل"
Q2413,🎭 الفاظ کا جادو,H,"لفظ ""فراز"" کا متضاد کیا ہے؟",عروج,چوٹی,نشیب,بلندی,C,درست جواب ہے: نشیب۔,"الفاظ کا جادو, مشکل"
Q2414,⏳ 5 سیکنڈ چیلنج,H,بانٹو تو بڑھتا ہوں، رکھو تو گھٹتا ہوں۔ میں کیا ہوں؟,علم,پیسہ,کھانا,وقت,A,درست جواب ہے: علم۔,"5 سیکنڈ چیلنج, مشکل"
Q2415,🎭 الفاظ کا جادو,H,لفظ نظر کا ایک معنی دیکھنا ہے دوسرا کیا ہے,رائے,چہرہ,روشنی,آنکھ,A,نظر کا مطلب رائے یا نقطۂ نظر بھی ہوتا ہے۔,"الفاظ کا جادو, مشکل"
Q2416,⏳ 5 سیکنڈ چیلنج,H,باپ بیٹے کی عمروں کا مجموعہ 66 ہے باپ بیٹے سے دگنا ہے باپ کی عمر؟,44,42,48,40,A,2x+x=66 تو x=22 باپ=44,"5 سیکنڈ چیلنج, مشکل"
Q2417,🧠 99٪ لوگ غلط جواب دیتے ہیں,H,ایک دراز میں 5 مختلف رنگوں کی جرابیں بے ترتیب رکھی ہیں۔ ایک جیسے رنگ کا جوڑا یقینی بنانے کے لیے اندھیرے میں کم از کم کتنی جرابیں نکالنی ہوں گی؟,4,6,7,5,B,Pigeonhole اصول کے مطابق 5+1 = 6 جرابیں نکالنے پر ایک جوڑا یقینی بن جاتا ہے۔,"99٪ لوگ غلط جواب دیتے ہیں, مشکل"
Q2418,👑 صرف ذہین لوگوں کے لیے,H,جدید طبیعیات میں کوانٹم تھیوری کس نے پیش کی؟,میکس پلانک,نیوٹن,ڈارون,گلیلیو,A,درست جواب ہے: میکس پلانک۔,"صرف ذہین لوگوں کے لیے, مشکل"
Q2419,😈 ٹرک سوالات,H,AI چیٹ بوٹ 5 سیکنڈ میں جواب دیتا ہے۔ آپ نے 10 سوال پوچھے اور ہر سوال سے پہلے 2 سیکنڈ سوچا۔ کل کتنا وقت لگا؟,70 سیکنڈ,90 سیکنڈ,50 سیکنڈ,100 سیکنڈ,A,درست جواب ہے: 70 سیکنڈ۔,"ٹرک سوالات, مشکل"
Q2420,😈 ٹرک سوالات,H,ایک کمرے میں 3 مچھلیاں ہیں۔ اگر 2 ڈوب جائیں اور 1 مر جائے تو کمرے میں کتنی مچھلیاں ہوں گی؟,3,0,2,1,A,درست جواب ہے: 3۔,"ٹرک سوالات, مشکل"
Q2421,🧠 99٪ لوگ غلط جواب دیتے ہیں,H,کمرے میں 5 سمارٹ بلب ہیں۔ 2 کا رنگ بدلا، 1 کی برائٹنس کم کی، 1 بند ہے۔ کتنے بلب جل رہے ہیں؟,3,5,2,4,D,درست جواب ہے: 4۔,"99٪ لوگ غلط جواب دیتے ہیں, مشکل"
Q2422,🧠 99٪ لوگ غلط جواب دیتے ہیں,H,120 روپے ادا کرنے کے لیے کم از کم کتنے نوٹ (50، 10، 5 روپے کے) درکار ہوں گے؟,5,3,4,6,C,کم از کم نوٹوں کے ساتھ 120 روپے بنانے کے لیے 4 نوٹ درکار ہیں۔,"99٪ لوگ غلط جواب دیتے ہیں, مشکل"
Q2423,👑 صرف ذہین لوگوں کے لیے,H,پاکستان کا سب سے بڑا میٹھے پانی کا ذخیرہ کون سا ہے؟,تربیلا ڈیم,منگلا ڈیم,حب ڈیم,وارسک ڈیم,B,درست جواب ہے: منگلا ڈیم۔,"صرف ذہین لوگوں کے لیے, مشکل"
Q2424,😈 ٹرک سوالات,H,ایک تھیلے میں 4 سرخ اور 3 نیلی گیندیں ہیں۔ بغیر دیکھے ایک گیند نکالنے پر سرخ گیند نکلنے کا امکان کتنے میں سے کتنا ہے؟,3/7,4/3,7/4,4/7,D,کل گیندیں 7 ہیں جن میں سے 4 سرخ ہیں، اس لیے امکان 4/7 ہے۔,"ٹرک سوالات, مشکل"
Q2425,🎭 الفاظ کا جادو,H,"لفظ ""جام"" کا ایک مطلب پینے کا برتن ہے، دوسرا کیا ہے؟",دروازہ,رکاوٹ,چادر,پھول,B,جام کا مطلب ٹریفک کا رکا ہوا ہجوم بھی ہوتا ہے۔,"الفاظ کا جادو, مشکل"
Q2426,🤯 دماغ کا امتحان,H,ایک گاڑی 90 کلومیٹر فی گھنٹہ کی رفتار سے 5 گھنٹے سفر کرتی ہے۔ کل فاصلہ کتنا ہوگا؟,360,450,540,630,B,فاصلہ = رفتار × وقت = 90 × 5 = 450 کلومیٹر۔,"دماغ کا امتحان, مشکل"
Q2427,👑 صرف ذہین لوگوں کے لیے,H,ایک شخص تین دن تک سورج دیکھے بغیر سفر کرتا رہا۔ سب سے معقول وجہ کیا ہو سکتی ہے؟,قطبی علاقے میں,بادلوں کے اوپر,زیرِ زمین,سمندر کے نیچے,A,درست جواب ہے: قطبی علاقے میں۔,"صرف ذہین لوگوں کے لیے, مشکل"
Q2428,⏳ 5 سیکنڈ چیلنج,H,میں وہ ہوں جو آپ جتنا مجھے بھولیں گے، میں اتنا ہی یاد آؤں گا، مگر میں ماضی نہیں ہوں۔,پرانی دوستی,خواب,ادھورا کام,بچپن کا کھلونا,C,درست جواب ہے: ادھورا کام۔,"5 سیکنڈ چیلنج, مشکل"
Q2429,📖 اردو محاورے,H,"""اونٹ کس کروٹ بیٹھے گا؟"" محاورے کا مطلب؟",آخرکار معاملہ کس طرف جائے گا,سفر ختم ہونا,تھک جانا,اونٹ کا بیٹھنا,A,درست جواب ہے: آخرکار معاملہ کس طرف جائے گا۔,"اردو محاورے, مشکل"
Q2430,😈 ٹرک سوالات,H,دو باپ اور دو بیٹے مچھلی پکڑنے گئے۔ ہر ایک نے ایک مچھلی پکڑی، پھر بھی کل 3 مچھلیاں کیوں تھیں؟,کسی نے مچھلی نہیں پکڑی,دو مچھلیاں ایک جیسی تھیں,ایک مچھلی بھاگ گئی,دادا، باپ اور بیٹا صرف 3 افراد تھے,D,غور سے سوچیں، ظاہری الفاظ کے بجائے منطق استعمال کریں۔,"ٹرک سوالات, مشکل"
Q2431,👑 صرف ذہین لوگوں کے لیے,H,پاکستان کا سب سے بڑا شہر رقبے کے لحاظ سے کون سا ہے,لاہور,کراچی,اسلام آباد,کوئٹہ,D,کوئٹہ رقبے کے لحاظ سے پاکستان کے بڑے شہروں میں شمار ہوتا ہے۔,"صرف ذہین لوگوں کے لیے, مشکل"
Q2432,🧠 99٪ لوگ غلط جواب دیتے ہیں,H,ایک آدمی نے 2 گھڑیاں خریدیں۔ ایک صحیح چلتی ہے ایک الٹی۔ دونوں 12 بجے برابر ہوئیں۔ اگلی بار کب برابر ہوں گی؟,3 بجے,12 بجے رات,6 بجے,کبھی نہیں,B,درست جواب ہے: 12 بجے رات۔,"99٪ لوگ غلط جواب دیتے ہیں, مشکل"
Q2433,📖 اردو محاورے,H,"""دودھ میں مینگنیاں ڈالنا"" کا مطلب کیا ہے؟",کھانا پکانا,مینگنیاں چننا,اچھی چیز کو خراب کر دینا,دودھ صاف کرنا,C,"""دودھ میں مینگنیاں ڈالنا"" کا محاورتی مطلب ہے: اچھی چیز کو خراب کر دینا۔","اردو محاورے, مشکل"
Q2434,👑 صرف ذہین لوگوں کے لیے,H,قوالی کو عالمی سطح پر مقبول بنانے والوں میں سب سے نمایاں نام کون سا ہے؟,نصرت فتح علی خان,مہدی حسن,غلام علی,عطاء اللہ,A,درست جواب ہے: B)نصرت فتح علی خان ✓۔,"صرف ذہین لوگوں کے لیے, مشکل"
Q2435,🧩 دلچسپ پہیلیاں,H,وہ کون سی چیز ہے جو جتنی نرم ہوتی ہے اتنا ہی گہرا نشان چھوڑ سکتی ہے؟,کپڑا,پانی,ہوا,بات,D,بات دل پر گہرا اثر کرتی ہے,"دلچسپ پہیلیاں, مشکل"
Q2436,🧠 99٪ لوگ غلط جواب دیتے ہیں,H,ایک آدمی نے 2 گھڑیاں خریدیں۔ ایک صحیح چلتی ہے اور دوسری الٹی۔ دونوں 12 بجے ایک ساتھ تھیں۔ اگلی بار کب ایک جیسا وقت دکھائیں گی؟,6 بجے,12 بجے,کبھی نہیں,3 بجے,B,درست جواب ہے: 12 بجے۔,"99٪ لوگ غلط جواب دیتے ہیں, مشکل"
Q2437,🧩 دلچسپ پہیلیاں,H,وہ کون سی چیز ہے جو خود اندھی ہوتی ہے مگر دوسروں کو راستہ دکھاتی ہے؟,آنکھ,کتاب,چراغ/موم بتی,لاٹھی,C,یہ ایک لطیف پہیلی ہے جس کا جواب ہے: چراغ/موم بتی۔,"دلچسپ پہیلیاں, مشکل"
Q2438,🧩 دلچسپ پہیلیاں,H,وہ کون سی چیز ہے جو جتنی تیز دوڑتی ہے اتنی ہی اپنی جگہ پر رہتی ہے؟,پہیہ,گھڑی,زمین,پنکھا,D,پنکھا تیزی سے گھومتا ہے مگر اپنی جگہ پر رہتا ہے۔,"دلچسپ پہیلیاں, مشکل"
Q2439,🎭 الفاظ کا جادو,H,"""پرانا"" کا مترادف کیا ہے؟",قلب,ظلمت,روزی,قدیم,D,"""پرانا"" کا مترادف ""قدیم"" ہے۔","الفاظ کا جادو, مشکل"
Q2440,😈 ٹرک سوالات,H,ایک تھیلے میں 3 سرخ اور 5 نیلی گیندیں ہیں۔ بغیر دیکھے ایک گیند نکالنے پر سرخ گیند نکلنے کا امکان کتنے میں سے کتنا ہے؟,3/5,5/8,3/8,8/3,C,کل گیندیں 8 ہیں جن میں سے 3 سرخ ہیں، اس لیے امکان 3/8 ہے۔,"ٹرک سوالات, مشکل"
Q2441,🎭 الفاظ کا جادو,H,"""پرندہ"" کا مترادف کیا ہے؟",طائر,بھید,کوہ,اسپ,A,"""پرندہ"" کا مترادف ""طائر"" ہے۔","الفاظ کا جادو, مشکل"
Q2442,📖 اردو محاورے,H,"""ہاتھوں سے جنت گنوانا"" کا مطلب کیا ہے؟",تھوڑی سی لالچ میں بڑی نعمت کھو دینا,جنت پانا,نیکی کمانا,صبر کرنا,A,"""ہاتھوں سے جنت گنوانا"" کا محاورتی مطلب ہے: تھوڑی سی لالچ میں بڑی نعمت کھو دینا۔","اردو محاورے, مشکل"
Q2443,⏳ 5 سیکنڈ چیلنج,H,ایک کسان کے پاس بھیڑیا، بھیڑ اور گوبھی ہے۔ کشتی میں ایک وقت میں صرف ایک چیز لے جا سکتا ہے۔ پہلے کیا لے جائے؟,گوبھی,بھیڑیا,بھیڑ,خود,C,درست جواب ہے: بھیڑ۔,"5 سیکنڈ چیلنج, مشکل"
Q2444,😈 ٹرک سوالات,H,ایک باغ میں 15 پرندے تھے۔ 5 اڑ گئے اور 3 واپس آ گئے۔ اب باغ میں کتنے پرندے ہیں؟,18,13,15,10,B,درست جواب ہے: 13۔,"ٹرک سوالات, مشکل"
Q2445,🤯 دماغ کا امتحان,H,اگر آپ روزانہ 100 روپے بچائیں تو تقریباً 3 ماہ (90 دن) میں کتنے روپے جمع ہوں گے؟,15000,9000,12000,6000,B,درست جواب ہے: 9000۔,"دماغ کا امتحان, مشکل"
Q2446,📖 اردو محاورے,H,آئے تھے ہر بھرنے کو پر الٹا گھر بھر گئے,کام کرنا,فائدے کی جگہ نقصان,ہر بھرنا,گھر بھرنا,B,مدد کرنے آئے مگر الٹا نقصان کر گئے۔,"اردو محاورے, مشکل"
Q2447,🤯 دماغ کا امتحان,H,دو ٹرینیں 50 اور 20 کلومیٹر فی گھنٹہ کی رفتار سے ایک دوسرے کی طرف آ رہی ہیں۔ ان کے درمیان فاصلہ 140 کلومیٹر ہے۔ وہ کتنے گھنٹوں میں ملیں گی؟,3,1,2,4,C,مجموعی رفتار = 50+20 = 70۔ وقت = فاصلہ/رفتار = 140/70 = 2 گھنٹے۔,"دماغ کا امتحان, مشکل"
Q2448,⏳ 5 سیکنڈ چیلنج,H,ایک ماں کے 4 بچے ہیں، ہر بچے کی ایک بہن ہے، کل بچے کتنے ہیں؟,4,6,5,7,C,درست جواب ہے: 5۔,"5 سیکنڈ چیلنج, مشکل"
Q2449,⏳ 5 سیکنڈ چیلنج,H,میں وہ ہوں جو آپ جتنا مجھے بانٹیں گے، میں اتنا ہی بڑھتا جاؤں گا، مگر میں پیسہ نہیں۔,علم,تمام,محبت,خوشی,B,درست جواب ہے: تمام۔,"5 سیکنڈ چیلنج, مشکل"
Q2450,🤯 دماغ کا امتحان,H,دو ٹرینیں 30 اور 40 کلومیٹر فی گھنٹہ کی رفتار سے ایک دوسرے کی طرف آ رہی ہیں۔ ان کے درمیان فاصلہ 140 کلومیٹر ہے۔ وہ کتنے گھنٹوں میں ملیں گی؟,4,2,1,3,B,مجموعی رفتار = 30+40 = 70۔ وقت = فاصلہ/رفتار = 140/70 = 2 گھنٹے۔,"دماغ کا امتحان, مشکل"
Q2451,📖 اردو محاورے,H,"""آنکھیں کھلنا"" محاورے کا کیا مطلب ہے؟",خوش ہونا,سو جانا,ڈر جانا,حقیقت کا احساس ہونا,D,درست جواب ہے: حقیقت کا احساس ہونا۔,"اردو محاورے, مشکل"
Q2452,📖 اردو محاورے,H,"""کانوں کو ہاتھ لگانا"" محاورے کا کیا مطلب ہے؟",خوش ہونا,ڈر جانا,سننا,حیران یا پریشان ہونا,D,درست جواب ہے: حیران یا پریشان ہونا۔,"اردو محاورے, مشکل"
Q2453,🎭 الفاظ کا جادو,H,"""خوشی"" کا مترادف لفظ کیا ہے؟",تکلیف,مسرت,غم,درد,B,درست جواب ہے: مسرت۔,"الفاظ کا جادو, مشکل"
Q2454,⏳ 5 سیکنڈ چیلنج,H,اگر کوئی شخص قطبی علاقے میں تین دن تک سورج نہ دیکھے تو اس کی ممکنہ وجہ کیا ہو سکتی ہے؟,سمندر کے نیچے,زمین کے اندر,بادلوں کے اوپر,"""قطبی علاقے میں مسلسل رات یا دن""",D,"درست جواب ہے: ""قطبی علاقے میں مسلسل رات یا دن""۔","5 سیکنڈ چیلنج, مشکل"
Q2455,🧩 دلچسپ پہیلیاں,H,وہ کون سی چیز ہے جسے آپ روز استعمال کرتے ہیں مگر کبھی چھو نہیں سکتے؟,الفاظ,روشنی,پانی,ہوا,A,یہ ایک لطیف پہیلی ہے جس کا جواب ہے: الفاظ۔,"دلچسپ پہیلیاں, مشکل"
Q2456,⏳ 5 سیکنڈ چیلنج,H,ایک آدمی نے 5 منزلہ عمارت سے گیند نیچے پھینکی۔ گیند ہر منزل سے گزرتی ہوئی آخر کہاں پہنچے گی؟,واپس اوپر آجائے گی,پہلی منزل,ہوا میں رک جائے گی,زمین,D,درست جواب ہے: زمین۔,"5 سیکنڈ چیلنج, مشکل"
Q2457,📖 اردو محاورے,H,"""اندھوں میں کانا راجہ"" کا مطلب کیا ہے؟",کانے کی بے عزتی,انصاف کی بات,اندھا بادشاہ بن گیا,کم صلاحیت والوں میں معمولی قابلیت رکھنے والا بھی افضل لگتا ہے,D,"""اندھوں میں کانا راجہ"" کا محاورتی مطلب ہے: کم صلاحیت والوں میں معمولی قابلیت رکھنے والا بھی افضل لگتا ہے۔","اردو محاورے, مشکل"
Q2458,📖 اردو محاورے,H,آنکھوں میں دھول جھونکنا کا مطلب کیا ہے؟,آنکھ صاف کرنا,روشنی کرنا,دھوکہ دینا,مدد کرنا,C,کسی کو فریب دینا۔,"اردو محاورے, مشکل"
Q2459,🎭 الفاظ کا جادو,H,"اردو لفظ ""خوش گوار"" کا مترادف کیا ہے؟",تکلیف دہ,اچھا اور بھلا,دلچسپ,برا,B,درست جواب ہے: اچھا اور بھلا۔,"الفاظ کا جادو, مشکل"
Q2460,😈 ٹرک سوالات,H,3 دن میں 3 کنویں کھودنے والا 6 کنویں کتنے دن میں کھودے گا (اسی رفتار سے)؟,3 دن,9 دن,12 دن,6 دن,D,درست جواب ہے: 6 دن۔,"ٹرک سوالات, مشکل"
Q2461,🧠 99٪ لوگ غلط جواب دیتے ہیں,H,ایک گاڑی 50 کلومیٹر فی گھنٹہ کی رفتار سے 4 گھنٹے سفر کرتی ہے۔ کل فاصلہ کتنا ہوگا؟,150,300,250,200,D,فاصلہ = رفتار × وقت = 50 × 4 = 200 کلومیٹر۔,"99٪ لوگ غلط جواب دیتے ہیں, مشکل"
Q2462,📖 اردو محاورے,H,کہاں راجہ بھوج کہاں گنگو تیلی کا مطلب؟,بہت بڑا فرق,دوستی,سفر,لڑائی,A,دو چیزوں یا اشخاص میں بہت زیادہ فرق ہونا۔,"اردو محاورے, مشکل"
Q2463,⏳ 5 سیکنڈ چیلنج,H,پاکستان میں کون سا شہر گرم پانی کے چشموں کی وجہ سے مشہور ہے؟,تتہ پانی (آزاد کشمیر),مری,کوئٹہ,ناران,A,درست جواب ہے: تتہ پانی (آزاد کشمیر)۔,"5 سیکنڈ چیلنج, مشکل"
Q2464,🤯 دماغ کا امتحان,H,اگر ایک کتاب کی قیمت 240 روپے ہے اور اس پر 25٪ رعایت ملے تو ادا کی جانے والی رقم کتنی ہوگی؟,190 روپے,180 روپے,200 روپے,160 روپے,B,25٪ رعایت = 60 روپے، لہٰذا 240 - 60 = 180 روپے۔,"دماغ کا امتحان, مشکل"
Q2465,🎭 الفاظ کا جادو,H,لفظ تنا کا ایک معنی ہے جسم کا حصہ دوسرا کیا,درخت کا تنا,پتلا,شاخ,جڑ,A,تنا درخت کے مرکزی حصے کو بھی کہتے ہیں۔,"الفاظ کا جادو, مشکل"
Q2466,🤯 دماغ کا امتحان,H,دو ٹرینیں 40 اور 40 کلومیٹر فی گھنٹہ کی رفتار سے ایک دوسرے کی طرف آ رہی ہیں۔ ان کے درمیان فاصلہ 160 کلومیٹر ہے۔ وہ کتنے گھنٹوں میں ملیں گی؟,4,2,1,3,B,مجموعی رفتار = 40+40 = 80۔ وقت = فاصلہ/رفتار = 160/80 = 2 گھنٹے۔,"دماغ کا امتحان, مشکل"
Q2467,🧩 دلچسپ پہیلیاں,H,وہ کون سی چیز ہے جو جتنی زیادہ خشک کرے خود اتنی ہی گیلی ہوتی جاتی ہے؟,صابن,تولیہ,ہوا,ریت,B,تولیہ دوسروں کو خشک کرتے ہوئے خود گیلا ہو جاتا ہے۔,"دلچسپ پہیلیاں, مشکل"
Q2468,😈 ٹرک سوالات,H,دو مقداروں کا تناسب 5:6 ہے۔ اگر کل مقدار 55 ہے تو پہلی مقدار کتنی ہوگی؟,25,27,23,30,A,کل حصے = 5+6 = 11۔ پہلی مقدار = (5/11)×55 = 25۔,"ٹرک سوالات, مشکل"
Q2469,🧩 دلچسپ پہیلیاں,H,وہ کون سی چیز ہے جو جتنی صاف ہو اتنا ہی اس میں سب کچھ نظر آتا ہے؟,دونوں A اور C,آئینہ,شیشہ,پانی,A,صاف شیشہ اور آئینہ دونوں میں عکس واضح نظر آتا ہے۔,"دلچسپ پہیلیاں, مشکل"
Q2470,⏳ 5 سیکنڈ چیلنج,H,پاکستان میں ٹرک آرٹ کا سب سے مشہور مرکز کون سا شہر ہے؟,راولپنڈی,"""حیدرآباد (سندھ)""",لاہور,کراچی,B,"درست جواب ہے: ""حیدرآباد (سندھ)""۔","5 سیکنڈ چیلنج, مشکل"
Q2471,🤯 دماغ کا امتحان,H,اگر 6 مزدور ایک کام 4 دنوں میں مکمل کرتے ہیں تو 12 مزدور وہی کام کتنے دنوں میں مکمل کریں گے؟,1,2,4,3,B,کل کام = 6×4 = 24 مزدور-دن۔ 12 مزدوروں کے لیے وقت = 24/12 = 2 دن۔,"دماغ کا امتحان, مشکل"
Q2472,🎭 الفاظ کا جادو,H,لفظ خوار کے معنی کیا ہیں؟,خوش حال,کھانے والا,ذلیل و رسوا,طاقتور,C,درست جواب ہے: ذلیل و رسوا۔,"الفاظ کا جادو, مشکل"
Q2473,⏳ 5 سیکنڈ چیلنج,H,ایک کمرے میں 5 افراد ہیں۔ اگر ہر شخص ہر دوسرے شخص سے ایک بار ہاتھ ملائے تو کل کتنی بار ہاتھ ملیں گے؟,20,5,10,15,C,درست جواب ہے: 10۔,"5 سیکنڈ چیلنج, مشکل"
Q2474,⏳ 5 سیکنڈ چیلنج,H,وہ کون سا محاورہ ہے جو چھپی ہوئی دشمنی کے لیے استعمال ہوتا ہے؟,دودھ کا جلا,آستین کا سانپ,آ بیل مجھے مار,اونٹ کے منہ میں زیرہ,B,درست جواب ہے: آستین کا سانپ۔,"5 سیکنڈ چیلنج, مشکل"
Q2475,🧩 دلچسپ پہیلیاں,H,میں وہ ہوں جو آپ جتنا مجھے چھپائیں گے، میں اتنا ہی ظاہر ہوتا جاؤں گا، مگر میں آنسو یا سچ نہیں ہوں۔,خوف,محبت,جھوٹ,غصہ,D,درست جواب ہے: غصہ ________________۔,"دلچسپ پہیلیاں, مشکل"
Q2476,🤯 دماغ کا امتحان,H,دو مقداروں کا تناسب 6:3 ہے۔ اگر کل مقدار 135 ہے تو پہلی مقدار کتنی ہوگی؟,90,88,45,92,A,کل حصے = 6+3 = 9۔ پہلی مقدار = (6/9)×135 = 90۔,"دماغ کا امتحان, مشکل"
Q2477,👑 صرف ذہین لوگوں کے لیے,H,پاکستان کا سب سے چھوٹا صوبہ رقبے کے لحاظ سے کون سا ہے,بلوچستان,پنجاب,خیبر پختونخوا,سندھ,C,درست جواب ہے: خیبر پختونخوا۔,"صرف ذہین لوگوں کے لیے, مشکل"
Q2478,👑 صرف ذہین لوگوں کے لیے,H,پاکستان میں فری لانسنگ کے لیے سب سے زیادہ استعمال ہونے والی مہارت کون سی ہے؟,کان کنی,گرافک ڈیزائن اور سافٹ ویئر سروسز,زراعت,ماہی گیری,B,درست جواب ہے: گرافک ڈیزائن اور سافٹ ویئر سروسز۔,"صرف ذہین لوگوں کے لیے, مشکل"
Q2479,🧠 99٪ لوگ غلط جواب دیتے ہیں,H,ایک گاڑی 60 کلومیٹر فی گھنٹہ کی رفتار سے 3 گھنٹے سفر کرتی ہے۔ کل فاصلہ کتنا ہوگا؟,240,300,180,120,C,فاصلہ = رفتار × وقت = 60 × 3 = 180 کلومیٹر۔,"99٪ لوگ غلط جواب دیتے ہیں, مشکل"
Q2480,🧩 دلچسپ پہیلیاں,H,وہ کون سی چیز ہے جو تمہاری ہے مگر تم سے زیادہ دوسرے لوگ استعمال کرتے ہیں؟,قلم,گھر,موبائل,نام,D,سب آپ کو نام سے پکارتے ہیں,"دلچسپ پہیلیاں, مشکل"
Q2481,😈 ٹرک سوالات,H,ایک کلاس میں 40 بچے ہیں۔ 25 کرکٹ کھیلتے ہیں 15 فٹ بال۔ 5 دونوں کھیلتے ہیں۔ کتنے کچھ نہیں کھیلتے,15,10,0,5,D,کل کھیلنے والے 35، باقی 5۔,"ٹرک سوالات, مشکل"
Q2482,🎭 الفاظ کا جادو,H,"""میزبان"" کا مترادف کیا ہے؟",صاحب خانہ,نسخہ,ثروت,کوہ,A,"""میزبان"" کا مترادف ""صاحب خانہ"" ہے۔","الفاظ کا جادو, مشکل"
Q2483,🧠 99٪ لوگ غلط جواب دیتے ہیں,H,اگر 100 روپے میں چیز خرید کر 150 روپے میں بیچی جائے تو منافع کتنے فیصد ہوگا؟,50%,100%,25%,75%,A,درست جواب ہے: 50%۔,"99٪ لوگ غلط جواب دیتے ہیں, مشکل"
Q2484,🎭 الفاظ کا جادو,H,لفظ چھوڑ کا ایک معنی ہے ترک کرنا دوسرا کیا,آزاد کرنا,باندھنا,پکڑنا,روکنا,A,چھوڑ کا مطلب آزاد کرنا بھی ہوتا ہے۔,"الفاظ کا جادو, مشکل"
Q2485,⏳ 5 سیکنڈ چیلنج,H,لفٹ والے مشہور معمے میں آدمی اوپر جاتے ہوئے سیڑھیاں کیوں چڑھتا ہے؟,جلدی پہنچنے کے لیے,لفٹ خراب ہوتی ہے,اوپر والا بٹن اس کی پہنچ سے باہر ہوتا ہے,ورزش کے لیے,C,درست جواب ہے: اوپر والا بٹن اس کی پہنچ سے باہر ہوتا ہے۔,"5 سیکنڈ چیلنج, مشکل"
Q2486,👑 صرف ذہین لوگوں کے لیے,H,ایٹم کے مرکزے میں کون سے ذرات پائے جاتے ہیں؟,صرف نیوٹرون,پروٹون اور نیوٹرون,صرف الیکٹرون,صرف پروٹون,B,درست جواب ہے: پروٹون اور نیوٹرون۔,"صرف ذہین لوگوں کے لیے, مشکل"
Q2487,😈 ٹرک سوالات,H,"ایک باپ اور بیٹا حادثے کا شکار ہوئے۔ باپ فوت ہوگیا، سرجن نے بچے کو دیکھ کر کہا: ""یہ میرا بیٹا ہے۔"" سرجن کون تھا؟",چچا,دادا,ماں,باپ,C,سرجن بچے کی ماں تھی۔,"ٹرک سوالات, مشکل"
Q2488,⏳ 5 سیکنڈ چیلنج,H,اگر ایک ہفتے میں 7 دن ہوتے ہیں تو دو ہفتوں میں کتنے دن ہوں گے؟,16,10,14,12,C,درست جواب ہے: 14۔,"5 سیکنڈ چیلنج, مشکل"
Q2489,📖 اردو محاورے,H,ہاتھ پر ہاتھ دھرے بیٹھنا کا مطلب کیا ہے؟,کام کرنا,دوڑنا,انتظار کرنا,بیکار بیٹھنا,D,کسی کام کے بغیر بیٹھے رہنا۔,"اردو محاورے, مشکل"
Q2490,🧠 99٪ لوگ غلط جواب دیتے ہیں,H,گیم میں لیول 1 = 2 منٹ، لیول 2 = 4 منٹ، لیول 3 = 8 منٹ۔ 10 منٹ بعد آپ کس لیول پر ہوں گے؟,ایپ کریش,لیول 3,لیول 1,لیول 2,B,درست جواب ہے: لیول 3۔,"99٪ لوگ غلط جواب دیتے ہیں, مشکل"
Q2491,⏳ 5 سیکنڈ چیلنج,H,انگلیوں پر ناچتا ہوں، دنیا کی خبریں دکھاتا ہوں، بیٹری ختم ہو تو بےکار۔ کیا ہوں؟,کیمرہ,لیپ ٹاپ,سمارٹ فون,ٹی وی,C,درست جواب ہے: سمارٹ فون۔,"5 سیکنڈ چیلنج, مشکل"
Q2492,🤯 دماغ کا امتحان,H,ایک گاڑی 60 کلومیٹر فی گھنٹہ کی رفتار سے 5 گھنٹے سفر کرتی ہے۔ کل فاصلہ کتنا ہوگا؟,420,240,300,360,C,فاصلہ = رفتار × وقت = 60 × 5 = 300 کلومیٹر۔,"دماغ کا امتحان, مشکل"
Q2493,⏳ 5 سیکنڈ چیلنج,H,پاکستان میں کون سا پہاڑی سلسلہ دنیا کا سب سے جوان ہے جو اب بھی اٹھ رہا ہے؟,کراکرم,ہندوکش,ہمالیہ,سلیمان,A,درست جواب ہے: کراکرم۔,"5 سیکنڈ چیلنج, مشکل"
Q2494,🧩 دلچسپ پہیلیاں,H,وہ کون سی چیز ہے جو ہر سوال کا جواب دے سکتی ہے مگر خود کبھی سوال نہیں پوچھتی؟,استاد,کتاب,کمپیوٹر,آئینہ,B,کتاب میں بہت سے سوالوں کے جواب موجود ہوتے ہیں۔,"دلچسپ پہیلیاں, مشکل"
Q2495,⏳ 5 سیکنڈ چیلنج,H,میں وہ ہوں جسے جتنا بانٹا جائے، اتنا ہی بڑھتا جاتا ہوں، مگر میں پیسہ نہیں ہوں۔,خوشی,یہ سب,علم,محبت,B,درست جواب ہے: یہ سب۔,"5 سیکنڈ چیلنج, مشکل"
Q2496,👑 صرف ذہین لوگوں کے لیے,H,مینار پاکستان کس موقع کی یاد میں تعمیر کیا گیا؟,یوم دفاع,قرارداد پاکستان,یوم آزادی,قیام پاکستان,B,درست جواب ہے: قرارداد پاکستان۔,"صرف ذہین لوگوں کے لیے, مشکل"
Q2497,😈 ٹرک سوالات,H,ایک کسان نے 10 درخت لگائے۔ 3 طوفان میں گر گئے اور 2 کو بکریاں کھا گئیں۔ کتنے بچے,6,5,7,3,B,10−3−2 = 5۔,"ٹرک سوالات, مشکل"
Q2498,😈 ٹرک سوالات,H,ایک کمرے میں 4 کونے ہیں۔ ہر کونے میں 1 بلی ہے۔ ہر بلی کے سامنے 3 بلیاں ہیں۔ کل کتنی بلیاں ہیں,12,4,8,16,B,کل 4 بلیاں ہیں اور ہر ایک کے سامنے باقی 3 بلیاں ہیں۔,"ٹرک سوالات, مشکل"
Q2499,🧠 99٪ لوگ غلط جواب دیتے ہیں,H,ایسا کون سا عدد ہے جسے 5 سے ضرب دیں، پھر 5 جمع کریں، پھر 5 سے تقسیم کریں تو جواب 5 آتا ہے؟,2,6,5,4,D,درست جواب ہے: 4۔,"99٪ لوگ غلط جواب دیتے ہیں, مشکل"
Q2500,🧩 دلچسپ پہیلیاں,H,وہ کون سی چیز آپ کی ہوتی ہے مگر اسے سب سے زیادہ دوسرے لوگ استعمال کرتے ہیں؟,گھر,گاڑی,آپ کا نام,موبائل,C,درست جواب ہے: آپ کا نام۔,"دلچسپ پہیلیاں, مشکل"
Q2501,👑 صرف ذہین لوگوں کے لیے,H,زلزلے کی شدت ناپنے کا پیمانہ کیا کہلاتا ہے؟,سیلسیئس اسکیل,ڈیسیبل اسکیل,بیوفورٹ اسکیل,رچٹر اسکیل,D,درست جواب ہے: رچٹر اسکیل۔,"صرف ذہین لوگوں کے لیے, مشکل"
Q2502,👑 صرف ذہین لوگوں کے لیے,H,لاہور کا تاریخی شاہی قلعہ کس مغل بادشاہ نے موجودہ شکل میں تعمیر کروایا؟,اورنگزیب,جہانگیر,بابر,اکبر,D,موجودہ قلعے کی بنیادی تعمیر اکبر کے دور میں ہوئی۔,"صرف ذہین لوگوں کے لیے, مشکل"
Q2503,🧠 99٪ لوگ غلط جواب دیتے ہیں,H,ایک گاڑی 70 کلومیٹر فی گھنٹہ کی رفتار سے 5 گھنٹے سفر کرتی ہے۔ کل فاصلہ کتنا ہوگا؟,280,350,490,420,B,فاصلہ = رفتار × وقت = 70 × 5 = 350 کلومیٹر۔,"99٪ لوگ غلط جواب دیتے ہیں, مشکل"
Q2504,🎭 الفاظ کا جادو,H,"لفظ ""قلم"" اصل میں کس چیز کے لیے استعمال ہوتا تھا؟",دھاتی سوئی,پتھر,سرکنڈے یا بانس کا تراشا ہوا ٹکڑا,جدید پین,C,درست جواب ہے: سرکنڈے یا بانس کا تراشا ہوا ٹکڑا۔,"الفاظ کا جادو, مشکل"
Q2505,😈 ٹرک سوالات,H,ایک دریا کے کنارے دادا، باپ اور پوتا مچھلی پکڑ رہے تھے۔ ہر ایک نے ایک مچھلی پکڑی۔ کل کتنی مچھلیاں ہوئیں؟,2,6,3,4,C,درست جواب ہے: 3۔,"ٹرک سوالات, مشکل"
Q2506,🤯 دماغ کا امتحان,H,ایک گاڑی 70 کلومیٹر فی گھنٹہ کی رفتار سے 2 گھنٹے سفر کرتی ہے۔ کل فاصلہ کتنا ہوگا؟,210,140,280,70,B,فاصلہ = رفتار × وقت = 70 × 2 = 140 کلومیٹر۔,"دماغ کا امتحان, مشکل"
Q2507,🎭 الفاظ کا جادو,H,لفظ شیر کا ایک مطلب کیا ہے,دودھ,پانی,ہوا,پتھر,A,شیر کا مطلب دودھ بھی ہوتا ہے جیسے شیر مادر۔,"الفاظ کا جادو, مشکل"
Q2508,📖 اردو محاورے,H,"""آسمان سے گرا، کھجور میں اٹکا"" کا مطلب؟",خوش قسمت ہونا,بہت اونچا جانا,محنت کرنا,ایک مصیبت سے نکل کر دوسری میں پھنس جانا,D,درست جواب ہے: ایک مصیبت سے نکل کر دوسری میں پھنس جانا۔,"اردو محاورے, مشکل"
Q2509,📖 اردو محاورے,H,بھینس کے آگے بین بجانا کا مطلب کیا ہے,بے وقوف کو سمجھانا,موسیقی سیکھنا,بھینس پالنا,بین بجانا,A,ایسے شخص کو سمجھانا جو بات نہ سمجھے۔,"اردو محاورے, مشکل"
Q2510,📖 اردو محاورے,H,"""اپنی ڈفلی اپنا راگ"" کا مطلب کیا ہے؟",ایک ساتھ گانا,ہر شخص کا اپنی مرضی سے چلنا، اتفاق نہ ہونا,موسیقی سیکھنا,مل کر کام کرنا,B,"""اپنی ڈفلی اپنا راگ"" کا محاورتی مطلب ہے: ہر شخص کا اپنی مرضی سے چلنا، اتفاق نہ ہونا۔","اردو محاورے, مشکل"
Q2511,😈 ٹرک سوالات,H,ایک چیز کی قیمت 300 روپے ہے۔ اس پر 20% رعایت ملے تو ادا کی جانے والی رقم کتنی ہوگی؟,240,300,230,250,A,20% رعایت = 60 روپے، لہٰذا ادا کی جانے والی رقم = 300 - 60 = 240 روپے۔,"ٹرک سوالات, مشکل"
Q2512,🤯 دماغ کا امتحان,H,ایک کمرے میں 4 کونے ہیں اور ہر کونے میں ایک بلی ہے۔ ہر بلی کے سامنے 3 بلیاں ہیں۔ کل کتنی بلیاں ہیں,8,16,4,12,C,درست جواب ہے: 4۔,"دماغ کا امتحان, مشکل"
Q2513,👑 صرف ذہین لوگوں کے لیے,H,علم نجوم اور علم فلکیات میں بنیادی فرق کیا ہے؟,فلکیات توہم ہے,دونوں ایک ہیں,فلکیات سائنس ہے، نجوم توہم پرستی,نجوم سائنس ہے,C,درست جواب ہے: فلکیات سائنس ہے، نجوم توہم پرستی۔,"صرف ذہین لوگوں کے لیے, مشکل"
Q2514,😈 ٹرک سوالات,H,دو مقداروں کا تناسب 6:5 ہے۔ اگر کل مقدار 44 ہے تو پہلی مقدار کتنی ہوگی؟,26,20,24,22,C,کل حصے = 6+5 = 11۔ پہلی مقدار = (6/11)×44 = 24۔,"ٹرک سوالات, مشکل"
Q2515,👑 صرف ذہین لوگوں کے لیے,H,پاکستان میں دنیا کا بلند ترین پولو گراؤنڈ کہاں واقع ہے؟,شندور پاس,بابوسر ٹاپ,دیوسائی,خنجراب پاس,A,درست جواب ہے: شندور پاس۔,"صرف ذہین لوگوں کے لیے, مشکل"
Q2516,😈 ٹرک سوالات,H,ایک تھیلے میں 7 سرخ اور 6 نیلی گیندیں ہیں۔ بغیر دیکھے ایک گیند نکالنے پر سرخ گیند نکلنے کا امکان کتنے میں سے کتنا ہے؟,7/13,6/13,13/7,7/6,A,کل گیندیں 13 ہیں جن میں سے 7 سرخ ہیں، اس لیے امکان 7/13 ہے۔,"ٹرک سوالات, مشکل"
Q2517,🎭 الفاظ کا جادو,H,لفظ کھٹا کا ایک معنی ہے ترش دوسرا مطلب کیا ہے,بستر,میٹھا,نمکین,کڑوا,A,کھٹا کا مطلب چارپائی یا بستر بھی ہوتا ہے۔,"الفاظ کا جادو, مشکل"
Q2518,🎭 الفاظ کا جادو,H,لفظ عالم کا دوسرا مطلب کیا ہے,کتاب,روشنی,آواز,دنیا,D,عالم کا مطلب دنیا بھی ہے اور علم رکھنے والا شخص بھی۔,"الفاظ کا جادو, مشکل"
Q2519,🧩 دلچسپ پہیلیاں,H,ایسی کون سی چیز ہے جسے جتنا کھینچو وہ اتنی ہی چھوٹی ہوتی جاتی ہے؟,دھاگا,رسی,ربڑ,سگریٹ,D,درست جواب ہے: سگریٹ۔,"دلچسپ پہیلیاں, مشکل"
Q2520,🎭 الفاظ کا جادو,H,لفظ جائز کا ایک معنی ہے حلال دوسرا کیا ہے,برا,غلط,حرام,مناسب,D,جائز کا مطلب مناسب یا درست بھی ہوتا ہے۔,"الفاظ کا جادو, مشکل"
Q2521,📖 اردو محاورے,H,"""دل پر پتھر رکھنا"" محاورے کا مطلب کیا ہے؟",دل پر جبر کر کے برداشت کرنا,ہمت کرنا,ڈر جانا,غصہ کرنا,A,درست جواب ہے: دل پر جبر کر کے برداشت کرنا۔,"اردو محاورے, مشکل"
Q2522,🎭 الفاظ کا جادو,H,"""ہمدردی"" کا مترادف کیا ہے؟",انکساری,غمگساری,اخلاص,توقیر,B,"""ہمدردی"" کا مترادف ""غمگساری"" ہے۔","الفاظ کا جادو, مشکل"
Q2523,🎭 الفاظ کا جادو,H,خوشی کا مترادف کون سا لفظ ہے؟,مسرت,غم,خوف,درد,A,درست جواب ہے: مسرت۔,"الفاظ کا جادو, مشکل"
Q2524,🤯 دماغ کا امتحان,H,ایک گاڑی 90 کلومیٹر فی گھنٹہ کی رفتار سے 4 گھنٹے سفر کرتی ہے۔ کل فاصلہ کتنا ہوگا؟,450,540,270,360,D,فاصلہ = رفتار × وقت = 90 × 4 = 360 کلومیٹر۔,"دماغ کا امتحان, مشکل"
Q2525,🤯 دماغ کا امتحان,H,دو مقداروں کا تناسب 2:5 ہے۔ اگر کل مقدار 105 ہے تو پہلی مقدار کتنی ہوگی؟,32,75,30,28,C,کل حصے = 2+5 = 7۔ پہلی مقدار = (2/7)×105 = 30۔,"دماغ کا امتحان, مشکل"
Q2526,🧠 99٪ لوگ غلط جواب دیتے ہیں,H,ایک کمرے میں 10 افراد ہیں، اگر ہر ایک دوسرے سے ایک بار ہاتھ ملائے تو کل کتنے مصافحے ہوں گے؟,45,35,55,100,A,کل مصافحے = n(n-1)/2 = 10×9/2 = 45۔,"99٪ لوگ غلط جواب دیتے ہیں, مشکل"
Q2527,🎭 الفاظ کا جادو,H,"لفظ ""خاموش"" کا مترادف کیا ہے؟",ساکت,شوریدہ,بلند,گویا,A,خاموش کا مترادف ساکت ہے۔,"الفاظ کا جادو, مشکل"
Q2528,🧩 دلچسپ پہیلیاں,H,ایسی کون سی چیز ہے جو آپ جتنی دوسروں کو دیتے ہیں وہ اتنی ہی آپ کے پاس بھی رہتی ہے؟,کھانا,دولت,وقت,مسکراہٹ,D,مسکراہٹ بانٹنے سے بڑھتی ہے,"دلچسپ پہیلیاں, مشکل"
Q2529,🧩 دلچسپ پہیلیاں,H,وہ کون سی چیز ہے جو اوپر بھی جاتی ہے اور نیچے بھی آتی ہے مگر اپنی جگہ سے ہلتی نہیں؟,درجہ حرارت,سیڑھی,لفٹ,سڑک,B,سیڑھی پر لوگ اوپر نیچے جاتے ہیں مگر سیڑھی اپنی جگہ رہتی ہے۔,"دلچسپ پہیلیاں, مشکل"
Q2530,😈 ٹرک سوالات,H,اگر ایک کتاب کی قیمت 200 روپے ہے اور اس پر 50 روپے رعایت ملے تو نئی قیمت کیا ہوگی,150,175,100,200,A,200 - 50 = 150 روپے۔,"ٹرک سوالات, مشکل"
Q2531,⏳ 5 سیکنڈ چیلنج,H,"پاکستان کا وہ مقام جو ""پاکستان کی چھوٹی یورپ"" کہلاتا ہے؟",مری,سوات,ہنزہ,ناران,C,درست جواب ہے: ہنزہ ________________۔,"5 سیکنڈ چیلنج, مشکل"
Q2532,📖 اردو محاورے,H,"""کلیجے پر سانپ لوٹنا"" کا مطلب کیا ہے؟",خوش ہونا,شدید حسد یا جلن محسوس ہونا,سو جانا,بھوک لگنا,B,"""کلیجے پر سانپ لوٹنا"" کا محاورتی مطلب ہے: شدید حسد یا جلن محسوس ہونا۔","اردو محاورے, مشکل"
Q2533,🧩 دلچسپ پہیلیاں,H,وہ کون سی چیز ہے جو جتنی زیادہ کھینچی جائے اتنی ہی چھوٹی ہوتی جاتی ہے؟,ربڑ,دھاگا,سگریٹ,رسی,C,سگریٹ جتنی زیادہ کھینچی جائے اتنی ہی کم ہوتی جاتی ہے۔,"دلچسپ پہیلیاں, مشکل"
Q2534,📖 اردو محاورے,H,"""راتوں رات امیر بننا"" کا مطلب کیا ہے؟",غریب رہنا,دیر سے کامیاب ہونا,محنت سے کمانا,بہت جلدی اور غیر متوقع طور پر دولت مند ہونا,D,"""راتوں رات امیر بننا"" کا محاورتی مطلب ہے: بہت جلدی اور غیر متوقع طور پر دولت مند ہونا۔","اردو محاورے, مشکل"
Q2535,📖 اردو محاورے,H,"""عصائے موسیٰ"" محاورۃً کس چیز کے لیے بولا جاتا ہے؟",کوئی معجزہ,جادوئی چھڑی,لکڑی کا ڈنڈا,مشکل وقت میں بہت کارآمد سہارا,D,درست جواب ہے: مشکل وقت میں بہت کارآمد سہارا۔,"اردو محاورے, مشکل"
Q2536,👑 صرف ذہین لوگوں کے لیے,H,پاکستان کا صنعتی دارالحکومت کس شہر کو کہا جاتا ہے؟,سیالکوٹ,فیصل آباد,لاہور,کراچی,B,درست جواب ہے: فیصل آباد۔,"صرف ذہین لوگوں کے لیے, مشکل"
Q2537,🧩 دلچسپ پہیلیاں,H,ایسی کون سی چیز ہے جس میں پانی ہوتا ہے لیکن وہ خود گیلی نہیں ہوتی؟,بادل,ناریل,پتھر,کاغذ,B,درست جواب ہے: ناریل۔,"دلچسپ پہیلیاں, مشکل"
Q2538,👑 صرف ذہین لوگوں کے لیے,H,طوفان کی رفتار ناپنے کا پیمانہ کیا کہلاتا ہے؟,بیوفورٹ اسکیل,سیلسیئس اسکیل,رچٹر اسکیل,پی ایچ اسکیل,A,درست جواب ہے: بیوفورٹ اسکیل۔,"صرف ذہین لوگوں کے لیے, مشکل"
Q2539,🤯 دماغ کا امتحان,H,ایک شخص کی عمر 40 سال ہے اور اس کا بیٹا 15 سال کا ہے۔ 10 سال بعد باپ کی عمر بیٹے سے کتنے سال زیادہ ہوگی؟,30 سال,15 سال,25 سال,20 سال,C,درست جواب ہے: 25 سال۔,"دماغ کا امتحان, مشکل"
Q2540,👑 صرف ذہین لوگوں کے لیے,H,پاکستان کا سب سے قدیم درسگاہ کون سا شہر مانا جاتا ہے؟,ملتان,ٹیکسلا,لاہور,پشاور,B,درست جواب ہے: ٹیکسلا۔,"صرف ذہین لوگوں کے لیے, مشکل"
Q2541,🧩 دلچسپ پہیلیاں,H,وہ کون سی چیز ہے جو دیکھنے میں بند مگر اندر سے بہت وسیع ہوتی ہے؟,الماری,ڈبہ,کتاب,صندوق,C,یہ ایک لطیف پہیلی ہے جس کا جواب ہے: کتاب۔,"دلچسپ پہیلیاں, مشکل"
Q2542,🎭 الفاظ کا جادو,H,لفظ سحر کا ایک معنی کیا ہے,جنگل,جادو,پہاڑ,بارش,B,سحر کے معنی جادو بھی ہیں۔,"الفاظ کا جادو, مشکل"
Q2543,🎭 الفاظ کا جادو,H,"لفظ ""آمد"" کا متضاد کیا ہے؟",حاضری,واپسی,داخلہ,روانگی,D,آمد کا متضاد روانگی ہے۔,"الفاظ کا جادو, مشکل"
Q2544,🎭 الفاظ کا جادو,H,"لفظ ""قریب"" کا متضاد کیا ہے؟",پاس,بعید,قریب تر,ساتھ,B,قریب کا متضاد بعید (دور) ہے۔,"الفاظ کا جادو, مشکل"
Q2545,🎭 الفاظ کا جادو,H,"""نصیحت"" کا مترادف کیا ہے؟",اعتماد,سبیل,وعظ,خیر,C,"""نصیحت"" کا مترادف ""وعظ"" ہے۔","الفاظ کا جادو, مشکل"
Q2546,🤯 دماغ کا امتحان,H,دو ٹرینیں 60 اور 50 کلومیٹر فی گھنٹہ کی رفتار سے ایک دوسرے کی طرف آ رہی ہیں۔ ان کے درمیان فاصلہ 220 کلومیٹر ہے۔ وہ کتنے گھنٹوں میں ملیں گی؟,1,4,2,3,C,مجموعی رفتار = 60+50 = 110۔ وقت = فاصلہ/رفتار = 220/110 = 2 گھنٹے۔,"دماغ کا امتحان, مشکل"
Q2547,⏳ 5 سیکنڈ چیلنج,H,"وہ حرف جو ""آنکھ"" میں ہے، ""کان"" میں نہیں، ""ناک"" میں ہے، ""منہ"" میں نہیں؟",ا,ک,ہ,ن,D,درست جواب ہے: ن۔,"5 سیکنڈ چیلنج, مشکل"
Q2548,🧠 99٪ لوگ غلط جواب دیتے ہیں,H,ایک گاڑی 70 کلومیٹر فی گھنٹہ کی رفتار سے 4 گھنٹے سفر کرتی ہے۔ کل فاصلہ کتنا ہوگا؟,210,420,350,280,D,فاصلہ = رفتار × وقت = 70 × 4 = 280 کلومیٹر۔,"99٪ لوگ غلط جواب دیتے ہیں, مشکل"
Q2549,🎭 الفاظ کا جادو,H,عقل کا دھنی کا متضاد کیا ہے؟,احمق,ہوشیار,سمجھدار,دانا,A,عقل مند کا مخالف احمق ہے,"الفاظ کا جادو, مشکل"
Q2550,🎭 الفاظ کا جادو,H,"""خوشبو"" کا مترادف لفظ کون سا ہے؟",شبنم,نسیم,مہک,عطر,C,درست جواب ہے: مہک۔,"الفاظ کا جادو, مشکل"
Q2551,🧩 دلچسپ پہیلیاں,H,میں وہ ہوں جو آپ جتنا مجھے تلاش کریں گے، میں اتنا ہی دور ہوتا جاؤں گا، مگر میں افق، سکون یا منزل نہیں ہوں۔,خوشی,سچائی,کامیابی,خواب,C,درست جواب ہے: کامیابی ________________۔,"دلچسپ پہیلیاں, مشکل"
Q2552,📖 اردو محاورے,H,"""انڈے کھانے اور بچے گنوانے"" محاورے کا مطلب کیا ہے؟",بچے کھو دینا,"""دوسرے کے فائدے کے لیے خود نقصان اٹھانا""",بہت زیادہ کھانا,بہت زیادہ پیسہ کمانا,B,"درست جواب ہے: ""دوسرے کے فائدے کے لیے خود نقصان اٹھانا""۔","اردو محاورے, مشکل"
Q2553,⏳ 5 سیکنڈ چیلنج,H,ایک لڑکی نے تین سیب اٹھائے، دو بھائیوں کو ایک ایک دیا، پھر بھی اس کے پاس دو سیب رہے۔ کیوں؟,ایک واپس لے لیا,ایک سیب کاٹ کر دو حصے کیے,ایک بھائی کو دو دیے,ایک خود کھا لیا,B,درست جواب ہے: ایک سیب کاٹ کر دو حصے کیے۔,"5 سیکنڈ چیلنج, مشکل"
Q2554,⏳ 5 سیکنڈ چیلنج,H,پانی کے علاوہ انسانی جسم میں سب سے زیادہ کیا ہوتا ہے؟,معدنی نمکیات,آکسیجن,پروٹین,چربی,A,درست جواب ہے: معدنی نمکیات۔,"5 سیکنڈ چیلنج, مشکل"
Q2555,🧩 دلچسپ پہیلیاں,H,وہ کون سی چیز ہے جو ایک بار استعمال کے بعد دوبارہ ویسی نہیں رہتی؟,کپڑا,کتاب,ماچس کی تیلی,پنسل,C,یہ ایک لطیف پہیلی ہے جس کا جواب ہے: ماچس کی تیلی۔,"دلچسپ پہیلیاں, مشکل"
Q2556,🧩 دلچسپ پہیلیاں,H,وہ کون سی چیز ہے جو جتنی زیادہ خشک ہوتی ہے اتنی ہی زیادہ گیلی کرتی ہے؟,صابن,اسفنج,تولیہ,کپڑا,C,درست جواب ہے: تولیہ۔,"دلچسپ پہیلیاں, مشکل"
Q2557,⏳ 5 سیکنڈ چیلنج,H,دنیا کا سب سے بڑا مرجان کی چٹانوں کا نظام کون سا ہے؟,ریڈ سی ریف,گریٹ بیریئر ریف,مالدیپ ریف,فلوریڈا ریف,B,گریٹ بیریئر ریف آسٹریلیا میں واقع دنیا کا سب سے بڑا کورل ریف سسٹم ہے۔,"5 سیکنڈ چیلنج, مشکل"
Q2558,🧠 99٪ لوگ غلط جواب دیتے ہیں,H,دو مقداروں کا تناسب 6:2 ہے۔ اگر کل مقدار 112 ہے تو پہلی مقدار کتنی ہوگی؟,84,82,86,28,A,کل حصے = 6+2 = 8۔ پہلی مقدار = (6/8)×112 = 84۔,"99٪ لوگ غلط جواب دیتے ہیں, مشکل"
Q2559,🤯 دماغ کا امتحان,H,100 روپے ادا کرنے کے لیے کم از کم کتنے نوٹ (50، 10، 5 روپے کے) درکار ہوں گے؟,3,1,4,2,D,کم از کم نوٹوں کے ساتھ 100 روپے بنانے کے لیے 2 نوٹ درکار ہیں۔,"دماغ کا امتحان, مشکل"
Q2560,⏳ 5 سیکنڈ چیلنج,H,ایک آدمی 7 دن بغیر پانی پئے زندہ رہ سکتا ہے۔ ایک کمرے میں پانی کا برتن ہے۔ وہ مر کیوں جاتا ہے؟,وہ کمرے میں نہیں تھا,برتن خالی تھا,کمرے میں پانی نہیں تھا,پانی زہر آلود تھا,A,درست جواب ہے: وہ کمرے میں نہیں تھا۔,"5 سیکنڈ چیلنج, مشکل"
Q2561,👑 صرف ذہین لوگوں کے لیے,H,جتنا زیادہ استعمال کریں، وقت کے ساتھ اتنا ہی پرانا ہو جاتا ہے۔ کیا؟,کتاب,کپڑے,موبائل فون,جوتے,C,درست جواب ہے: موبائل فون۔,"صرف ذہین لوگوں کے لیے, مشکل"
Q2562,🎭 الفاظ کا جادو,H,لفظ کمر کا ایک معنی ہے جسم کا حصہ دوسرا کیا,سر,تلوار کی دھار,پیر,بازو,B,کمر کا مطلب تلوار کی دھار یا پشت بھی ہے۔,"الفاظ کا جادو, مشکل"
Q2563,📖 اردو محاورے,H,"عربی زبان کا لفظ ""اسلام"" کا مطلب کیا ہے؟",جنگ,اطاعت,امن,محبت,C,درست جواب ہے: امن۔,"اردو محاورے, مشکل"
Q2564,⏳ 5 سیکنڈ چیلنج,H,اگر آپ اپنی نانی کی واحد نواسی یا نواسے ہیں، تو ان کی واحد بیٹی کون ہوگی؟,آپ کی خالہ,آپ کی والدہ,آپ کی بہن,آپ کی نانی,B,درست جواب ہے: آپ کی والدہ۔,"5 سیکنڈ چیلنج, مشکل"
Q2565,🧩 دلچسپ پہیلیاں,H,وہ کیا ہے جو دن رات ایک ہی جگہ کھڑا رہتا ہے مگر پھر بھی سفر کرواتا ہے؟,ٹرین,سائیکل,کار,پل/راستہ,D,یہ ایک لطیف پہیلی ہے جس کا جواب ہے: پل/راستہ۔,"دلچسپ پہیلیاں, مشکل"
Q2566,🧠 99٪ لوگ غلط جواب دیتے ہیں,H,ایک چیز 100 روپے میں خرید کر 125 روپے میں بیچی گئی۔ نفع کی شرح کتنی فیصد ہے؟,35%,25%,30%,20%,B,نفع = 125-100 = 25 روپے۔ نفع فیصد = (25/100)×100 = 25%۔,"99٪ لوگ غلط جواب دیتے ہیں, مشکل"
Q2567,🎭 الفاظ کا جادو,H,"لفظ ""صبر"" کا مترادف کیا ہے؟",شور,برداشت,جلدی,غصہ,B,برداشت صبر کا قریب المعنی لفظ ہے۔,"الفاظ کا جادو, مشکل"
Q2568,🎭 الفاظ کا جادو,H,"اردو لفظ ""استقامت"" کا مترادف کیا ہے؟",ڈر,ثابت قدمی,خوشی,غصہ,B,درست جواب ہے: ثابت قدمی۔,"الفاظ کا جادو, مشکل"
Q2569,😈 ٹرک سوالات,H,1000 روپے پر 15% سالانہ کے حساب سے 1 سال کا سود کتنا بنے گا؟,350,150,50,250,B,سود = (اصل رقم × شرح × مدت)/100 = (1000×15×1)/100 = 150 روپے۔,"ٹرک سوالات, مشکل"
Q2570,😈 ٹرک سوالات,H,اگر ایک درخت پر 10 پرندے بیٹھے ہوں اور شکاری ایک کو مار دے تو کتنے پرندے رہ جائیں گے؟,10,1,9,0,D,گولی چلنے کی آواز سے باقی سب اڑ جائیں گے۔,"ٹرک سوالات, مشکل"
Q2571,🤯 دماغ کا امتحان,H,ایک چیز کی قیمت 1000 روپے ہے۔ اس پر 30% رعایت ملے تو ادا کی جانے والی رقم کتنی ہوگی؟,700,710,1000,690,A,30% رعایت = 300 روپے، لہٰذا ادا کی جانے والی رقم = 1000 - 300 = 700 روپے۔,"دماغ کا امتحان, مشکل"
Q2572,👑 صرف ذہین لوگوں کے لیے,H,جنگ آزادی 1857 کس شہر سے شروع ہوئی؟,دہلی,میرٹھ,لکھنؤ,کانپور,B,درست جواب ہے: میرٹھ۔,"صرف ذہین لوگوں کے لیے, مشکل"
Q2573,🧠 99٪ لوگ غلط جواب دیتے ہیں,H,ایک دکاندار نے 20 روپے میں کتاب خریدی اور 25 روپے میں بیچی۔ منافع کتنے فیصد ہوا,30,20,25,15,C,5 روپے منافع، جو 20 روپے کا 25٪ بنتا ہے۔,"99٪ لوگ غلط جواب دیتے ہیں, مشکل"
Q2574,🧩 دلچسپ پہیلیاں,H,ایسی کون سی چیز ہے جو جتنی زیادہ خشک ہوتی ہے، اتنا ہی زیادہ پانی جذب کرتی ہے؟,کاغذ,لکڑی,کپڑا,تولیہ,D,درست جواب ہے: تولیہ۔,"دلچسپ پہیلیاں, مشکل"
Q2575,⏳ 5 سیکنڈ چیلنج,H,تصاویر اور ویڈیوز دنیا بھر میں شیئر کرنے کا عام ذریعہ کیا ہے؟,سوشل میڈیا ایپ,موبائل,انٹرنیٹ,کیمرہ,A,درست جواب ہے: سوشل میڈیا ایپ۔,"5 سیکنڈ چیلنج, مشکل"
Q2576,🧩 دلچسپ پہیلیاں,H,وہ کون سی چیز ہے جو ایک ہی وقت میں خالی اور بھری دونوں ہو سکتی ہے؟,بالٹی,تھیلا,صندوق,گلاس (آدھا بھرا),D,یہ ایک لطیف پہیلی ہے جس کا جواب ہے: گلاس (آدھا بھرا)۔,"دلچسپ پہیلیاں, مشکل"
Q2577,🤯 دماغ کا امتحان,H,اگر 5 مشینیں 5 منٹ میں 5 چیزیں بناتی ہیں تو 100 مشینیں 100 چیزیں کتنے منٹ میں بنائیں گی؟,20 منٹ,50 منٹ,5 منٹ,100 منٹ,C,درست جواب ہے: 5 منٹ۔,"دماغ کا امتحان, مشکل"
Q2578,🧩 دلچسپ پہیلیاں,H,وہ کون سی چیز ہے جو خود کبھی اندر نہیں جاتی مگر دوسروں کو اندر لے جاتی ہے؟,دروازہ,کھڑکی,چابی,سیڑھی,A,دروازہ خود اپنی جگہ رہتا ہے مگر لوگ اس سے گزر کر اندر جاتے ہیں۔,"دلچسپ پہیلیاں, مشکل"
Q2579,😈 ٹرک سوالات,H,ایک گاڑی 100 کلومیٹر فی گھنٹہ کی رفتار سے 2 گھنٹے سفر کرتی ہے۔ کل فاصلہ کتنا ہوگا؟,200,300,400,100,A,فاصلہ = رفتار × وقت = 100 × 2 = 200 کلومیٹر۔,"ٹرک سوالات, مشکل"
Q2580,🧩 دلچسپ پہیلیاں,H,میں وہ ہوں جو آپ جتنا مجھے شیئر کریں گے، میں اتنا ہی مشہور ہوتا جاؤں گا، مگر میں وائرل ویڈیو نہیں ہوں۔,راز,میم (Meme),پیسہ,کھانا,B,درست جواب ہے: میم (Meme) ________________۔,"دلچسپ پہیلیاں, مشکل"
Q2581,👑 صرف ذہین لوگوں کے لیے,H,انسانی جسم میں سب سے چھوٹی ہڈی کہاں پائی جاتی ہے؟,کان میں,انگلی میں,کلائی میں,ناک میں,A,درست جواب ہے: کان میں۔,"صرف ذہین لوگوں کے لیے, مشکل"
Q2582,🧠 99٪ لوگ غلط جواب دیتے ہیں,H,دو ٹرینیں 30 اور 30 کلومیٹر فی گھنٹہ کی رفتار سے ایک دوسرے کی طرف آ رہی ہیں۔ ان کے درمیان فاصلہ 180 کلومیٹر ہے۔ وہ کتنے گھنٹوں میں ملیں گی؟,3,4,5,2,A,مجموعی رفتار = 30+30 = 60۔ وقت = فاصلہ/رفتار = 180/60 = 3 گھنٹے۔,"99٪ لوگ غلط جواب دیتے ہیں, مشکل"
Q2583,😈 ٹرک سوالات,H,ایک تھیلے میں 7 سرخ اور 3 نیلی گیندیں ہیں۔ بغیر دیکھے ایک گیند نکالنے پر سرخ گیند نکلنے کا امکان کتنے میں سے کتنا ہے؟,10/7,3/10,7/10,7/3,C,کل گیندیں 10 ہیں جن میں سے 7 سرخ ہیں، اس لیے امکان 7/10 ہے۔,"ٹرک سوالات, مشکل"
Q2584,⏳ 5 سیکنڈ چیلنج,H,ان پیج (InPage) سافٹ ویئر پہلی بار کس سال متعارف ہوا؟,2005,1990,2000,1994,D,درست جواب ہے: 1994۔,"5 سیکنڈ چیلنج, مشکل"
Q2585,🧠 99٪ لوگ غلط جواب دیتے ہیں,H,ایک چیز 300 روپے میں خرید کر 330 روپے میں بیچی گئی۔ نفع کی شرح کتنی فیصد ہے؟,20%,5%,15%,10%,D,نفع = 330-300 = 30 روپے۔ نفع فیصد = (30/300)×100 = 10%۔,"99٪ لوگ غلط جواب دیتے ہیں, مشکل"
Q2586,😈 ٹرک سوالات,H,ایک تھیلے میں 8 سرخ اور 6 نیلی گیندیں ہیں۔ بغیر دیکھے ایک گیند نکالنے پر سرخ گیند نکلنے کا امکان کتنے میں سے کتنا ہے؟,14/8,8/6,8/14,6/14,C,کل گیندیں 14 ہیں جن میں سے 8 سرخ ہیں، اس لیے امکان 8/14 ہے۔,"ٹرک سوالات, مشکل"
Q2587,⏳ 5 سیکنڈ چیلنج,H,پاکستان میں ٹرک آرٹ کا مشہور مرکز کون سا شہر سمجھا جاتا ہے؟,حیدرآباد (سندھ),راولپنڈی,لاہور,کراچی,A,درست جواب ہے: حیدرآباد (سندھ)۔,"5 سیکنڈ چیلنج, مشکل"
Q2588,🧩 دلچسپ پہیلیاں,H,وہ کون سی چیز ہے جو جتنی زیادہ خشک ہو اتنی ہی زیادہ گیلی کرتی ہے؟,کپڑا,صابن,ریت,تولیہ,D,خشک تولیہ ہی جسم کو خشک کرتا ہے اور پانی جذب کرتا ہے۔,"دلچسپ پہیلیاں, مشکل"
Q2589,🤯 دماغ کا امتحان,H,85 روپے ادا کرنے کے لیے کم از کم کتنے نوٹ (50، 10، 5 روپے کے) درکار ہوں گے؟,5,4,6,7,A,کم از کم نوٹوں کے ساتھ 85 روپے بنانے کے لیے 5 نوٹ درکار ہیں۔,"دماغ کا امتحان, مشکل"
Q2590,📖 اردو محاورے,H,"""بھینس کے آگے بین بجانا"" کا کیا مطلب ہے؟",موسیقی سنانا,جانوروں کو خوش کرنا,شور مچانا,نااہل شخص کو اچھی بات سمجھانا,D,درست جواب ہے: نااہل شخص کو اچھی بات سمجھانا۔,"اردو محاورے, مشکل"
Q2591,🧩 دلچسپ پہیلیاں,H,وہ کیا ہے جو آپ کے پاس جتنا زیادہ ہوتا ہے آپ اتنا ہی کم دیکھ پاتے ہیں,روشنی,اندھیرا,پیسہ,نیند,B,اندھیرا بڑھنے سے دیکھنے کی صلاحیت کم ہو جاتی ہے۔,"دلچسپ پہیلیاں, مشکل"
Q2592,😈 ٹرک سوالات,H,ایک تھیلے میں 4 سرخ اور 7 نیلی گیندیں ہیں۔ بغیر دیکھے ایک گیند نکالنے پر سرخ گیند نکلنے کا امکان کتنے میں سے کتنا ہے؟,4/11,7/11,4/7,11/4,A,کل گیندیں 11 ہیں جن میں سے 4 سرخ ہیں، اس لیے امکان 4/11 ہے۔,"ٹرک سوالات, مشکل"
Q2593,👑 صرف ذہین لوگوں کے لیے,H,انسانی دماغ میں تقریباً کتنے فیصد پانی ہوتا ہے؟,50٪,90٪,73–75٪,60٪,C,درست جواب ہے: 73–75٪۔,"صرف ذہین لوگوں کے لیے, مشکل"
Q2594,📖 اردو محاورے,H,"""پاؤں تلے سے زمین کھسک جانا"" کا مطلب کیا ہے؟",زلزلہ آنا,گر جانا,بہت زیادہ حیران یا خوفزدہ ہو جانا,سفر کرنا,C,"""پاؤں تلے سے زمین کھسک جانا"" کا محاورتی مطلب ہے: بہت زیادہ حیران یا خوفزدہ ہو جانا۔","اردو محاورے, مشکل"
Q2595,⏳ 5 سیکنڈ چیلنج,H,'غزل' لفظ عربی میں اصل میں کس مفہوم کے لیے استعمال ہوتا تھا؟,تجارت,موسیقی,جنگ,عورتوں سے گفتگو,D,درست جواب ہے: عورتوں سے گفتگو۔,"5 سیکنڈ چیلنج, مشکل"
Q2596,🤯 دماغ کا امتحان,H,ایک جہاز میں 100 مسافر ہیں۔ 60 اردو بولتے ہیں۔ 50 انگریزی بولتے ہیں۔ 20 دونوں نہیں بولتے۔ کتنے دونوں زبانیں بولتے ہیں؟,20,40,30,50,C,درست جواب ہے: 30۔,"دماغ کا امتحان, مشکل"
Q2597,📖 اردو محاورے,H,کانوں کان خبر نہ ہونا کا مطلب کیا ہے؟,افواہ پھیلنا,بالکل خبر نہ ہونا,اعلان کرنا,سب کو معلوم ہونا,B,اس کا مطلب ہے کسی کو بھی خبر نہ ہونا۔,"اردو محاورے, مشکل"
Q2598,📖 اردو محاورے,H,"""گیدڑ کی اذان"" محاورے کا کیا مطلب ہے؟",نماز کا وقت,خوشخبری,بے معنی یا فضول بات,خوبصورت آواز,C,درست جواب ہے: بے معنی یا فضول بات۔,"اردو محاورے, مشکل"
Q2599,🎭 الفاظ کا جادو,H,"اردو کلاسیکی شاعری میں ""مے"" سے کیا مراد ہوتی ہے؟",شراب,شہد,پانی,دودھ,A,درست جواب ہے: شراب۔,"الفاظ کا جادو, مشکل"
Q2600,📖 اردو محاورے,H,اپنے پاؤں پر کلہاڑی مارنا کا مطلب کیا ہے؟,خود کو نقصان پہنچانا,سفر کرنا,لکڑی کاٹنا,محنت کرنا,A,درست جواب ہے: خود کو نقصان پہنچانا۔,"اردو محاورے, مشکل"
Q2601,🤯 دماغ کا امتحان,H,ایک چڑیا 20 فٹ گہرے گڑھے میں گر گئی۔ روز 3 فٹ چڑھتی اور 2 فٹ پھسلتی ہے۔ کب باہر نکلے گی؟,20 دن,18 دن,22 دن,"""17 دن""",D,"درست جواب ہے: ""17 دن""۔","دماغ کا امتحان, مشکل"
Q2602,🧩 دلچسپ پہیلیاں,H,وہ کون سی چیز ہے جو آپ کو تب دی جاتی ہے جب آپ اسے نہیں چاہتے اور واپس لے لی جاتی ہے جب آپ اسے چاہیے ہوتی ہے؟,مشورہ,پیسہ,نیند,ٹکٹ,A,درست جواب ہے: مشورہ۔,"دلچسپ پہیلیاں, مشکل"
Q2603,🎭 الفاظ کا جادو,H,"""پہاڑ"" کا مترادف کیا ہے؟",دخترجن,کوہ,صاحب خانہ,سن,B,"""پہاڑ"" کا مترادف ""کوہ"" ہے۔","الفاظ کا جادو, مشکل"
Q2604,🤯 دماغ کا امتحان,H,ایک دراز میں 6 مختلف رنگوں کی جرابیں بے ترتیب رکھی ہیں۔ ایک جیسے رنگ کا جوڑا یقینی بنانے کے لیے اندھیرے میں کم از کم کتنی جرابیں نکالنی ہوں گی؟,7,6,8,5,A,Pigeonhole اصول کے مطابق 6+1 = 7 جرابیں نکالنے پر ایک جوڑا یقینی بن جاتا ہے۔,"دماغ کا امتحان, مشکل"
Q2605,🧩 دلچسپ پہیلیاں,H,وہ کون سی چیز ہے جو آپ کی ہوتی ہے مگر اسے سب سے زیادہ دوسرے لوگ استعمال کرتے ہیں؟,آپ کا نام,گاڑی,گھر,موبائل,A,درست جواب ہے: آپ کا نام۔,"دلچسپ پہیلیاں, مشکل"
Q2606,😈 ٹرک سوالات,H,دو مقداروں کا تناسب 5:3 ہے۔ اگر کل مقدار 72 ہے تو پہلی مقدار کتنی ہوگی؟,47,45,27,43,B,کل حصے = 5+3 = 8۔ پہلی مقدار = (5/8)×72 = 45۔,"ٹرک سوالات, مشکل"
Q2607,⏳ 5 سیکنڈ چیلنج,H,آپ کی آن لائن سرگرمیوں کا وہ ریکارڈ جو انٹرنیٹ پر رہ جاتا ہے، کیا کہلاتا ہے؟,سائبر سیکیورٹی,ای میل,ڈیجیٹل فٹ پرنٹ,وائرس,C,درست جواب ہے: ڈیجیٹل فٹ پرنٹ۔,"5 سیکنڈ چیلنج, مشکل"
Q2608,😈 ٹرک سوالات,H,ایک بندہ 3 دن تک سورج دیکھے بغیر 2000 کلومیٹر سفر کرتا ہے۔ وہ کہاں جا رہا ہو سکتا ہے؟,زمین کے اندر,بادلوں کے اوپر,سمندر کے نیچے,"""قطبی علاقے جہاں مسلسل رات یا دن رہتا ہے""",D,"درست جواب ہے: ""قطبی علاقے جہاں مسلسل رات یا دن رہتا ہے""۔","ٹرک سوالات, مشکل"
Q2609,🧩 دلچسپ پہیلیاں,H,وہ کون سی چیز ہے جس کا جتنا زیادہ وزن ہو وہ اتنی ہی آسانی سے پانی پر تیرتی ہے؟,برف,لکڑی,پتھر,لوہا,A,درست جواب ہے: برف۔,"دلچسپ پہیلیاں, مشکل"
Q2610,📖 اردو محاورے,H,ناچ نہ جانے انگن ٹیڑھا کا مفہوم کیا ہے؟,صفائی کرنا,ناکام ہو کر بہانے بنانا,بڑا آنگن,ناچ مشکل ہے,B,درست جواب ہے: ناکام ہو کر بہانے بنانا۔,"اردو محاورے, مشکل"
Q2611,😈 ٹرک سوالات,H,اگر ایک گاڑی 80 کلومیٹر فی گھنٹہ کی رفتار سے 5 گھنٹے چلے تو کتنی دوری طے کرے گی؟,350 کلومیٹر,400 کلومیٹر,450 کلومیٹر,380 کلومیٹر,B,80 × 5 = 400 کلومیٹر۔,"ٹرک سوالات, مشکل"
Q2612,🤯 دماغ کا امتحان,H,10000 روپے پر 15% سالانہ کے حساب سے 1 سال کا سود کتنا بنے گا؟,1400,1700,1600,1500,D,سود = (اصل رقم × شرح × مدت)/100 = (10000×15×1)/100 = 1500 روپے۔,"دماغ کا امتحان, مشکل"
Q2613,📖 اردو محاورے,H,"""زبان کا میٹھا ہونا"" کا مطلب کیا ہے؟",کڑوی بات کرنا,جھگڑا کرنا,نرمی اور خوش اخلاقی سے بات کرنا,چپ رہنا,C,"""زبان کا میٹھا ہونا"" کا محاورتی مطلب ہے: نرمی اور خوش اخلاقی سے بات کرنا۔","اردو محاورے, مشکل"
Q2614,🤯 دماغ کا امتحان,H,اگر فون میں 20 ایپس ہوں اور ہر ایک 100MB جگہ استعمال کرے تو کل کتنی جگہ استعمال ہوگی؟,3GB,2GB,1GB,4GB,B,درست جواب ہے: 2GB۔,"دماغ کا امتحان, مشکل"
Q2615,😈 ٹرک سوالات,H,دو مقداروں کا تناسب 3:6 ہے۔ اگر کل مقدار 81 ہے تو پہلی مقدار کتنی ہوگی؟,25,27,54,29,B,کل حصے = 3+6 = 9۔ پہلی مقدار = (3/9)×81 = 27۔,"ٹرک سوالات, مشکل"
Q2616,👑 صرف ذہین لوگوں کے لیے,H,"پاکستان کی ""جنت نظیر وادی"" کے نام سے کون سا علاقہ زیادہ مشہور ہے؟",سوات,مری,ہنزہ,ناران,A,درست جواب ہے: سوات۔,"صرف ذہین لوگوں کے لیے, مشکل"
Q2617,🧩 دلچسپ پہیلیاں,H,وہ کیا ہے جو اوپر بھی جاتا ہے اور نیچے بھی آتا ہے مگر اپنی جگہ سے نہیں ہٹتا؟,لفٹ,سیڑھی,درجہ حرارت,جھولا,B,سیڑھی اوپر بھی جاتی ہے اور نیچے بھی مگر اپنی جگہ پر رہتی ہے۔,"دلچسپ پہیلیاں, مشکل"
Q2618,📖 اردو محاورے,H,"""آنکھیں پھیرنا"" محاورے کا کیا مطلب ہے؟",خوش ہونا,ڈر جانا,دیکھنا,نظر انداز کرنا یا منہ موڑ لینا,D,درست جواب ہے: نظر انداز کرنا یا منہ موڑ لینا۔,"اردو محاورے, مشکل"
Q2619,🧠 99٪ لوگ غلط جواب دیتے ہیں,H,100 مسافروں میں 60 اردو، 50 انگریزی اور 20 کوئی بھی زبان نہیں بولتے۔ دونوں زبانیں کتنے بولتے ہیں؟,40,30,50,20,B,درست جواب ہے: 30۔,"99٪ لوگ غلط جواب دیتے ہیں, مشکل"
Q2620,📖 اردو محاورے,H,"اردو شاعری میں ""غزل"" کا لفظ اصل میں کس زبان سے آیا ہے اور اس کا بنیادی مطلب کیا تھا؟",فارسی — محبت کرنے والی عورت,سنسکرت — گانا,عربی — عورتوں سے گفتگو کرنا,ترکی — آہستہ بات کرنا,C,درست جواب ہے: عربی — عورتوں سے گفتگو کرنا۔,"اردو محاورے, مشکل"
Q2621,🧩 دلچسپ پہیلیاں,H,وہ کون سی چیز ہے جسے آپ جتنا زیادہ نکالتے ہیں وہ اتنی ہی بڑی ہوتی جاتی ہے,کنواں,مٹی,پانی,گڑھا,D,گڑھے سے مٹی نکالتے جائیں تو گڑھا بڑا ہوتا جاتا ہے۔,"دلچسپ پہیلیاں, مشکل"
Q2622,⏳ 5 سیکنڈ چیلنج,H,میں وہ ہوں جسے جتنا تلاش کریں، وہ اتنا ہی دور محسوس ہوتا ہے، مگر میں افق نہیں ہوں۔,خواب,خوشی,سکون,منزل,C,درست جواب ہے: سکون۔,"5 سیکنڈ چیلنج, مشکل"
Q2623,📖 اردو محاورے,H,"اردو کا محاورہ ""آستین کا سانپ"" کس کے لیے استعمال ہوتا ہے؟",چھپا ہوا دشمن,بہادر شخص,سست شخص,ذہین شخص,A,درست جواب ہے: چھپا ہوا دشمن۔,"اردو محاورے, مشکل"
Q2624,⏳ 5 سیکنڈ چیلنج,H,AI میں ایسا نظام جو صارف کے لیے خودکار طور پر کام انجام دے، اسے عام طور پر کیا کہا جاتا ہے؟,Printer,Scanner,AI Agent,Browser,C,درست جواب ہے: AI Agent۔,"5 سیکنڈ چیلنج, مشکل"
Q2625,😈 ٹرک سوالات,H,ایک شخص کے پاس ایک ماچس ہے اور کمرے میں موم بتی، لالٹین اور چولہا ہے۔ وہ سب سے پہلے کیا جلائے گا؟,ماچس,چولہا,موم بتی,لالٹین,A,سب سے پہلے ماچس جلائی جائے گی۔,"ٹرک سوالات, مشکل"
Q2626,🤯 دماغ کا امتحان,H,دو ٹرینیں 50 اور 40 کلومیٹر فی گھنٹہ کی رفتار سے ایک دوسرے کی طرف آ رہی ہیں۔ ان کے درمیان فاصلہ 180 کلومیٹر ہے۔ وہ کتنے گھنٹوں میں ملیں گی؟,3,4,2,1,C,مجموعی رفتار = 50+40 = 90۔ وقت = فاصلہ/رفتار = 180/90 = 2 گھنٹے۔,"دماغ کا امتحان, مشکل"
Q2627,🧠 99٪ لوگ غلط جواب دیتے ہیں,H,"ایک آدمی نے 10 گھوڑے خریدے۔ ہر گھوڑے کا نام ""پاکستان"" رکھا۔ گھوڑے 10 ہیں لیکن ""پاکستان"" کتنی بار لکھا؟",1 بار,11 بار,10 بار,0 بار,A,درست جواب ہے: 1 بار۔,"99٪ لوگ غلط جواب دیتے ہیں, مشکل"
Q2628,🎭 الفاظ کا جادو,H,"""رعایا"" کا مترادف کیا ہے؟",عوام,دخترجن,ابر,صاحب خانہ,A,"""رعایا"" کا مترادف ""عوام"" ہے۔","الفاظ کا جادو, مشکل"
Q2629,👑 صرف ذہین لوگوں کے لیے,H,اردو رسم الخط کس زبان کے رسم الخط سے ملتا جلتا ہے؟,سنسکرت,فارسی,چینی,ہندی,B,درست جواب ہے: فارسی۔,"صرف ذہین لوگوں کے لیے, مشکل"
Q2630,😈 ٹرک سوالات,H,باپ کی عمر بیٹے سے 25 سال زیادہ ہے۔ 5 سال بعد باپ کی عمر دوگنی ہوگی۔ بیٹے کی عمر کیا ہے,20,30,25,15,A,درست جواب ہے: 20۔,"ٹرک سوالات, مشکل"
Q2631,📖 اردو محاورے,H,"""اپنے منہ میاں مٹھو بننا"" کا کیا مطلب ہے؟",اپنی تعریف خود کرنا,جھوٹ بولنا,خوشامد کرنا,میٹھی باتیں کرنا,A,درست جواب ہے: اپنی تعریف خود کرنا۔,"اردو محاورے, مشکل"
Q2632,🧠 99٪ لوگ غلط جواب دیتے ہیں,H,ایک باپ کی عمر بیٹے سے دگنی ہے، ابھی بیٹا 10 سال کا ہے، 10 سال بعد باپ کی عمر بیٹے کی کتنی گنا ہوگی؟,1 گنا,2 گنا,3 گنا,1.5 گنا,D,غور سے سوچیں: درست جواب 1.5 گنا ہے۔,"99٪ لوگ غلط جواب دیتے ہیں, مشکل"
Q2633,😈 ٹرک سوالات,H,3×3 پیٹرن لاک میں 4 مختلف ہندسے (0–3) ایک بار استعمال ہوں۔ زیادہ سے زیادہ کتنی ترتیبیں بن سکتی ہیں؟,64,24,12,16,B,درست جواب ہے: 24۔,"ٹرک سوالات, مشکل"
Q2634,🤯 دماغ کا امتحان,H,ایک چیز 150 روپے میں خرید کر 180 روپے میں بیچی گئی۔ نفع کی شرح کتنی فیصد ہے؟,20%,30%,15%,25%,A,نفع = 180-150 = 30 روپے۔ نفع فیصد = (30/150)×100 = 20%۔,"دماغ کا امتحان, مشکل"
Q2635,🤯 دماغ کا امتحان,H,اگر 5 مزدور ایک کام 6 دنوں میں مکمل کرتے ہیں تو 10 مزدور وہی کام کتنے دنوں میں مکمل کریں گے؟,5,2,4,3,D,کل کام = 5×6 = 30 مزدور-دن۔ 10 مزدوروں کے لیے وقت = 30/10 = 3 دن۔,"دماغ کا امتحان, مشکل"
Q2636,🧩 دلچسپ پہیلیاں,H,وہ کون سی چیز ہے جس کے جتنے زیادہ سوراخ ہوں اتنا ہی زیادہ پانی روک لیتی ہے؟,اسفنج,کپڑا,چھلنی,جالی,A,اسفنج میں بے شمار سوراخ ہوتے ہیں مگر وہ پانی جذب کر لیتا ہے۔,"دلچسپ پہیلیاں, مشکل"
Q2637,🎭 الفاظ کا جادو,H,"""بھائی"" کا مترادف کیا ہے؟",معلم,اخ,نسخہ,عوام,B,"""بھائی"" کا مترادف ""اخ"" ہے۔","الفاظ کا جادو, مشکل"
Q2638,⏳ 5 سیکنڈ چیلنج,H,کمپیوٹر کا باپ (Father of Computer) کسے کہا جاتا ہے؟,اسٹیو جابز,بل گیٹس,ایلن ٹیورنگ,چارلس بیبیج,D,درست جواب ہے: چارلس بیبیج۔,"5 سیکنڈ چیلنج, مشکل"
Q2639,🧠 99٪ لوگ غلط جواب دیتے ہیں,H,ایک چیز کی قیمت 350 روپے ہے۔ اس پر 25% رعایت ملے تو ادا کی جانے والی رقم کتنی ہوگی؟,350,253,263,273,C,25% رعایت = 87 روپے، لہٰذا ادا کی جانے والی رقم = 350 - 87 = 263 روپے۔,"99٪ لوگ غلط جواب دیتے ہیں, مشکل"
Q2640,😈 ٹرک سوالات,H,ایک تھیلے میں 7 سرخ اور 8 نیلی گیندیں ہیں۔ بغیر دیکھے ایک گیند نکالنے پر سرخ گیند نکلنے کا امکان کتنے میں سے کتنا ہے؟,8/15,7/15,15/7,7/8,B,کل گیندیں 15 ہیں جن میں سے 7 سرخ ہیں، اس لیے امکان 7/15 ہے۔,"ٹرک سوالات, مشکل"
Q2641,🤯 دماغ کا امتحان,H,ایک چڑیا 20 فٹ گہرے گڑھے میں گری، روزانہ 3 فٹ اوپر چڑھتی اور 2 فٹ نیچے پھسلتی ہے، کتنے دن میں باہر نکلے گی؟,22 دن,17 دن,20 دن,18 دن,B,درست جواب ہے: 17 دن۔,"دماغ کا امتحان, مشکل"
Q2642,⏳ 5 سیکنڈ چیلنج,H,پاکستان کا تعلیمی مرکز عموماً کس شہر کو کہا جاتا ہے؟,اسلام آباد,کراچی,ملتان,لاہور,D,درست جواب ہے: لاہور۔,"5 سیکنڈ چیلنج, مشکل"
Q2643,🤯 دماغ کا امتحان,H,ایک چیز 150 روپے میں خرید کر 210 روپے میں بیچی گئی۔ نفع کی شرح کتنی فیصد ہے؟,35%,50%,40%,45%,C,نفع = 210-150 = 60 روپے۔ نفع فیصد = (60/150)×100 = 40%۔,"دماغ کا امتحان, مشکل"
Q2644,🎭 الفاظ کا جادو,H,"""استقلال"" کا متضاد کیا ہے؟",اختلاف,لالچ,بخل,تذبذب,D,"""استقلال"" کا متضاد ""تذبذب"" ہے۔","الفاظ کا جادو, مشکل"
Q2645,🤯 دماغ کا امتحان,H,100 مسافروں میں 60 اردو، 50 انگریزی بولتے ہیں جبکہ 20 دونوں زبانیں نہیں بولتے۔ دونوں زبانیں کتنے لوگ بولتے ہیں؟,30,20,50,40,A,کم از کم ایک زبان بولنے والے 80 ہیں، اس لیے مشترک 30 بنتے ہیں۔,"دماغ کا امتحان, مشکل"
Q2646,👑 صرف ذہین لوگوں کے لیے,H,چاول کی سب سے مشہور قسم جو پاکستان سے برآمد ہوتی ہے؟,جیسمین چاول,باسمتی چاول,سونا مسوری,اروبوریو,B,درست جواب ہے: باسمتی چاول۔,"صرف ذہین لوگوں کے لیے, مشکل"
Q2647,📖 اردو محاورے,H,"""بلی کے گلے میں گھنٹی باندھنا"" کا مطلب؟",خطرناک کام کا ذمہ خود لینا,ڈر جانا,خوشخبری,چوری,A,درست جواب ہے: خطرناک کام کا ذمہ خود لینا۔,"اردو محاورے, مشکل"
Q2648,🤯 دماغ کا امتحان,H,اگر ایک کمرے میں 10 موم بتیاں جل رہی ہوں اور 5 بجھ جائیں، تو باقی جلنے والی موم بتیاں کب تک جلیں گی؟,صبح تک,پوری رات,ایک گھنٹہ,جب تک موم ختم نہ ہو,D,جلتی ہوئی موم بتیاں موم ختم ہونے تک جلتی رہیں گی۔,"دماغ کا امتحان, مشکل"
Q2649,📖 اردو محاورے,H,صبح کا بھولا شام کو گھر آئے کا مطلب کیا ہے؟,صبح نکلنا,دیر سے آنا,شام کو گھر آنا,غلطی کا احساس ہو کر واپس آنا,D,غلطی کے بعد درست راستے پر واپس آنا,"اردو محاورے, مشکل"
Q2650,🧩 دلچسپ پہیلیاں,H,وہ کیا ہے جو انسان کو سب سے زیادہ مضبوط اور سب سے زیادہ کمزور دونوں بنا سکتا ہے؟,طاقت,پیسہ,خوف,محبت,D,یہ ایک لطیف پہیلی ہے جس کا جواب ہے: محبت۔,"دلچسپ پہیلیاں, مشکل"
Q2651,👑 صرف ذہین لوگوں کے لیے,H,پاکستان کا قومی پرچم پہلی بار کب لہرایا گیا؟,11 ستمبر 1948,23 مارچ 1940,14 اگست 1947,25 دسمبر 1947,C,درست جواب ہے: B)14 اگست 1947 ✓۔,"صرف ذہین لوگوں کے لیے, مشکل"
Q2652,👑 صرف ذہین لوگوں کے لیے,H,ایک آدمی نے 2 گلاس پانی پیے۔ ایک میں زہر تھا اور ایک میں نہیں۔ وہ کیوں نہیں مرا؟,زہر والا گلاس بعد میں پیا,دوسرے گلاس نے بچا لیا,زہر والا گلاس پیا ہی نہیں,زہر کم تھا,C,درست جواب ہے: زہر والا گلاس پیا ہی نہیں۔,"صرف ذہین لوگوں کے لیے, مشکل"
Q2653,👑 صرف ذہین لوگوں کے لیے,H,میں بولتا نہیں، مگر کہانیاں سناتا ہوں۔ میرے پاس صفحات ہیں مگر میں درخت نہیں۔ میں کیا ہوں؟,ریڈیو,موبائل,کتاب,اخبار,C,کتاب میں صفحات بھی ہوتے ہیں اور کہانیاں بھی۔,"صرف ذہین لوگوں کے لیے, مشکل"
Q2654,👑 صرف ذہین لوگوں کے لیے,H,پاکستان کا کون سا شہر سرجیکل آلات اور کھیلوں کے سامان کی برآمدات کے لیے مشہور ہے؟,سیالکوٹ,گوجرانوالہ,لاہور,کراچی,A,درست جواب ہے: سیالکوٹ۔,"صرف ذہین لوگوں کے لیے, مشکل"
Q2655,📖 اردو محاورے,H,"""جان بوجھ کر انجان بننا"" کا مطلب کیا ہے؟",سب کچھ جاننے کے باوجود نہ جاننے کا ظاہر کرنا,سیکھنا,سچ مچ نہ جاننا,بھول جانا,A,"""جان بوجھ کر انجان بننا"" کا محاورتی مطلب ہے: سب کچھ جاننے کے باوجود نہ جاننے کا ظاہر کرنا۔","اردو محاورے, مشکل"
Q2656,⏳ 5 سیکنڈ چیلنج,H,"برصغیر میں عام طور پر ""رسم قل"" کتنے دن بعد کی جاتی ہے؟",40 دن,365 دن,3 دن,10 دن,A,درست جواب ہے: 40 دن۔,"5 سیکنڈ چیلنج, مشکل"
Q2657,🧠 99٪ لوگ غلط جواب دیتے ہیں,H,ایک آدمی نے 1 کلو آلو 20 روپے، 1 کلو پیاز 30 روپے، 1 کلو ٹماٹر 40 روپے۔ 2 کلو سبزی ملا کر 50 روپے میں بیچی۔ کتنا نقصان؟,40 روپے نقصان,40 روپے,30 روپے,50 روپے,A,درست جواب ہے: 40 روپے نقصان۔,"99٪ لوگ غلط جواب دیتے ہیں, مشکل"
Q2658,🧩 دلچسپ پہیلیاں,H,وہ کون سی چیز ہے جو خود بولتی نہیں مگر چند لمحوں میں پوری دنیا تک پیغام پہنچا سکتی ہے؟,ریڈیو,لاؤڈ اسپیکر,سوشل میڈیا پوسٹ,ٹیلی ویژن,C,درست جواب ہے: سوشل میڈیا پوسٹ۔,"دلچسپ پہیلیاں, مشکل"
Q2659,😈 ٹرک سوالات,H,ایک تھیلے میں 2 سرخ اور 5 نیلی گیندیں ہیں۔ بغیر دیکھے ایک گیند نکالنے پر سرخ گیند نکلنے کا امکان کتنے میں سے کتنا ہے؟,5/7,7/2,2/7,2/5,C,کل گیندیں 7 ہیں جن میں سے 2 سرخ ہیں، اس لیے امکان 2/7 ہے۔,"ٹرک سوالات, مشکل"
Q2660,🤯 دماغ کا امتحان,H,ایک گاڑی 90 کلومیٹر فی گھنٹہ کی رفتار سے 1 گھنٹے سفر کرتی ہے۔ کل فاصلہ کتنا ہوگا؟,270,180,90,100,C,فاصلہ = رفتار × وقت = 90 × 1 = 90 کلومیٹر۔,"دماغ کا امتحان, مشکل"
Q2661,👑 صرف ذہین لوگوں کے لیے,H,پاک بھارت جنگ 1965 کب لڑی گئی؟,دسمبر 1971,اگست 1971,مارچ 1965,ستمبر 1965,D,درست جواب ہے: ستمبر 1965۔,"صرف ذہین لوگوں کے لیے, مشکل"
Q2662,🤯 دماغ کا امتحان,H,ایک گاڑی 90 کلومیٹر فی گھنٹہ کی رفتار سے 3 گھنٹے سفر کرتی ہے۔ کل فاصلہ کتنا ہوگا؟,270,450,180,360,A,فاصلہ = رفتار × وقت = 90 × 3 = 270 کلومیٹر۔,"دماغ کا امتحان, مشکل"
Q2663,🤯 دماغ کا امتحان,H,ایک گاڑی 40 کلومیٹر فی گھنٹہ کی رفتار سے 1 گھنٹے سفر کرتی ہے۔ کل فاصلہ کتنا ہوگا؟,50,80,40,120,C,فاصلہ = رفتار × وقت = 40 × 1 = 40 کلومیٹر۔,"دماغ کا امتحان, مشکل"
Q2664,📖 اردو محاورے,H,اونٹ کے منہ میں زیرہ کا مطلب کیا ہے؟,قیمتی چیز کھو دینا,بڑا کام,کھانا دینا,ضرورت کے مقابلے میں بہت کم,D,درست جواب ہے: ضرورت کے مقابلے میں بہت کم۔,"اردو محاورے, مشکل"
Q2665,🧠 99٪ لوگ غلط جواب دیتے ہیں,H,ایک گاڑی 40 کلومیٹر فی گھنٹہ کی رفتار سے 3 گھنٹے سفر کرتی ہے۔ کل فاصلہ کتنا ہوگا؟,200,160,120,80,C,فاصلہ = رفتار × وقت = 40 × 3 = 120 کلومیٹر۔,"99٪ لوگ غلط جواب دیتے ہیں, مشکل"
Q2666,👑 صرف ذہین لوگوں کے لیے,H,پاکستان کے پرچم کا سبز رنگ کس چیز کی علامت ہے؟,خوشحالی,مسلم اکثریت,اقلیت,امن,B,درست جواب ہے: مسلم اکثریت۔,"صرف ذہین لوگوں کے لیے, مشکل"
Q2667,⏳ 5 سیکنڈ چیلنج,H,اردو زبان کے ابتدائی معروف شاعروں میں کسے شمار کیا جاتا ہے؟,اقبال,میر تقی میر,امیر خسرو,غالب,C,امیر خسرو کو ہندوی/اردو شاعری کے ابتدائی بڑے شعرا میں شمار کیا جاتا ہے۔,"5 سیکنڈ چیلنج, مشکل"
Q2668,🎭 الفاظ کا جادو,H,"""خوبصورت"" کا متضاد کیا ہے؟",ذلت,بزدل,دشمن,بدصورت,D,"""خوبصورت"" کا متضاد ""بدصورت"" ہے۔","الفاظ کا جادو, مشکل"
Q2669,📖 اردو محاورے,H,"""ناچ نہ جانے آنگن ٹیڑھا"" کا مطلب کیا ہے؟",گھر صاف نہ ہونا,سیدھا نہ چلنا,اپنی کمی کا الزام دوسروں پر ڈالنا,ناچنے کا شوق,C,اپنی غلطی کا بہانہ بنانا۔,"اردو محاورے, مشکل"
Q2670,⏳ 5 سیکنڈ چیلنج,H,اگر ایک کار 60 کلومیٹر فی گھنٹہ کی رفتار سے 2 گھنٹے چلے تو کتنا سفر کرے گی,100,60,180,120,D,60×2=120 کلومیٹر۔,"5 سیکنڈ چیلنج, مشکل"
Q2671,👑 صرف ذہین لوگوں کے لیے,H,زمین اپنے محور پر کتنے گھنٹوں میں ایک چکر مکمل کرتی ہے؟,365 دن,24 گھنٹے,12 گھنٹے,48 گھنٹے,B,درست جواب ہے: 24 گھنٹے۔,"صرف ذہین لوگوں کے لیے, مشکل"
Q2672,⏳ 5 سیکنڈ چیلنج,H,ایک کمرے میں پانچ موم بتیاں جل رہی تھیں۔ دو بجھ گئیں۔ آخر میں کتنی موم بتیاں باقی رہیں گی؟,کوئی نہیں,3,2,5,D,درست جواب ہے: 5۔,"5 سیکنڈ چیلنج, مشکل"
Q2673,⏳ 5 سیکنڈ چیلنج,H,ماچس، موم بتی، چولہا، گیس ہیٹر۔ سب سے پہلے کیا جلائیں گے؟,موم بتی,چولہا,ماچس کی تیلی,گیس ہیٹر,C,درست جواب ہے: ماچس کی تیلی۔,"5 سیکنڈ چیلنج, مشکل"
Q2674,😈 ٹرک سوالات,H,ایک تھیلے میں 4 سرخ اور 6 نیلی گیندیں ہیں۔ بغیر دیکھے ایک گیند نکالنے پر سرخ گیند نکلنے کا امکان کتنے میں سے کتنا ہے؟,4/6,4/10,10/4,6/10,B,کل گیندیں 10 ہیں جن میں سے 4 سرخ ہیں، اس لیے امکان 4/10 ہے۔,"ٹرک سوالات, مشکل"
Q2675,🧩 دلچسپ پہیلیاں,H,وہ کیا ہے جس کے بغیر آپ کی شناخت مکمل نہیں ہوتی مگر اسے دیکھا نہیں جا سکتا؟,نام,سانس,روح,سایہ,A,درست جواب ہے: نام۔,"دلچسپ پہیلیاں, مشکل"
Q2676,🎭 الفاظ کا جادو,H,"لفظ ""سخاوت"" کا متضاد کیا ہے؟",محبت,فیاضی,رحم,کنجوسی,D,سخاوت کا متضاد کنجوسی ہے۔,"الفاظ کا جادو, مشکل"
Q2677,🎭 الفاظ کا جادو,H,"""دانائی"" کا مترادف کیا ہے؟",حکمت,سعی,عدل,حمد,A,"""دانائی"" کا مترادف ""حکمت"" ہے۔","الفاظ کا جادو, مشکل"
Q2678,😈 ٹرک سوالات,H,اگر 5 آدمی 5 گھنٹے میں 5 کرسیاں بناتے ہیں تو 1 آدمی 1 کرسی کتنے گھنٹے میں بنائے گا,10,25,5,1,C,ہر آدمی 5 گھنٹے میں 1 کرسی بناتا ہے۔,"ٹرک سوالات, مشکل"
Q2679,⏳ 5 سیکنڈ چیلنج,H,وہ چیز جسے ہم دیکھ سکتے ہیں مگر چھو نہیں سکتے، دن بھر ساتھ چلتی ہے؟,پانی,پتھر,ہوا,سایہ,D,سایہ نظر آتا ہے مگر چھوا نہیں جا سکتا۔,"5 سیکنڈ چیلنج, مشکل"
Q2680,🤯 دماغ کا امتحان,H,ایک باغ میں 25 درخت ہیں۔ ہر درخت پر 10 پھل ہیں۔ اگر 2/5 پھل کھا لیے جائیں، تو کتنے باقی رہیں گے؟,250,100,200,150,D,درست جواب ہے: 150 ________________۔,"دماغ کا امتحان, مشکل"
Q2681,👑 صرف ذہین لوگوں کے لیے,H,گلگت بلتستان کی کون سی چوٹی دنیا کی دوسری بلند ترین چوٹی ہے؟,K2,رکاپوشی,براڈ پیک,نانگا پربت,A,درست جواب ہے: K2۔,"صرف ذہین لوگوں کے لیے, مشکل"
Q2682,🧩 دلچسپ پہیلیاں,H,وہ کون سی چیز ہے جس میں سے جتنا زیادہ نکالو، وہ اتنی ہی بڑی ہوتی جاتی ہے؟,غبارہ,گڑھا,پہاڑ,دریا,B,مٹی نکالنے سے گڑھا بڑا ہوتا جاتا ہے۔,"دلچسپ پہیلیاں, مشکل"
Q2683,🎭 الفاظ کا جادو,H,"لفظ ""اندھیرا"" کا مترادف کیا ہے؟",چمک,روشنی,تاریکی,اجالا,C,اندھیرا کا مترادف تاریکی ہے۔,"الفاظ کا جادو, مشکل"
Q2684,👑 صرف ذہین لوگوں کے لیے,H,پاکستان کا سب سے زیادہ شائع ہونے والا اردو اخبار کون سا ہے,جنگ,دنیا,ایکسپریس,نوائے وقت,A,روزنامہ جنگ پاکستان کے بڑے اردو اخبارات میں شمار ہوتا ہے۔,"صرف ذہین لوگوں کے لیے, مشکل"
Q2685,📖 اردو محاورے,H,"اردو کا محاورہ ""کنویں کا مینڈک"" کس شخص کے لیے بولا جاتا ہے؟",کسان,محدود سوچ رکھنے والا,امیر شخص,مسافر,B,درست جواب ہے: محدود سوچ رکھنے والا۔,"اردو محاورے, مشکل"
Q2686,🧩 دلچسپ پہیلیاں,H,وہ کون سی چیز ہے جو آپ کی ہوتی ہے مگر دوسرے لوگ اسے آپ سے زیادہ استعمال کرتے ہیں؟,آپ کی گاڑی,آپ کا فون,آپ کا گھر,آپ کا نام,D,درست جواب ہے: آپ کا نام۔,"دلچسپ پہیلیاں, مشکل"
Q2687,👑 صرف ذہین لوگوں کے لیے,H,پاکستان کا مانچسٹر کس شہر کو کہا جاتا ہے؟ (صنعتی حوالے سے),کراچی,ملتان,کوئٹہ,فیصل آباد,D,درست جواب ہے: فیصل آباد۔,"صرف ذہین لوگوں کے لیے, مشکل"
Q2688,🎭 الفاظ کا جادو,H,لفظ مشکل کا مترادف کیا ہے,دشوار,قوی,تیز,آسان,A,مشکل کا مترادف دشوار ہے۔,"الفاظ کا جادو, مشکل"
Q2689,😈 ٹرک سوالات,H,ایک باپ اور بیٹا حادثے کا شکار ہوئے۔ ڈاکٹر نے بچے کو دیکھ کر کہا ''یہ میرا بیٹا ہے''۔ ڈاکٹر کون تھا؟,دوست,چچا,دادا,ماں,D,درست جواب ہے: ماں۔,"ٹرک سوالات, مشکل"
Q2690,⏳ 5 سیکنڈ چیلنج,H,ایک آدمی کی 5 بیٹیاں ہیں اور ہر بیٹی کا ایک ہی بھائی ہے۔ کل کتنے بچے ہیں؟,6,7,5,10,A,درست جواب ہے: 6۔,"5 سیکنڈ چیلنج, مشکل"
Q2691,👑 صرف ذہین لوگوں کے لیے,H,سرسید احمد خان نے کون سا تعلیمی ادارہ قائم کیا؟,دیال سنگھ کالج,علی گڑھ کالج,پنجاب یونیورسٹی,اسلامیہ کالج,B,درست جواب ہے: علی گڑھ کالج۔,"صرف ذہین لوگوں کے لیے, مشکل"
Q2692,😈 ٹرک سوالات,H,100 افراد میں 60 اردو، 50 انگریزی اور 20 کوئی بھی زبان نہیں بولتے۔ دونوں زبانیں کتنے افراد بولتے ہیں؟,20,30,50,40,B,درست جواب ہے: 30۔,"ٹرک سوالات, مشکل"
Q2693,😈 ٹرک سوالات,H,2000 روپے پر 5% سالانہ کے حساب سے 1 سال کا سود کتنا بنے گا؟,0,200,300,100,D,سود = (اصل رقم × شرح × مدت)/100 = (2000×5×1)/100 = 100 روپے۔,"ٹرک سوالات, مشکل"
Q2694,🧠 99٪ لوگ غلط جواب دیتے ہیں,H,دو ٹرینیں 50 اور 20 کلومیٹر فی گھنٹہ کی رفتار سے ایک دوسرے کی طرف آ رہی ہیں۔ ان کے درمیان فاصلہ 210 کلومیٹر ہے۔ وہ کتنے گھنٹوں میں ملیں گی؟,4,2,5,3,D,مجموعی رفتار = 50+20 = 70۔ وقت = فاصلہ/رفتار = 210/70 = 3 گھنٹے۔,"99٪ لوگ غلط جواب دیتے ہیں, مشکل"
Q2695,🧠 99٪ لوگ غلط جواب دیتے ہیں,H,تین دوستوں نے 3000 روپے کا بل دیا۔ ہر ایک نے 1000 دیے۔ بعد میں بل 2500 نکلا، ویٹر نے 200 رکھ لیے اور 300 واپس کیے۔ ہر دوست کو 100 واپس ملے۔ 2700 + 200 = 2900، باقی 100 کہاں گئے؟,رقم گم ہو گئی,سوال کا حساب غلط ہے، 2700 میں 2500+200 شامل ہیں,ہوٹل والے نے لیے,ویٹر نے چرائے,B,درست جواب ہے: سوال کا حساب غلط ہے، 2700 میں 2500+200 شامل ہیں۔,"99٪ لوگ غلط جواب دیتے ہیں, مشکل"
Q2696,🧩 دلچسپ پہیلیاں,H,وہ کیا ہے جو دن میں بار بار بدلتا ہے مگر اپنی اصل شکل نہیں کھوتا؟,مٹی,لوہا,پتھر,پانی کی حالت (برف/بھاپ),D,یہ ایک لطیف پہیلی ہے جس کا جواب ہے: پانی کی حالت (برف/بھاپ)۔,"دلچسپ پہیلیاں, مشکل"
Q2697,😈 ٹرک سوالات,H,ایک آدمی اپنی تصویر دیکھ کر کہتا ہے 'میرا کوئی بھائی بہن نہیں، مگر اس آدمی کا باپ میرے باپ کا بیٹا ہے'، تصویر میں کون ہے؟,وہ خود,اس کا باپ,اس کا چچا,اس کا اپنا بیٹا,D,غور سے سوچیں، ظاہری الفاظ کے بجائے منطق استعمال کریں۔,"ٹرک سوالات, مشکل"
Q2698,👑 صرف ذہین لوگوں کے لیے,H,پاکستان کا رقبے کے لحاظ سے دوسرا بڑا صوبہ کون سا ہے,پنجاب,گلگت بلتستان,خیبر پختونخوا,سندھ,D,بلوچستان کے بعد سندھ دوسرا بڑا صوبہ ہے۔,"صرف ذہین لوگوں کے لیے, مشکل"
Q2699,🤯 دماغ کا امتحان,H,اگر 3 مزدور ایک کام 12 دنوں میں مکمل کرتے ہیں تو 9 مزدور وہی کام کتنے دنوں میں مکمل کریں گے؟,5,6,3,4,D,کل کام = 3×12 = 36 مزدور-دن۔ 9 مزدوروں کے لیے وقت = 36/9 = 4 دن۔,"دماغ کا امتحان, مشکل"
Q2700,⏳ 5 سیکنڈ چیلنج,H,پاکستان میں ٹرک آرٹ کا سب سے معروف مرکز کون سا شہر سمجھا جاتا ہے؟,حیدرآباد (سندھ),لاہور,راولپنڈی,کراچی,A,درست جواب ہے: حیدرآباد (سندھ)۔,"5 سیکنڈ چیلنج, مشکل"
Q2701,🧠 99٪ لوگ غلط جواب دیتے ہیں,H,سال کے کتنے مہینوں میں کم از کم 28 دن ہوتے ہیں؟,کسی میں نہیں,صرف فروری میں,سب 12 مہینوں میں,تین مہینوں میں,C,غور سے سوچیں: درست جواب سب 12 مہینوں میں ہے۔,"99٪ لوگ غلط جواب دیتے ہیں, مشکل"
Q2702,👑 صرف ذہین لوگوں کے لیے,H,پاکستان نے ہاکی کا عالمی کپ سب سے زیادہ بار کب جیتا؟,چار بار (1971 سے 1994 کے درمیان),دو بار,ایک بار,کبھی نہیں,A,درست جواب ہے: چار بار (1971 سے 1994 کے درمیان)۔,"صرف ذہین لوگوں کے لیے, مشکل"
Q2703,🧠 99٪ لوگ غلط جواب دیتے ہیں,H,ایک آدمی 20 منزلہ عمارت کے 10ویں فلور پر رہتا ہے اور لفٹ سے 10 تک جا کر سیڑھیاں چڑھتا ہے، کیوں؟,اسے سیڑھیاں پسند ہیں,ورزش کے لیے,لفٹ خراب ہے,وہ 10ویں فلور کا بٹن نہیں دبا سکتا,D,درست جواب ہے: وہ 10ویں فلور کا بٹن نہیں دبا سکتا۔,"99٪ لوگ غلط جواب دیتے ہیں, مشکل"
Q2704,🧠 99٪ لوگ غلط جواب دیتے ہیں,H,70 روپے ادا کرنے کے لیے کم از کم کتنے نوٹ (50، 10، 5 روپے کے) درکار ہوں گے؟,4,5,3,2,C,کم از کم نوٹوں کے ساتھ 70 روپے بنانے کے لیے 3 نوٹ درکار ہیں۔,"99٪ لوگ غلط جواب دیتے ہیں, مشکل"
Q2705,😈 ٹرک سوالات,H,ایک چیز کی قیمت 200 روپے ہے۔ اس پر 10% رعایت ملے تو ادا کی جانے والی رقم کتنی ہوگی؟,200,170,180,190,C,10% رعایت = 20 روپے، لہٰذا ادا کی جانے والی رقم = 200 - 20 = 180 روپے۔,"ٹرک سوالات, مشکل"
Q2706,⏳ 5 سیکنڈ چیلنج,H,پاکستان کے 14 بلند ترین پہاڑوں میں سے کتنے دنیا کے Top 14 میں شامل ہیں؟,3,4,5,6,C,K2 سمیت 5,"5 سیکنڈ چیلنج, مشکل"
Q2707,⏳ 5 سیکنڈ چیلنج,H,وہ کون سا جانور ہے جو اپنی زبان سے کان صاف کر سکتا ہے؟,شیر,گھوڑا,بلی,اونٹ,C,درست جواب ہے: بلی۔,"5 سیکنڈ چیلنج, مشکل"
Q2708,🧩 دلچسپ پہیلیاں,H,وہ کیا ہے جو ہمیشہ آپ کے سامنے ہوتی ہے مگر آپ اسے دیکھ نہیں سکتے؟,ہوا,سورج,اپنا مستقبل,چاند,C,مستقبل ہمیشہ سامنے ہوتا ہے مگر دیکھا نہیں جا سکتا۔,"دلچسپ پہیلیاں, مشکل"
Q2709,🎭 الفاظ کا جادو,H,"Cybersecurity میں ""گھر کا بھیدی لنکا ڈھائے"" کس کے مترادف ہے؟",ڈیٹا بیک اپ,فائر وال,مضبوط پاس ورڈ,اندرونی خطرہ (Insider Threat),D,درست جواب ہے: اندرونی خطرہ (Insider Threat)۔,"الفاظ کا جادو, مشکل"
Q2710,🧠 99٪ لوگ غلط جواب دیتے ہیں,H,ایک کمرے میں 7 افراد ہیں، اگر ہر ایک دوسرے سے ایک بار ہاتھ ملائے تو کل کتنے مصافحے ہوں گے؟,28,14,21,49,C,کل مصافحے = n(n-1)/2 = 7×6/2 = 21۔,"99٪ لوگ غلط جواب دیتے ہیں, مشکل"
Q2711,📖 اردو محاورے,H,"""منہ میں زبان آنا"" محاورے کا کیا مطلب ہے؟",بے باک ہو جانا یا جواب دینا سیکھنا,خاموش ہو جانا,بولنے کی عادت پڑنا,جھوٹ بولنا,A,درست جواب ہے: بے باک ہو جانا یا جواب دینا سیکھنا۔,"اردو محاورے, مشکل"
Q2712,📖 اردو محاورے,H,"""لوہا لوہے کو کاٹتا ہے"" کا مطلب کیا ہے؟",نرمی سے کام لینا,سخت کا مقابلہ سخت سے ہی ہوتا ہے,دوستی کرنا,صلح کرنا,B,"""لوہا لوہے کو کاٹتا ہے"" کا محاورتی مطلب ہے: سخت کا مقابلہ سخت سے ہی ہوتا ہے۔","اردو محاورے, مشکل"
Q2713,🤯 دماغ کا امتحان,H,دو ٹرینیں 40 اور 30 کلومیٹر فی گھنٹہ کی رفتار سے ایک دوسرے کی طرف آ رہی ہیں۔ ان کے درمیان فاصلہ 140 کلومیٹر ہے۔ وہ کتنے گھنٹوں میں ملیں گی؟,3,1,4,2,D,مجموعی رفتار = 40+30 = 70۔ وقت = فاصلہ/رفتار = 140/70 = 2 گھنٹے۔,"دماغ کا امتحان, مشکل"
Q2714,🤯 دماغ کا امتحان,H,90 روپے ادا کرنے کے لیے کم از کم کتنے نوٹ (50، 10، 5 روپے کے) درکار ہوں گے؟,7,5,4,6,B,کم از کم نوٹوں کے ساتھ 90 روپے بنانے کے لیے 5 نوٹ درکار ہیں۔,"دماغ کا امتحان, مشکل"
Q2715,📖 اردو محاورے,H,"""آگے کنواں پیچھے کھائی ہونا"" کا مطلب کیا ہے؟",آسان راستہ ہونا,سفر پر جانا,ہر طرف سے مشکل میں گھرا ہونا,محفوظ ہونا,C,"""آگے کنواں پیچھے کھائی ہونا"" کا محاورتی مطلب ہے: ہر طرف سے مشکل میں گھرا ہونا۔","اردو محاورے, مشکل"
Q2716,🤯 دماغ کا امتحان,H,ایک گھر میں 10 موم بتیاں جل رہی تھیں، ہوا سے 5 بجھ گئیں، آخر میں کتنی موم بتیاں بچیں گی؟,بجھی ہوئی 5 موم بتیاں,10,5,0,A,درست جواب ہے: بجھی ہوئی 5 موم بتیاں۔,"دماغ کا امتحان, مشکل"
Q2717,⏳ 5 سیکنڈ چیلنج,H,پاکستان نے ہاکی میں آخری اولمپک گولڈ میڈل کس سال جیتا؟,1988,1984,2000,1992,D,درست جواب ہے: 1992۔,"5 سیکنڈ چیلنج, مشکل"
Q2718,🎭 الفاظ کا جادو,H,"""مہربان"" کا مترادف کیا ہے؟",بندگی,کریم,اعتماد,حمد,B,"""مہربان"" کا مترادف ""کریم"" ہے۔","الفاظ کا جادو, مشکل"
Q2719,⏳ 5 سیکنڈ چیلنج,H,پاکستان کا قومی ترانہ سب سے پہلے کس دھن پر تیار کیا گیا؟,الفاظ پہلے,دونوں ایک ساتھ,دھن پہلے,کسی نے نہیں,C,قومی ترانے کی دھن پہلے تیار کی گئی، بعد میں الفاظ لکھے گئے۔,"5 سیکنڈ چیلنج, مشکل"
Q2720,📖 اردو محاورے,H,"""آنکھیں بچھانا"" محاورے کا کیا مطلب ہے؟",غصہ کرنا,ڈر جانا,خوش آمدید کہنا,نظر انداز کرنا,C,درست جواب ہے: خوش آمدید کہنا ________________۔,"اردو محاورے, مشکل"
Q2721,📖 اردو محاورے,H,"اردو کا محاورہ ""کنویں کا مینڈک"" کس کے لیے بولا جاتا ہے؟",محدود سوچ رکھنے والا,کسان,امیر شخص,مسافر,A,درست جواب ہے: محدود سوچ رکھنے والا۔,"اردو محاورے, مشکل"
Q2722,🧠 99٪ لوگ غلط جواب دیتے ہیں,H,اگر ایک گاڑی 75 کلومیٹر فی گھنٹہ کی رفتار سے 4 گھنٹے چلے تو کتنی دوری طے کرے گی؟,325 کلومیٹر,300 کلومیٹر,275 کلومیٹر,250 کلومیٹر,B,75 × 4 = 300 کلومیٹر۔,"99٪ لوگ غلط جواب دیتے ہیں, مشکل"
Q2723,⏳ 5 سیکنڈ چیلنج,H,پاکستان میں کون سا پہاڑی سلسلہ دنیا کے نسبتاً نوجوان سلسلوں میں شمار ہوتا ہے اور اب بھی بلند ہو رہا ہے؟,قراقرم,ہندوکش,سلیمان,ہمالیہ,A,درست جواب ہے: قراقرم۔,"5 سیکنڈ چیلنج, مشکل"
Q2724,⏳ 5 سیکنڈ چیلنج,H,میں وہ ہوں جسے جتنا بانٹا جائے، وہ اتنا ہی کم ہوتا جاتا ہے، مگر میں وقت نہیں ہوں۔,خوراک,صبر,پیسہ,عمر,A,درست جواب ہے: خوراک۔,"5 سیکنڈ چیلنج, مشکل"
Q2725,📖 اردو محاورے,H,"""آگ لگا کر تماشا دیکھنا"" کا مطلب کیا ہے؟",صلح کروانا,مدد کرنا,آگ بجھانا,جھگڑا کروا کر خود لطف اندوز ہونا,D,"""آگ لگا کر تماشا دیکھنا"" کا محاورتی مطلب ہے: جھگڑا کروا کر خود لطف اندوز ہونا۔","اردو محاورے, مشکل"
Q2726,📖 اردو محاورے,H,"""دانتوں تلے انگلی دبانا"" کا مطلب کیا ہے؟",شدید حیرت کا اظہار کرنا,درد ہونا,ہنسنا,کھانا کھانا,A,"""دانتوں تلے انگلی دبانا"" کا محاورتی مطلب ہے: شدید حیرت کا اظہار کرنا۔","اردو محاورے, مشکل"
Q2727,🎭 الفاظ کا جادو,H,"اردو لفظ ""استقامت"" کا متضاد کیا ہے؟",خوشی,بزدلی,ڈر,غصہ,B,درست جواب ہے: بزدلی۔,"الفاظ کا جادو, مشکل"
Q2728,👑 صرف ذہین لوگوں کے لیے,H,رمضان المبارک اسلامی کیلنڈر کا کون سا مہینہ ہے؟,دسواں مہینہ,آٹھواں مہینہ,بارہواں مہینہ,نواں مہینہ,D,درست جواب ہے: نواں مہینہ۔,"صرف ذہین لوگوں کے لیے, مشکل"
Q2729,📖 اردو محاورے,H,"""آستین کا سانپ"" محاورے کا کیا مطلب ہے؟",جو شخص بہت لمبا ہو,جو سانپ آستین میں ہو,"""جو شخص ظاہر میں اچھا مگر اندر سے خطرناک ہو""",جو شخص کپڑے سینتا ہو,C,"درست جواب ہے: ""جو شخص ظاہر میں اچھا مگر اندر سے خطرناک ہو""۔","اردو محاورے, مشکل"
Q2730,🎭 الفاظ کا جادو,H,"اردو لفظ ""استقبال"" کا ایک معنی کیا ہے؟",یاد,مستقبل,حال,ماضی,B,درست جواب ہے: مستقبل۔,"الفاظ کا جادو, مشکل"
Q2731,👑 صرف ذہین لوگوں کے لیے,H,مشہور اردو شاعر پروین شاکر کا انتقال کس شہر میں ہوا,ملتان,لاہور,کراچی,اسلام آباد,D,پروین شاکر کا انتقال 1994 میں اسلام آباد میں ایک ٹریفک حادثے میں ہوا۔,"صرف ذہین لوگوں کے لیے, مشکل"
Q2732,🧠 99٪ لوگ غلط جواب دیتے ہیں,H,ایک دکاندار نے چیز 100 میں خریدی 120 میں بیچی پھر 130 میں خرید کر 150 میں بیچی کل نفع؟,50 روپے,60 روپے,40 روپے,20 روپے,C,20+20=40,"99٪ لوگ غلط جواب دیتے ہیں, مشکل"
Q2733,🎭 الفاظ کا جادو,H,"لفظ """"کامیابی"""" کا متضاد کیا ہے؟",ناکامی,ترقی,کوشش,محنت,A,کامیابی کا متضاد ناکامی ہے۔,"الفاظ کا جادو, مشکل"
Q2734,⏳ 5 سیکنڈ چیلنج,H,ایک آدمی 7 دن پانی کے بغیر زندہ رہ سکتا ہے، پھر پانی والے کمرے میں کیوں مر گیا؟,برتن خالی تھا,پانی زہریلا تھا,پانی نہیں ملا,"""وہ کمرے میں موجود ہی نہیں تھا""",D,"درست جواب ہے: ""وہ کمرے میں موجود ہی نہیں تھا""۔","5 سیکنڈ چیلنج, مشکل"
Q2735,📖 اردو محاورے,H,"""فرش سے عرش پر پہنچنا"" کا مطلب کیا ہے؟",ناکام ہونا,سفر کرنا,بہت نچلے درجے سے بہت اونچے مقام تک پہنچنا,گر جانا,C,"""فرش سے عرش پر پہنچنا"" کا محاورتی مطلب ہے: بہت نچلے درجے سے بہت اونچے مقام تک پہنچنا۔","اردو محاورے, مشکل"
Q2736,📖 اردو محاورے,H,جس کی لاٹھی اس کی بھینس کا مطلب کیا ہے,کسان ہونا,بھینس پالنا,طاقتور کی چلتی ہے,لاٹھی بنانا,C,طاقتور شخص غالب رہتا ہے۔,"اردو محاورے, مشکل"
Q2737,😈 ٹرک سوالات,H,ایک تھیلے میں 5 سرخ اور 2 نیلی گیندیں ہیں۔ بغیر دیکھے ایک گیند نکالنے پر سرخ گیند نکلنے کا امکان کتنے میں سے کتنا ہے؟,2/7,7/5,5/2,5/7,D,کل گیندیں 7 ہیں جن میں سے 5 سرخ ہیں، اس لیے امکان 5/7 ہے۔,"ٹرک سوالات, مشکل"
Q2738,🧩 دلچسپ پہیلیاں,H,وہ کون سی چیز ہے جو انسان کو بغیر سفر کیے دنیا کی سیر کرا دیتی ہے؟,کتاب,نقشہ,خواب,تصویر,A,یہ ایک لطیف پہیلی ہے جس کا جواب ہے: کتاب۔,"دلچسپ پہیلیاں, مشکل"
Q2739,🧠 99٪ لوگ غلط جواب دیتے ہیں,H,اگر 5 مزدور ایک کام 12 دنوں میں مکمل کرتے ہیں تو 3 مزدور وہی کام کتنے دنوں میں مکمل کریں گے؟,20,21,22,19,A,کل کام = 5×12 = 60 مزدور-دن۔ 3 مزدوروں کے لیے وقت = 60/3 = 20 دن۔,"99٪ لوگ غلط جواب دیتے ہیں, مشکل"
Q2740,🎭 الفاظ کا جادو,H,"""تلوار"" کا مترادف کیا ہے؟",سن,شمشیر,ثروت,سلطان,B,"""تلوار"" کا مترادف ""شمشیر"" ہے۔","الفاظ کا جادو, مشکل"
Q2741,🧠 99٪ لوگ غلط جواب دیتے ہیں,H,ایک لڑکی کے پاس 3 سیب ہیں، اس کے 2 بھائی ہیں، ہر ایک کو ایک سیب دینے کے باوجود اس کے پاس 2 سیب کیسے بچے؟,اس نے ایک سیب کے دو حصے کیے,ایک بھائی نے نہیں لیا,سیب چھپا دیے,ایک سیب خراب تھا,A,درست جواب ہے: اس نے ایک سیب کے دو حصے کیے۔,"99٪ لوگ غلط جواب دیتے ہیں, مشکل"
Q2742,😈 ٹرک سوالات,H,ایک شخص 10 سال کا ہے، اس کا باپ اس سے 5 گنا بڑا ہے۔ 10 سال بعد باپ کی عمر کیا ہوگی؟,50,55,65,60,D,بیٹا 10، باپ 50 سال کا ہے۔ 10 سال بعد باپ 60 کا ہوگا,"ٹرک سوالات, مشکل"
Q2743,📖 اردو محاورے,H,دودھ کا جلا چھاچھ بھی پھونک پھونک کر پیتا ہے,تجربے کے بعد محتاط ہونا,جلدی کرنا,آہستہ پینا,گرم چیز پسند کرنا,A,ایک بار نقصان اٹھانے والا آئندہ احتیاط کرتا ہے۔,"اردو محاورے, مشکل"
Q2744,👑 صرف ذہین لوگوں کے لیے,H,میں وہ ہوں جسے جتنا چھپایا جائے، وہ اتنا ہی ظاہر ہوتا جاتا ہے، مگر میں سچ نہیں ہوں۔,جھوٹ,آنسو,محبت,خوف,B,درست جواب ہے: آنسو۔,"صرف ذہین لوگوں کے لیے, مشکل"
Q2745,😈 ٹرک سوالات,H,ایک انسٹا پوسٹ کو پہلے گھنٹے میں 50 لائکس ملے، دوسرے میں اس سے دوگنے، تیسرے میں پھر دوگنے۔ کل کتنے لائکس ہوئے؟,350,400,450,200,A,درست جواب ہے: 350۔,"ٹرک سوالات, مشکل"
Q2746,🧩 دلچسپ پہیلیاں,H,وہ کون سی چیز ہے جو باندھنے سے مضبوط اور کھولنے سے کمزور ہو جاتی ہے؟,لکڑیوں کا گٹھا (اتحاد),دھاگہ,رسی,تار,A,یہ ایک لطیف پہیلی ہے جس کا جواب ہے: لکڑیوں کا گٹھا (اتحاد)۔,"دلچسپ پہیلیاں, مشکل"
Q2747,😈 ٹرک سوالات,H,ان میں سے کون سا عدد باقیوں سے مختلف ہے: 24، 32، 48، 16؟,32,24,48,16,B,باقی تمام اعداد جفت (even) ہیں مگر 24 طاق (odd) ہے۔,"ٹرک سوالات, مشکل"
Q2748,🧩 دلچسپ پہیلیاں,H,وہ کون سی چیز ہے جو ہر انسان کے اندر ہوتی ہے مگر ناپی نہیں جا سکتی؟,نبض,خون,سانس,حوصلہ,D,یہ ایک لطیف پہیلی ہے جس کا جواب ہے: حوصلہ۔,"دلچسپ پہیلیاں, مشکل"
Q2749,⏳ 5 سیکنڈ چیلنج,H,چلتا ہوں پاؤں نہیں، بولتا ہوں زبان نہیں، سکھاتا ہوں استاد نہیں۔ کیا ہوں؟,کتاب,دریا,گھڑی,ریڈیو,A,درست جواب ہے: کتاب۔,"5 سیکنڈ چیلنج, مشکل"
Q2750,🧩 دلچسپ پہیلیاں,H,وہ کون سی چیز ہے جو جتنی زیادہ ہوتی ہے اتنا ہی کم دکھائی دیتا ہے,بارش,ہوا,اندھیرا,روشنی,C,اندھیرا جتنا زیادہ ہو اتنا ہی کم نظر آتا ہے۔,"دلچسپ پہیلیاں, مشکل"
Q2751,⏳ 5 سیکنڈ چیلنج,H,دنیا کا پہلا ملک جس نے باضابطہ طور پر اپنی CBDC (Central Bank Digital Currency) متعارف کروائی؟,چین,بہاماس,برطانیہ,امریکہ,B,درست جواب ہے: بہاماس۔,"5 سیکنڈ چیلنج, مشکل"
Q2752,🤯 دماغ کا امتحان,H,پانچ بلیاں پانچ چوہے پانچ منٹ میں پکڑتی ہیں۔ 100 بلیاں 100 چوہے کتنے منٹ میں پکڑیں گی؟,100,5,1,20,B,ہر بلی ایک چوہا 5 منٹ میں پکڑتی ہے، اس لیے 100 بلیاں بھی 100 چوہے 5 منٹ میں پکڑیں گی۔,"دماغ کا امتحان, مشکل"
Q2753,👑 صرف ذہین لوگوں کے لیے,H,پاکستان فضائیہ کا یوم تشکیل کب منایا جاتا ہے؟,7 ستمبر,14 اگست,23 مارچ,6 ستمبر,A,درست جواب ہے: 7 ستمبر۔,"صرف ذہین لوگوں کے لیے, مشکل"
Q2754,🎭 الفاظ کا جادو,H,پانی کا مجازی مطلب کیا ہے,خوشبو,روشنی,آگ,عزت,D,پانی سے مراد عزت بھی ہوتی ہے۔,"الفاظ کا جادو, مشکل"
Q2755,🧩 دلچسپ پہیلیاں,H,وہ کیا ہے جو ہر انسان کے پاس ہوتا ہے مگر کبھی ایک جیسا نہیں ہوتا؟,نام,عمر,قد,قسمت/سوچ,D,یہ ایک لطیف پہیلی ہے جس کا جواب ہے: قسمت/سوچ۔,"دلچسپ پہیلیاں, مشکل"
Q2756,📖 اردو محاورے,H,"اردو میں ""غزل"" لفظ کس زبان سے آیا اور اس کا اصل مطلب کیا تھا؟",عربی — عورتوں سے گفتگو,ترکی — آہستہ بات,فارسی — محبت,سنسکرت — گانا,A,درست جواب ہے: عربی — عورتوں سے گفتگو۔,"اردو محاورے, مشکل"
Q2757,📖 اردو محاورے,H,"""ایک تیر سے دو شکار کرنا"" کا مطلب کیا ہے؟",ایک ہی کام سے دو مقصد حاصل کرنا,ناکام ہونا,شکار کرنا سیکھنا,دو تیر چلانا,A,"""ایک تیر سے دو شکار کرنا"" کا محاورتی مطلب ہے: ایک ہی کام سے دو مقصد حاصل کرنا۔","اردو محاورے, مشکل"
Q2758,👑 صرف ذہین لوگوں کے لیے,H,پاکستان میں ایٹمی توانائی کا ادارہ کون سا ہے؟,سپارکو,نادرا,واپڈا,پی اے ای سی (PAEC),D,درست جواب ہے: پی اے ای سی (PAEC)۔,"صرف ذہین لوگوں کے لیے, مشکل"
Q2759,🧠 99٪ لوگ غلط جواب دیتے ہیں,H,آن لائن گیم میں 100 کھلاڑی ہیں۔ ہر راؤنڈ میں آدھے باہر ہو جاتے ہیں۔ 3 راؤنڈ بعد تقریباً کتنے بچیں گے؟,25,6,50,12 یا 13,D,درست جواب ہے: 12 یا 13۔,"99٪ لوگ غلط جواب دیتے ہیں, مشکل"
Q2760,🧠 99٪ لوگ غلط جواب دیتے ہیں,H,ایک گاڑی 60 کلومیٹر فی گھنٹہ کی رفتار سے 1 گھنٹے سفر کرتی ہے۔ کل فاصلہ کتنا ہوگا؟,120,180,70,60,D,فاصلہ = رفتار × وقت = 60 × 1 = 60 کلومیٹر۔,"99٪ لوگ غلط جواب دیتے ہیں, مشکل"
Q2761,🧩 دلچسپ پہیلیاں,H,وہ کون سی چیز ہے جو کھلنے پر خوشبو دیتی اور مرجھانے پر خاموش ہو جاتی ہے؟,درخت,پھول,پتہ,گھاس,B,یہ ایک لطیف پہیلی ہے جس کا جواب ہے: پھول۔,"دلچسپ پہیلیاں, مشکل"
Q2762,😈 ٹرک سوالات,H,"ایک باپ اور بیٹا حادثے کا شکار ہوئے۔ باپ فوت ہوگیا۔ ڈاکٹر نے بچے کو دیکھ کر کہا: ""یہ میرا بیٹا ہے۔"" کیسے؟",ڈاکٹر بچے کی ماں تھی,ڈاکٹر دوست تھا,ڈاکٹر جھوٹ بول رہا تھا,بچہ گود لیا ہوا تھا,A,ڈاکٹر عورت بھی ہو سکتی ہے۔,"ٹرک سوالات, مشکل"
Q2763,⏳ 5 سیکنڈ چیلنج,H,انسانی جسم کا کون سا حصہ براہِ راست خون کی نالیوں سے غذا حاصل نہیں کرتا؟,دل,کارنیا,جگر,دماغ,B,کارنیا آکسیجن اور غذائیت آنسوؤں اور ہوا سے حاصل کرتی ہے۔,"5 سیکنڈ چیلنج, مشکل"
Q2764,😈 ٹرک سوالات,H,آپ ایک اندھیرے کمرے میں داخل ہوتے ہیں۔ وہاں ایک موم بتی، ایک تیل کا دیا اور ایک لکڑی کا چولہا رکھا ہے۔ آپ کے پاس صرف ایک ماچس کی تیلی ہے۔ سب سے پہلے کیا جلائیں گے؟,موم بتی,ماچس کی تیلی,لکڑی کا چولہا,تیل کا دیا,B,درست جواب ہے: ماچس کی تیلی۔,"ٹرک سوالات, مشکل"
Q2765,😈 ٹرک سوالات,H,"ایک باپ اور بیٹا حادثے کا شکار ہوئے۔ باپ فوت ہوگیا۔ ڈاکٹر نے بچے کو دیکھ کر کہا: ""یہ میرا بیٹا ہے۔"" ڈاکٹر کون تھا؟",باپ کا دوست,دادا,چچا,بچے کی ماں,D,درست جواب ہے: بچے کی ماں۔,"ٹرک سوالات, مشکل"
Q2766,😈 ٹرک سوالات,H,دو ٹرینیں 30 اور 20 کلومیٹر فی گھنٹہ کی رفتار سے ایک دوسرے کی طرف آ رہی ہیں، درمیانی فاصلہ 150 کلومیٹر ہے (سیٹ 10)۔ کتنے گھنٹوں میں ملیں گی؟,5,3,2,4,B,وقت = فاصلہ/مجموعی رفتار = 150/50 = 3 گھنٹے۔,"ٹرک سوالات, مشکل"
Q2767,😈 ٹرک سوالات,H,اگر ایک کمرے میں 5 موم بتیاں جل رہی ہوں اور 2 بجھ جائیں تو کتنی موم بتیاں باقی رہیں گی؟,3,0,2,5,D,درست جواب ہے: 5۔,"ٹرک سوالات, مشکل"
Q2768,😈 ٹرک سوالات,H,ایک گاڑی 40 کلومیٹر فی گھنٹہ کی رفتار سے 2 گھنٹے سفر کرتی ہے۔ کل فاصلہ کتنا ہوگا؟,80,160,40,120,A,فاصلہ = رفتار × وقت = 40 × 2 = 80 کلومیٹر۔,"ٹرک سوالات, مشکل"
Q2769,📖 اردو محاورے,H,"""تیل دیکھو تیل کی دھار دیکھو"" کا مطلب کیا ہے؟",تیل خریدنا,جلد بازی کرنا,انتظار کرکے نتیجہ دیکھنا,فوراً فیصلہ کرنا,C,"""تیل دیکھو تیل کی دھار دیکھو"" کا محاورتی مطلب ہے: انتظار کرکے نتیجہ دیکھنا۔","اردو محاورے, مشکل"
Q2770,🧠 99٪ لوگ غلط جواب دیتے ہیں,H,ایک دکاندار نے چیز 100 میں خریدی 120 میں بیچی، پھر 120 میں خرید کر 140 میں بیچی، کل نفع کتنا؟,40,30,20,50,A,غور سے سوچیں: درست جواب 40 ہے۔,"99٪ لوگ غلط جواب دیتے ہیں, مشکل"
Q2771,🎭 الفاظ کا جادو,H,"""آزادی"" کا مترادف کیا ہے؟",حق,سہل,حریت,امن,C,"""آزادی"" کا مترادف ""حریت"" ہے۔","الفاظ کا جادو, مشکل"
Q2772,😈 ٹرک سوالات,H,ایک باغ میں 40 درخت ہیں۔ ہر درخت پر 15 پھل ہیں۔ اگر 3/5 پھل کھا لیے جائیں، تو کتنے باقی رہیں گے؟,240,200,280,320,A,درست جواب ہے: 240 ________________۔,"ٹرک سوالات, مشکل"
Q2773,🧠 99٪ لوگ غلط جواب دیتے ہیں,H,10000 روپے پر 15% سالانہ کے حساب سے 2 سال کا سود کتنا بنے گا؟,3000,3100,2900,3200,A,سود = (اصل رقم × شرح × مدت)/100 = (10000×15×2)/100 = 3000 روپے۔,"99٪ لوگ غلط جواب دیتے ہیں, مشکل"
Q2774,🧠 99٪ لوگ غلط جواب دیتے ہیں,H,ایک کمرے میں 11 افراد ہیں، اگر ہر ایک دوسرے سے ایک بار ہاتھ ملائے تو کل کتنے مصافحے ہوں گے؟,44,121,66,55,D,کل مصافحے = n(n-1)/2 = 11×10/2 = 55۔,"99٪ لوگ غلط جواب دیتے ہیں, مشکل"
Q2775,⏳ 5 سیکنڈ چیلنج,H,پاکستان کا قومی کھیل سرکاری طور پر کیا قرار دیا گیا ہے,کبڈی,کرکٹ,ہاکی,فٹبال,C,ہاکی کو پاکستان کا قومی کھیل قرار دیا گیا ہے۔,"5 سیکنڈ چیلنج, مشکل"
Q2776,🤯 دماغ کا امتحان,H,ایک گاڑی 80 کلومیٹر فی گھنٹہ کی رفتار سے 5 گھنٹے سفر کرتی ہے۔ کل فاصلہ کتنا ہوگا؟,320,480,560,400,D,فاصلہ = رفتار × وقت = 80 × 5 = 400 کلومیٹر۔,"دماغ کا امتحان, مشکل"
Q2777,😈 ٹرک سوالات,H,ایک چیز 100 روپے میں خرید کر 140 روپے میں بیچی گئی۔ نفع کی شرح کتنی فیصد ہے؟,45%,40%,50%,35%,B,نفع = 140-100 = 40 روپے۔ نفع فیصد = (40/100)×100 = 40%۔,"ٹرک سوالات, مشکل"
Q2778,⏳ 5 سیکنڈ چیلنج,H,انسانی جسم میں سب سے زیادہ پایا جانے والا عنصر کیا ہے؟,ہائیڈروجن,کاربن,آکسیجن,نائٹروجن,C,درست جواب ہے: آکسیجن۔,"5 سیکنڈ چیلنج, مشکل"
Q2779,🎭 الفاظ کا جادو,H,"""حقیقت"" کا مترادف کیا ہے؟",دلیر,رنج,عدل,سچائی,D,"""حقیقت"" کا مترادف ""سچائی"" ہے۔","الفاظ کا جادو, مشکل"
Q2780,👑 صرف ذہین لوگوں کے لیے,H,"پاکستان میں کون سا شہر ""دنیا کا سب سے گہرا گرم پانی کا چشمہ"" (World's deepest hot spring) رکھتا ہے؟",ہنزہ,تتپانی (Manikaran),مری,ناران,B,درست جواب ہے: تتپانی (Manikaran)۔,"صرف ذہین لوگوں کے لیے, مشکل"
Q2781,⏳ 5 سیکنڈ چیلنج,H,رقبے کے لحاظ سے پاکستان کا سب سے بڑا صوبہ کون سا ہے؟,پنجاب,خیبر پختونخوا,بلوچستان,سندھ,C,درست جواب ہے: بلوچستان۔,"5 سیکنڈ چیلنج, مشکل"
Q2782,🎭 الفاظ کا جادو,H,"لفظ ""سکون"" کا مترادف کیا ہے؟",جلدی,آرام,تکلیف,خوف,B,سکون کا مترادف آرام ہے۔,"الفاظ کا جادو, مشکل"
Q2783,🎭 الفاظ کا جادو,H,"اردو لفظ ""تہذیب"" کا متضاد کیا ہے؟",ثقافت,وحشت,خوشحالی,ترقی,B,درست جواب ہے: وحشت۔,"الفاظ کا جادو, مشکل"
Q2784,😈 ٹرک سوالات,H,ایک تھیلے میں 6 سرخ اور 8 نیلی گیندیں ہیں۔ بغیر دیکھے ایک گیند نکالنے پر سرخ گیند نکلنے کا امکان کتنے میں سے کتنا ہے؟,6/14,14/6,6/8,8/14,A,کل گیندیں 14 ہیں جن میں سے 6 سرخ ہیں، اس لیے امکان 6/14 ہے۔,"ٹرک سوالات, مشکل"
Q2785,📖 اردو محاورے,H,"""ناک میں دم کرنا"" محاورے کا کیا مطلب ہے؟",سانس لینا,ڈرانا,خوش کرنا,بہت تنگ کرنا,D,درست جواب ہے: بہت تنگ کرنا۔,"اردو محاورے, مشکل"
Q2786,😈 ٹرک سوالات,H,دو مقداروں کا تناسب 6:2 ہے۔ اگر کل مقدار 24 ہے تو پہلی مقدار کتنی ہوگی؟,16,20,18,6,C,کل حصے = 6+2 = 8۔ پہلی مقدار = (6/8)×24 = 18۔,"ٹرک سوالات, مشکل"
Q2787,⏳ 5 سیکنڈ چیلنج,H,پاکستان میں سب سے زیادہ استعمال ہونے والا سوشل میڈیا میسنجر کون سا ہے؟,واٹس ایپ,سگنل,وائبر,ٹیلیگرام,A,درست جواب ہے: واٹس ایپ۔,"5 سیکنڈ چیلنج, مشکل"
Q2788,🤯 دماغ کا امتحان,H,ایک جہاز میں 100 مسافر ہیں، 60 اردو بولتے ہیں، 50 انگریزی بولتے ہیں اور 20 دونوں نہیں بولتے، دونوں زبانیں بولنے والے کتنے ہیں؟,30,50,40,20,A,درست جواب ہے: 30۔,"دماغ کا امتحان, مشکل"
Q2789,🤯 دماغ کا امتحان,H,ایک گاڑی 60 کلومیٹر فی گھنٹہ کی رفتار سے 4 گھنٹے سفر کرتی ہے۔ کل فاصلہ کتنا ہوگا؟,240,180,300,360,A,فاصلہ = رفتار × وقت = 60 × 4 = 240 کلومیٹر۔,"دماغ کا امتحان, مشکل"
Q2790,📖 اردو محاورے,H,"پاکستان کا ""تعلیمی شہر"" عام طور پر کس شہر کو کہا جاتا ہے؟",کراچی,لاہور,اسلام آباد,ملتان,B,درست جواب ہے: لاہور۔,"اردو محاورے, مشکل"
Q2791,🧠 99٪ لوگ غلط جواب دیتے ہیں,H,اگر 9 مزدور ایک کام 4 دنوں میں مکمل کرتے ہیں تو 12 مزدور وہی کام کتنے دنوں میں مکمل کریں گے؟,5,3,2,4,B,کل کام = 9×4 = 36 مزدور-دن۔ 12 مزدوروں کے لیے وقت = 36/12 = 3 دن۔,"99٪ لوگ غلط جواب دیتے ہیں, مشکل"
Q2792,🤯 دماغ کا امتحان,H,10000 روپے پر 10% سالانہ کے حساب سے 2 سال کا سود کتنا بنے گا؟,1900,2200,2000,2100,C,سود = (اصل رقم × شرح × مدت)/100 = (10000×10×2)/100 = 2000 روپے۔,"دماغ کا امتحان, مشکل"
Q2793,📖 اردو محاورے,H,"""دل میں بسنا"" محاورے کا کیا مطلب ہے؟",ڈر جانا,نفرت کرنا,بہت عزیز ہونا,بھول جانا,C,درست جواب ہے: بہت عزیز ہونا ________________۔,"اردو محاورے, مشکل"
Q2794,🎭 الفاظ کا جادو,H,"لفظ """"ابتدا"""" کا مترادف کیا ہے؟",وقفہ,آغاز,اختتام,درمیان,B,ابتدا اور آغاز ہم معنی الفاظ ہیں۔,"الفاظ کا جادو, مشکل"
Q2795,🤯 دماغ کا امتحان,H,ایک باغ میں 30 درخت ہیں۔ ہر درخت پر 12 پھل ہیں۔ اگر 1/3 پھل گر جائیں، تو کتنے باقی رہیں گے؟,320,360,240,280,C,درست جواب ہے: 240 ________________۔,"دماغ کا امتحان, مشکل"
Q2796,📖 اردو محاورے,H,مفت کی چیز سب کو اچھی لگتی ہے، یہ کس محاورے سے ظاہر ہوتا ہے,آ بیل مجھے مار,مفت کی شراب قاضی کو بھی حلال,آسمان سر پر اٹھانا,اونٹ کے منہ میں زیرہ,B,یہ محاورہ مفت چیز کی کشش کو ظاہر کرتا ہے۔,"اردو محاورے, مشکل"
Q2797,🧩 دلچسپ پہیلیاں,H,وہ کون سی چیز ہے جو آپ کے پاس ہوتی ہے لیکن اسے سب سے زیادہ دوسرے لوگ استعمال کرتے ہیں؟,آپ کا نام,موبائل,گھر,گاڑی,A,درست جواب ہے: آپ کا نام۔,"دلچسپ پہیلیاں, مشکل"
Q2798,👑 صرف ذہین لوگوں کے لیے,H,فیض احمد فیض کا مشہور شعری مجموعہ کون سا ہے؟,ضرب کلیم,بانگ درا,شکوہ,نقش فریادی,D,درست جواب ہے: نقش فریادی۔,"صرف ذہین لوگوں کے لیے, مشکل"
Q2799,🎭 الفاظ کا جادو,H,"لفظ ""مہر"" کا ایک معنی کیا ہے؟",حقِ مہر,طلاق,گواہ,خطبہ,A,مہر کے معنی حقِ مہر بھی ہیں، جبکہ اس کے دوسرے معنی سورج اور محبت بھی ہیں۔,"الفاظ کا جادو, مشکل"
Q2800,🧩 دلچسپ پہیلیاں,H,وہ کون سی چیز ہے جو انسان جتنا زیادہ بانٹتا ہے اتنی ہی اس کی عزت بڑھتی ہے؟,پیسہ,وقت,علم,کھانا,C,علم بانٹنے سے بڑھتا ہے,"دلچسپ پہیلیاں, مشکل"
Q2801,🤯 دماغ کا امتحان,H,باپ اور بیٹے کی عمروں کا مجموعہ 120 سال ہے۔ باپ بیٹے سے 5 گنا بڑا ہے۔ بیٹے کی عمر کیا ہے؟,20,22,18,25,A,بیٹا + باپ = 120، باپ = 5×بیٹا، لہٰذا بیٹا = 120/6 = 20 سال۔,"دماغ کا امتحان, مشکل"
Q2802,😈 ٹرک سوالات,H,ایک تھیلے میں 2 سرخ اور 7 نیلی گیندیں ہیں۔ بغیر دیکھے ایک گیند نکالنے پر سرخ گیند نکلنے کا امکان کتنے میں سے کتنا ہے؟,2/7,2/9,9/2,7/9,B,کل گیندیں 9 ہیں جن میں سے 2 سرخ ہیں، اس لیے امکان 2/9 ہے۔,"ٹرک سوالات, مشکل"
Q2803,👑 صرف ذہین لوگوں کے لیے,H,لاہور کا مغل دور کا مشہور قلعہ کیا کہلاتا ہے؟,بالا حصار,لاہور فورٹ ٹو,روہتاس قلعہ,شاہی قلعہ لاہور,D,درست جواب ہے: شاہی قلعہ لاہور۔,"صرف ذہین لوگوں کے لیے, مشکل"
Q2804,🧩 دلچسپ پہیلیاں,H,وہ کون سی چیز ہے جو آپ کے پکارنے پر جواب دیتی ہے مگر خود کبھی بات نہیں کرتی؟,کتاب,گونج,موبائل,ریڈیو,B,درست جواب ہے: گونج۔,"دلچسپ پہیلیاں, مشکل"
Q2805,👑 صرف ذہین لوگوں کے لیے,H,قائد اعظم نے آل انڈیا مسلم لیگ کی رکنیت کب اختیار کی؟,1906,1940,1920,1913,D,درست جواب ہے: 1913۔,"صرف ذہین لوگوں کے لیے, مشکل"
Q2806,🤯 دماغ کا امتحان,H,ایک گاڑی 100 کلومیٹر فی گھنٹہ کی رفتار سے 3 گھنٹے سفر کرتی ہے۔ کل فاصلہ کتنا ہوگا؟,200,300,400,500,B,فاصلہ = رفتار × وقت = 100 × 3 = 300 کلومیٹر۔,"دماغ کا امتحان, مشکل"
Q2807,😈 ٹرک سوالات,H,ایک تھیلے میں 2 سرخ اور 3 نیلی گیندیں ہیں۔ بغیر دیکھے ایک گیند نکالنے پر سرخ گیند نکلنے کا امکان کتنے میں سے کتنا ہے؟,2/5,5/2,3/5,2/3,A,کل گیندیں 5 ہیں جن میں سے 2 سرخ ہیں، اس لیے امکان 2/5 ہے۔,"ٹرک سوالات, مشکل"
Q2808,👑 صرف ذہین لوگوں کے لیے,H,اگر آج اتوار ہے تو 3 دن بعد کیا دن ہوگا؟,پیر,بدھ,جمعہ,منگل,B,درست جواب ہے: بدھ۔,"صرف ذہین لوگوں کے لیے, مشکل"
Q2809,⏳ 5 سیکنڈ چیلنج,H,ایک کمرے میں چراغ، چولھا اور موم بتی ہے، پاس صرف ایک ماچس ہے۔ سب سے پہلے کیا جلانا چاہیے؟,ماچس,چراغ,موم بتی,چولھا,A,پہلے ماچس جلائی جائے گی تب باقی چیزیں جل سکیں گی۔,"5 سیکنڈ چیلنج, مشکل"
Q2810,😈 ٹرک سوالات,H,باپ اور بیٹے کی عمروں کا مجموعہ 44 سال ہے۔ باپ بیٹے سے 3 گنا بڑا ہے۔ بیٹے کی عمر کیا ہے؟,9,16,11,13,C,بیٹا + باپ = 44، باپ = 3×بیٹا، لہٰذا بیٹا = 44/4 = 11 سال۔,"ٹرک سوالات, مشکل"
Q2811,🧠 99٪ لوگ غلط جواب دیتے ہیں,H,دو مقداروں کا تناسب 6:4 ہے۔ اگر کل مقدار 120 ہے تو پہلی مقدار کتنی ہوگی؟,48,74,72,70,C,کل حصے = 6+4 = 10۔ پہلی مقدار = (6/10)×120 = 72۔,"99٪ لوگ غلط جواب دیتے ہیں, مشکل"
Q2812,😈 ٹرک سوالات,H,دو ٹرینیں 70 اور 20 کلومیٹر فی گھنٹہ کی رفتار سے ایک دوسرے کی طرف آ رہی ہیں، درمیانی فاصلہ 180 کلومیٹر ہے (سیٹ 11)۔ کتنے گھنٹوں میں ملیں گی؟,3,2,4,1,B,وقت = فاصلہ/مجموعی رفتار = 180/90 = 2 گھنٹے۔,"ٹرک سوالات, مشکل"
Q2813,🤯 دماغ کا امتحان,H,ایک چڑیا 20 فٹ گہرے گڑھے میں گر گئی۔ روزانہ 3 فٹ اوپر چڑھتی ہے اور 2 فٹ نیچے پھسل جاتی ہے۔ وہ کتنے دن میں باہر نکلے گی؟,17 دن,22 دن,18 دن,20 دن,A,درست جواب ہے: 17 دن۔,"دماغ کا امتحان, مشکل"
Q2814,🧩 دلچسپ پہیلیاں,H,وہ کیا ہے جو دیکھنے میں چھوٹا مگر وزن میں بہت بھاری محسوس ہو سکتا ہے؟,پتھر,ذمہ داری,لوہا,سونا,B,یہ ایک لطیف پہیلی ہے جس کا جواب ہے: ذمہ داری۔,"دلچسپ پہیلیاں, مشکل"
Q2815,👑 صرف ذہین لوگوں کے لیے,H,انسانی جسم میں سب سے لمبی نس (رگ) کون سی ہے؟,شہ رگ,گردن کی رگ,بازو کی رگ,سیفینس ویین (ٹانگ میں),D,درست جواب ہے: سیفینس ویین (ٹانگ میں)۔,"صرف ذہین لوگوں کے لیے, مشکل"
Q2816,👑 صرف ذہین لوگوں کے لیے,H,"قرآنِ مجید کی سورۂ ""النحل"" کا اردو ترجمہ کیا ہے؟",چیونٹی,ہاتھی,شہد کی مکھی,مکڑی,C,درست جواب ہے: شہد کی مکھی۔,"صرف ذہین لوگوں کے لیے, مشکل"
Q2817,🧠 99٪ لوگ غلط جواب دیتے ہیں,H,"اگر 1 Bitcoin کی قیمت 100,000 ڈالر ہو تو 0.5 Bitcoin کی قیمت کتنی ہوگی؟","50,000","100,000","75,000","25,000",A,"درست جواب ہے: 50,000۔","99٪ لوگ غلط جواب دیتے ہیں, مشکل"
Q2818,😈 ٹرک سوالات,H,اگر ایک شخص 10 منٹ میں 10 درخت لگاتا ہے تو اسی رفتار سے 60 درخت کتنے منٹ میں لگائے گا؟,30,100,10,60,D,درست جواب ہے: 60۔,"ٹرک سوالات, مشکل"
Q2819,👑 صرف ذہین لوگوں کے لیے,H,علامہ اقبال کا یوم پیدائش کب منایا جاتا ہے؟,23 مارچ,25 دسمبر,9 نومبر,14 اگست,C,درست جواب ہے: 9 نومبر۔,"صرف ذہین لوگوں کے لیے, مشکل"
Q2820,😈 ٹرک سوالات,H,باپ اور بیٹے کی عمروں کا مجموعہ 48 سال ہے۔ باپ بیٹے سے 5 گنا بڑا ہے۔ بیٹے کی عمر کیا ہے؟,10,13,8,6,C,بیٹا + باپ = 48، باپ = 5×بیٹا، لہٰذا بیٹا = 48/6 = 8 سال۔,"ٹرک سوالات, مشکل"
Q2821,🎭 الفاظ کا جادو,H,"لفظ ""شیر"" کا ایک مطلب جنگل کا جانور ہے، دوسرا کیا ہے؟",درخت,پانی,شاعری کا مصرع,پرندہ,C,"شاعری میں ہر مصرعے کو بھی ""شیر"" کہا جاتا ہے۔","الفاظ کا جادو, مشکل"
Q2822,🤯 دماغ کا امتحان,H,ایک دریا کے کنارے 2 باپ اور 2 بیٹے مچھلی پکڑ رہے تھے۔ ہر ایک نے ایک مچھلی پکڑی، پھر بھی صرف 3 مچھلیاں تھیں۔ کیوں؟,ایک نے دو مچھلیاں پکڑیں,وہ دادا، باپ اور پوتا تھے,ایک مچھلی مر گئی,ایک مچھلی بھاگ گئی,B,درست جواب ہے: وہ دادا، باپ اور پوتا تھے۔,"دماغ کا امتحان, مشکل"
Q2823,🎭 الفاظ کا جادو,H,"لفظ ""گھر"" کا دوسرا مطلب کیا ہے؟",دروازہ,چھت,خاندان,کمرہ,C,گھر سے مراد خاندان بھی ہوتا ہے۔,"الفاظ کا جادو, مشکل"
Q2824,🧠 99٪ لوگ غلط جواب دیتے ہیں,H,اگر 3 ڈاکٹر اور 3 نرسیں ایک دوسرے سے صرف ایک ایک بار ہاتھ ملائیں تو کل کتنے ہاتھ ملائے جائیں گے؟,14,15,18,12,B,درست جواب ہے: 15۔,"99٪ لوگ غلط جواب دیتے ہیں, مشکل"
Q2825,📖 اردو محاورے,H,آگے کنواں پیچھے کھائی کا مطلب کیا ہے,کامیابی ملنا,خوشی ہونا,دونوں طرف مشکل ہونا,سفر آسان ہونا,C,درست جواب ہے: دونوں طرف مشکل ہونا۔,"اردو محاورے, مشکل"
Q2826,🎭 الفاظ کا جادو,H,"لفظ ""فتح"" کا متضاد کیا ہے؟",ترقی,شکست,محنت,کامیابی,B,فتح کا متضاد شکست ہے۔,"الفاظ کا جادو, مشکل"
Q2827,🧠 99٪ لوگ غلط جواب دیتے ہیں,H,ایک آدمی ہر روز صبح 8 بجے اٹھتا ہے 9 بجے آفس جاتا ہے شام 5 بجے واپس آتا ہے رات 10 بجے سوتا ہے۔ پھر بھی ہر سال 10 کلو وزن بڑھا لیتا ہے۔ کیوں؟,وہ بہت زیادہ کھاتا ہے,وہ ڈاکٹر نہیں دیکھتا,"وہ ایک ""سال"" کا مطلب ""سونے کا سال"" سمجھتا ہے",وہ ورزش نہیں کرتا,C,"درست جواب ہے: وہ ایک ""سال"" کا مطلب ""سونے کا سال"" سمجھتا ہے۔","99٪ لوگ غلط جواب دیتے ہیں, مشکل"
Q2828,📖 اردو محاورے,H,نہ نو من تیل ہوگا نہ رادھا ناچے گی کا مطلب؟,کام ناممکن ہونا,خوشی منانا,تیل ختم ہونا,ناچ سیکھنا,A,یعنی شرط پوری نہ ہونے سے کام بھی نہیں ہوگا۔,"اردو محاورے, مشکل"
Q2829,🎭 الفاظ کا جادو,H,"""شاگرد"" کا مترادف کیا ہے؟",طائر,طالب علم,نسخہ,ثروت,B,"""شاگرد"" کا مترادف ""طالب علم"" ہے۔","الفاظ کا جادو, مشکل"
Q2830,👑 صرف ذہین لوگوں کے لیے,H,"پاکستان کا کون سا علاقہ ""پاکستان کا سوئٹزرلینڈ"" کہلاتا ہے؟",مری,ہنزہ,ناران,سوات,D,درست جواب ہے: سوات۔,"صرف ذہین لوگوں کے لیے, مشکل"
Q2831,📖 اردو محاورے,H,"""دھوپ میں بال سفید نہ ہونا"" کا مطلب کیا ہے؟",بہت تجربہ کار ہونا,بغیر تجربے کے بولنا (طنزیہ),بوڑھا ہونا,دھوپ میں کام کرنا,B,"""دھوپ میں بال سفید نہ ہونا"" کا محاورتی مطلب ہے: بغیر تجربے کے بولنا (طنزیہ)۔","اردو محاورے, مشکل"
Q2832,⏳ 5 سیکنڈ چیلنج,H,کنجیاں ہیں، تالے نہیں۔ Space ہے، کمرہ نہیں۔ Enter کر سکتے ہیں۔ کیا ہوں؟,انٹرنیٹ,موبائل,کمپیوٹر کی بورڈ,تالا,C,درست جواب ہے: کمپیوٹر کی بورڈ۔,"5 سیکنڈ چیلنج, مشکل"
Q2833,🤯 دماغ کا امتحان,H,اگر 8 آدمی 8 دن میں ایک کام کرتے ہیں تو 4 آدمی وہی کام کتنے دن میں کریں گے؟,16 دن,8 دن,4 دن,12 دن,A,غور سے سوچیں: درست جواب 16 دن ہے۔,"دماغ کا امتحان, مشکل"
Q2834,🧩 دلچسپ پہیلیاں,H,وہ کون سی چیز ہے جو ایک بار ٹوٹنے کے بعد جوڑنے پر بھی نشان چھوڑ جاتی ہے؟,اعتماد/دل,برتن,کھلونا,شیشہ,A,یہ ایک لطیف پہیلی ہے جس کا جواب ہے: اعتماد/دل۔,"دلچسپ پہیلیاں, مشکل"
Q2835,🎭 الفاظ کا جادو,H,"""روشنی"" کا مترادف کیا ہے؟",وفات,امن,چشم,نور,D,"""روشنی"" کا مترادف ""نور"" ہے۔","الفاظ کا جادو, مشکل"
Q2836,👑 صرف ذہین لوگوں کے لیے,H,دنیا کی پہلی تحریری زبان کون سی مانی جاتی ہے؟,لاطینی,عربی,سمیری زبان (کیونیفارم رسم الخط),سنسکرت,C,درست جواب ہے: سمیری زبان (کیونیفارم رسم الخط)۔,"صرف ذہین لوگوں کے لیے, مشکل"
Q2837,🧠 99٪ لوگ غلط جواب دیتے ہیں,H,اگر 3 بلیاں، 3 چوہے، 3 منٹ میں پکڑتی ہیں تو 100 بلیاں، 100 چوہے کتنے منٹ میں پکڑیں گی؟,1 منٹ,100 منٹ,3 منٹ,50 منٹ,C,درست جواب ہے: 3 منٹ۔,"99٪ لوگ غلط جواب دیتے ہیں, مشکل"
Q2838,🧠 99٪ لوگ غلط جواب دیتے ہیں,H,ایک باغ میں 12 درخت ہیں۔ ہر درخت پر 8 پھل ہیں۔ اگر ایک چوتھائی پھل گر جائیں تو کتنے پھل باقی رہیں گے؟,96,72,24,80,B,درست جواب ہے: 72۔,"99٪ لوگ غلط جواب دیتے ہیں, مشکل"
Q2839,👑 صرف ذہین لوگوں کے لیے,H,سندھ کی قدیم تہذیب موہنجوداڑو کس دریا کے کنارے واقع ہے؟,دریائے راوی,دریائے چناب,دریائے سندھ,دریائے جہلم,C,درست جواب ہے: دریائے سندھ۔,"صرف ذہین لوگوں کے لیے, مشکل"
Q2840,🤯 دماغ کا امتحان,H,ایک گاڑی 40 کلومیٹر فی گھنٹہ کی رفتار سے 4 گھنٹے سفر کرتی ہے۔ کل فاصلہ کتنا ہوگا؟,200,160,120,240,B,فاصلہ = رفتار × وقت = 40 × 4 = 160 کلومیٹر۔,"دماغ کا امتحان, مشکل"
Q2841,📖 اردو محاورے,H,اپنا سا منہ لے کر رہ جانا کا مطلب کیا ہے,بات کرنا,غصہ ہونا,خوش ہونا,شرمندہ ہونا,D,ناکامی کے بعد شرمندہ ہونا۔,"اردو محاورے, مشکل"
Q2842,📖 اردو محاورے,H,ہاتھ دھو کر پیچھے پڑنا کا مطلب کیا ہے؟,خاموش رہنا,صفائی کرنا,سختی سے دشمنی کرنا,مدد کرنا,C,اس محاورے کا مطلب کسی کے پیچھے پوری شدت سے پڑ جانا ہے۔,"اردو محاورے, مشکل"
Q2843,🎭 الفاظ کا جادو,H,"""بادشاہ"" کا مترادف کیا ہے؟",سلطان,طائر,نجم,شمشیر,A,"""بادشاہ"" کا مترادف ""سلطان"" ہے۔","الفاظ کا جادو, مشکل"
Q2844,📖 اردو محاورے,H,"""آنکھ اٹھا کر نہ دیکھنا"" کا مطلب کیا ہے؟",مسکرانا,پیار سے دیکھنا,توجہ دینا,بالکل بےاعتنائی برتنا,D,"""آنکھ اٹھا کر نہ دیکھنا"" کا محاورتی مطلب ہے: بالکل بےاعتنائی برتنا۔","اردو محاورے, مشکل"
Q2845,🎭 الفاظ کا جادو,H,"اردو لفظ ""تجدید"" کا متضاد کیا ہے؟",جدید,نیا,تازہ,قدیم,D,درست جواب ہے: قدیم۔,"الفاظ کا جادو, مشکل"
Q2846,🧩 دلچسپ پہیلیاں,H,وہ کون سی چیز ہے جو آپ کے پاس ہوتی ہے مگر دوسرے لوگ اسے آپ سے زیادہ استعمال کرتے ہیں؟,گاڑی,گھر,نام,فون,C,دوسرے لوگ آپ کا نام زیادہ لیتے ہیں۔,"دلچسپ پہیلیاں, مشکل"
Q2847,😈 ٹرک سوالات,H,ایک تھیلے میں 6 سرخ اور 3 نیلی گیندیں ہیں۔ بغیر دیکھے ایک گیند نکالنے پر سرخ گیند نکلنے کا امکان کتنے میں سے کتنا ہے؟,6/3,3/9,6/9,9/6,C,کل گیندیں 9 ہیں جن میں سے 6 سرخ ہیں، اس لیے امکان 6/9 ہے۔,"ٹرک سوالات, مشکل"
Q2848,😈 ٹرک سوالات,H,ایک لڑکی نے 3 سیب اٹھائے۔ اس کے 2 بھائی ہیں۔ اس نے ہر ایک بھائی کو ایک ایک سیب دیا۔ پھر بھی اس کے پاس 2 سیب کیوں بچے؟,ایک سیب اس نے خود رکھ لیا,ایک بھائی اس کا جڑواں تھا,اس نے ایک بھائی کو 2 دیے,اس نے ایک سیب کاٹ کر دو حصے کیے,D,درست جواب ہے: اس نے ایک سیب کاٹ کر دو حصے کیے۔,"ٹرک سوالات, مشکل"
Q2849,🤯 دماغ کا امتحان,H,ایک چیز 300 روپے میں خرید کر 420 روپے میں بیچی گئی۔ نفع کی شرح کتنی فیصد ہے؟,45%,40%,35%,50%,B,نفع = 420-300 = 120 روپے۔ نفع فیصد = (120/300)×100 = 40%۔,"دماغ کا امتحان, مشکل"
Q2850,🤯 دماغ کا امتحان,H,ایک گاڑی 100 کلومیٹر فی گھنٹہ کی رفتار سے 1 گھنٹے سفر کرتی ہے۔ کل فاصلہ کتنا ہوگا؟,100,110,200,300,A,فاصلہ = رفتار × وقت = 100 × 1 = 100 کلومیٹر۔,"دماغ کا امتحان, مشکل"
Q2851,🤯 دماغ کا امتحان,H,ایک گاڑی 40 کلومیٹر فی گھنٹہ کی رفتار سے 5 گھنٹے سفر کرتی ہے۔ کل فاصلہ کتنا ہوگا؟,200,280,240,160,A,فاصلہ = رفتار × وقت = 40 × 5 = 200 کلومیٹر۔,"دماغ کا امتحان, مشکل"
Q2852,👑 صرف ذہین لوگوں کے لیے,H,اردو زبان کا پہلا ناول کون سا مانا جاتا ہے؟,آگ کا دریا,امراؤ جان ادا,راحتِ جاں,فسانہ آزاد,B,درست جواب ہے: امراؤ جان ادا ✓۔,"صرف ذہین لوگوں کے لیے, مشکل"
Q2853,🧩 دلچسپ پہیلیاں,H,وہ کون سی چیز ہے جو آپ کو تب دی جاتی ہے جب آپ اسے نہیں چاہتے، اور واپس لے لی جاتی ہے جب آپ اسے چاہتے ہیں؟,پیسہ,نیند,ٹکٹ,"""مشورہ""",D,"درست جواب ہے: ""مشورہ""۔","دلچسپ پہیلیاں, مشکل"
Q2854,👑 صرف ذہین لوگوں کے لیے,H,پاکستان کا موسمِ سرما کا دارالحکومت کہلانے والا شہر کون سا ہے؟,سکھر,مری/سوات کی وادیاں,حیدرآباد,کراچی,B,درست جواب ہے: مری/سوات کی وادیاں۔,"صرف ذہین لوگوں کے لیے, مشکل"
Q2855,🎭 الفاظ کا جادو,H,"""مہمان"" کا مترادف کیا ہے؟",والد,چمن,ابر,ضیف,D,"""مہمان"" کا مترادف ""ضیف"" ہے۔","الفاظ کا جادو, مشکل"
Q2856,🤯 دماغ کا امتحان,H,ایک چیز 200 روپے میں خرید کر 240 روپے میں بیچی گئی۔ نفع کی شرح کتنی فیصد ہے؟,20%,30%,25%,15%,A,نفع = 240-200 = 40 روپے۔ نفع فیصد = (40/200)×100 = 20%۔,"دماغ کا امتحان, مشکل"
Q2857,🤯 دماغ کا امتحان,H,45، 82، 44، 57، 42 کا اوسط (average) کیا ہوگا؟,54,53,55,56,A,اوسط = تمام اعداد کا مجموعہ ÷ تعداد = 270/5 = 54۔,"دماغ کا امتحان, مشکل"
Q2858,😈 ٹرک سوالات,H,دو ٹرینیں 30 اور 20 کلومیٹر فی گھنٹہ کی رفتار سے ایک دوسرے کی طرف آ رہی ہیں۔ ان کے درمیان فاصلہ 100 کلومیٹر ہے۔ وہ کتنے گھنٹوں میں ملیں گی؟,1,3,4,2,D,مجموعی رفتار = 30+20 = 50۔ وقت = فاصلہ/رفتار = 100/50 = 2 گھنٹے۔,"ٹرک سوالات, مشکل"
Q2859,👑 صرف ذہین لوگوں کے لیے,H,"اردو شاعری کی صنف ""رباعی"" میں کتنے مصرعے ہوتے ہیں؟",8,6,2,4,D,درست جواب ہے: 4۔,"صرف ذہین لوگوں کے لیے, مشکل"
Q2860,🧩 دلچسپ پہیلیاں,H,وہ کون سی چیز ہے جو بند ہونے پر کھلتی اور کھلنے پر بند دکھتی ہے؟,چھتری,دروازہ,کتاب,ڈبہ,A,یہ ایک لطیف پہیلی ہے جس کا جواب ہے: چھتری۔,"دلچسپ پہیلیاں, مشکل"
Q2861,👑 صرف ذہین لوگوں کے لیے,H,میرزا غالب کی مشہور غزل کا پہلا مصرع کیا ہے؟,A,یہ نہ تھی ہماری قسمت,دل ناداں تجھے ہوا کیا ہے,ہزاروں خواہشیں,A,درست جواب ہے: A۔,"صرف ذہین لوگوں کے لیے, مشکل"
Q2862,🤯 دماغ کا امتحان,H,ایک ڈبے میں 10 سیب ہیں۔ آپ 3 نکالتے ہیں اور ان میں سے 2 واپس رکھ دیتے ہیں۔ اب ڈبے میں کتنے سیب ہیں؟,9,8,7,10,A,درست جواب ہے: 9۔,"دماغ کا امتحان, مشکل"
Q2863,🧩 دلچسپ پہیلیاں,H,وہ کون سی چیز ہے جو ہر انسان کے پاس مختلف ہوتی ہے مگر اسے دیکھا نہیں جا سکتا؟,آواز,خیال,نام,انگوٹھا نشان,B,یہ ایک لطیف پہیلی ہے جس کا جواب ہے: خیال۔,"دلچسپ پہیلیاں, مشکل"
Q2864,⏳ 5 سیکنڈ چیلنج,H,میرے پاس شہر ہیں مگر گھر نہیں، پہاڑ ہیں مگر درخت نہیں، اور دریا ہیں مگر پانی نہیں۔ میں کیا ہوں؟,نقشہ,ریگستان,کہانی,خواب,A,نقشے میں صرف نشان ہوتے ہیں، اصل چیزیں نہیں۔,"5 سیکنڈ چیلنج, مشکل"
Q2865,⏳ 5 سیکنڈ چیلنج,H,ویڈیو کال کے دوران انٹرنیٹ بند ہو گیا۔ دوست نے اسی وقت واٹس ایپ پیغام بھیجا۔ وہ کب نظر آئے گا؟,5 منٹ بعد,1 منٹ بعد,کبھی نہیں,انٹرنیٹ دوبارہ چلنے پر,D,درست جواب ہے: انٹرنیٹ دوبارہ چلنے پر۔,"5 سیکنڈ چیلنج, مشکل"
Q2866,🤯 دماغ کا امتحان,H,140 روپے ادا کرنے کے لیے کم از کم کتنے نوٹ (50، 10، 5 روپے کے) درکار ہوں گے؟,5,6,8,7,B,کم از کم نوٹوں کے ساتھ 140 روپے بنانے کے لیے 6 نوٹ درکار ہیں۔,"دماغ کا امتحان, مشکل"
Q2867,😈 ٹرک سوالات,H,ایک تھیلے میں 8 سرخ اور 3 نیلی گیندیں ہیں۔ بغیر دیکھے ایک گیند نکالنے پر سرخ گیند نکلنے کا امکان کتنے میں سے کتنا ہے؟,3/11,8/3,11/8,8/11,D,کل گیندیں 11 ہیں جن میں سے 8 سرخ ہیں، اس لیے امکان 8/11 ہے۔,"ٹرک سوالات, مشکل"
Q2868,⏳ 5 سیکنڈ چیلنج,H,ایک آدمی نے 5 بیٹیاں ہیں۔ ہر بیٹی کے ایک بھائی ہیں۔ کل کتنے بچے؟,6,10,5,11,A,درست جواب ہے: 6۔,"5 سیکنڈ چیلنج, مشکل"
Q2869,🧠 99٪ لوگ غلط جواب دیتے ہیں,H,ایک آدمی نے 5 روپے کا سیب خریدا اور 7 روپے میں بیچا، پھر 8 کا خریدا اور 10 میں بیچا۔ کل نفع؟,2 روپے,5 روپے,6 روپے,4 روپے,D,پہلا نفع 2+دوسرا نفع 2 = کل 4 روپے۔,"99٪ لوگ غلط جواب دیتے ہیں, مشکل"
Q2870,🎭 الفاظ کا جادو,H,"""ستارہ"" کا مترادف کیا ہے؟",نجم,شمشیر,ابر,طائر,A,"""ستارہ"" کا مترادف ""نجم"" ہے۔","الفاظ کا جادو, مشکل"
Q2871,📖 اردو محاورے,H,"""ہاتھ کے طوطے اڑ جانا"" کا مطلب کیا ہے؟",اچانک حیران و پریشان ہو جانا,ہاتھ زخمی ہونا,خوش ہو جانا,پرندے پالنا,A,"""ہاتھ کے طوطے اڑ جانا"" کا محاورتی مطلب ہے: اچانک حیران و پریشان ہو جانا۔","اردو محاورے, مشکل"
Q2872,🤯 دماغ کا امتحان,H,فون میں 128GB اسٹوریج ہے، 40GB استعمال ہو چکی ہے، پھر بھی ایک 2GB ایپ انسٹال نہیں ہو رہی۔ ممکنہ وجہ؟,فون خراب ہے,سسٹم یا عارضی فائلوں کے لیے جگہ درکار ہے,انٹرنیٹ سست ہے,ایپ بہت بڑی ہے,B,درست جواب ہے: سسٹم یا عارضی فائلوں کے لیے جگہ درکار ہے۔,"دماغ کا امتحان, مشکل"
Q2873,👑 صرف ذہین لوگوں کے لیے,H,عمران خان کرکٹ ورلڈ کپ جیتنے والی ٹیم کے کپتان کب بنے؟,1996,1999,1992,1983,C,درست جواب ہے: 1992۔,"صرف ذہین لوگوں کے لیے, مشکل"
Q2874,🤯 دماغ کا امتحان,H,110 روپے ادا کرنے کے لیے کم از کم کتنے نوٹ (50، 10، 5 روپے کے) درکار ہوں گے؟,4,5,2,3,D,کم از کم نوٹوں کے ساتھ 110 روپے بنانے کے لیے 3 نوٹ درکار ہیں۔,"دماغ کا امتحان, مشکل"
Q2875,⏳ 5 سیکنڈ چیلنج,H,میں وہ ہوں جو آپ جتنا مجھے چھوئیں گے، میں اتنا ہی گرم ہوتا جاؤں گا۔,ہاتھ,موبائل فون,آگ,پانی,B,درست جواب ہے: موبائل فون۔,"5 سیکنڈ چیلنج, مشکل"
Q2876,🎭 الفاظ کا جادو,H,لفظ سونا کا ایک معنی ہے سونا دھات دوسرا کیا ہے,جاگنا,بیٹھنا,چاندی,نیند,D,سونا کا دوسرا مطلب نیند کرنا یا آرام کرنا بھی ہے۔,"الفاظ کا جادو, مشکل"
Q2877,🧩 دلچسپ پہیلیاں,H,ایسی کون سی چیز ہے جو جتنی زیادہ تمہارے پاس ہو اتنی ہی کم محسوس ہوتی ہے؟,وقت,خوشی,پیسہ,عمر,A,جتنا وقت گزرتا ہے اتنا کم لگتا ہے,"دلچسپ پہیلیاں, مشکل"
Q2878,😈 ٹرک سوالات,H,ایک چیز کی قیمت 600 روپے ہے۔ اس پر 30% رعایت ملے تو ادا کی جانے والی رقم کتنی ہوگی؟,430,410,600,420,D,30% رعایت = 180 روپے، لہٰذا ادا کی جانے والی رقم = 600 - 180 = 420 روپے۔,"ٹرک سوالات, مشکل"
Q2879,🤯 دماغ کا امتحان,H,ایک دریا کے کنارے 2 باپ اور 2 بیٹے تھے۔ ہر ایک نے ایک مچھلی پکڑی مگر کل 3 مچھلیاں تھیں۔ کیوں؟,ایک نے دو مچھلیاں پکڑیں,ایک مچھلی مر گئی,وہ دادا، باپ اور پوتا تھے,ایک مچھلی بھاگ گئی,C,درست جواب ہے: وہ دادا، باپ اور پوتا تھے۔,"دماغ کا امتحان, مشکل"
Q2880,🧩 دلچسپ پہیلیاں,H,وہ کیا ہے جس کے بغیر کوئی سفر شروع نہیں ہو سکتا مگر خود کہیں نہیں جاتا؟,سامان,ٹکٹ,نقشہ,پہلا قدم,D,یہ ایک لطیف پہیلی ہے جس کا جواب ہے: پہلا قدم۔,"دلچسپ پہیلیاں, مشکل"
Q2881,🤯 دماغ کا امتحان,H,دریا کے کنارے 2 باپ اور 2 بیٹے مچھلی پکڑ رہے تھے۔ ہر ایک نے ایک مچھلی پکڑی لیکن کل 3 مچھلیاں تھیں۔ کیوں؟,وہ دادا، باپ اور پوتا تھے,ایک مچھلی مر گئی,ایک نے دو پکڑیں,ایک مچھلی بھاگ گئی,A,درست جواب ہے: وہ دادا، باپ اور پوتا تھے۔,"دماغ کا امتحان, مشکل"
Q2882,🧩 دلچسپ پہیلیاں,H,ایسی کون سی چیز ہے جس کا وزن نہیں ہوتا مگر انسان اسے ساری زندگی اٹھائے رکھتا ہے؟,سامان,پتھر,یادیں,بوجھ,C,یادیں دل پر بوجھ ہوتی ہیں,"دلچسپ پہیلیاں, مشکل"
Q2883,🧠 99٪ لوگ غلط جواب دیتے ہیں,H,اگر آپ ایک 500MB کی ایپ ڈاؤن لوڈ کریں اور فون میں 2GB خالی جگہ ہو، تو زیادہ سے زیادہ کتنی ایسی ایپس ڈاؤن لوڈ کی جا سکتی ہیں؟,3,5,4,2,C,درست جواب ہے: 4۔,"99٪ لوگ غلط جواب دیتے ہیں, مشکل"
Q2884,😈 ٹرک سوالات,H,اگر کسی خاص قاعدے کے مطابق 2+3=10 اور 8+4=96 ہو، تو 9+7 کیا ہوگا؟,112,144,156,126,B,اس قاعدے میں (a+b)×a کیا جاتا ہے، اس لیے (9+7)×9=144۔,"ٹرک سوالات, مشکل"
Q2885,🧩 دلچسپ پہیلیاں,H,وہ کون سی چیز ہے جو ہر گھر میں ہوتی ہے مگر کبھی بوڑھی نہیں ہوتی؟,دروازہ,دیوار,کھڑکی,چھت کا سایہ,D,یہ ایک لطیف پہیلی ہے جس کا جواب ہے: چھت کا سایہ۔,"دلچسپ پہیلیاں, مشکل"
Q2886,🧩 دلچسپ پہیلیاں,H,وہ کون سی چیز ہے جو جتنی زیادہ استعمال کریں اتنی ہی قیمتی بنتی ہے؟,چاندی,کپڑا,علم,سونا,C,علم استعمال اور بانٹنے سے مزید نکھرتا ہے۔,"دلچسپ پہیلیاں, مشکل"
Q2887,⏳ 5 سیکنڈ چیلنج,H,ایک درخت پر 5 پرندے بیٹھے تھے، شکاری نے ایک مار دیا، کتنے بچے؟,0,1,5,4,A,درست جواب ہے: 0۔,"5 سیکنڈ چیلنج, مشکل"
Q2888,🎭 الفاظ کا جادو,H,"اردو لفظ ""تقویٰ"" کا مترادف کیا ہے؟",محبت,گناہ,عبادت,پرہیزگاری,D,درست جواب ہے: پرہیزگاری۔,"الفاظ کا جادو, مشکل"
Q2889,📖 اردو محاورے,H,"""ایڑی چوٹی کا زور لگانا"" کا مطلب کیا ہے؟",آرام کرنا,ہار مان لینا,سو جانا,پوری کوشش اور محنت کرنا,D,"""ایڑی چوٹی کا زور لگانا"" کا محاورتی مطلب ہے: پوری کوشش اور محنت کرنا۔","اردو محاورے, مشکل"
Q2890,🤯 دماغ کا امتحان,H,ایک کمرے میں 8 افراد ہیں، اگر ہر ایک دوسرے سے ایک بار ہاتھ ملائے تو کل کتنے مصافحے ہوں گے؟,36,28,64,20,B,کل مصافحے = n(n-1)/2 = 8×7/2 = 28۔,"دماغ کا امتحان, مشکل"
Q2891,🤯 دماغ کا امتحان,H,ایک دریا کے کنارے 2 باپ اور 2 بیٹے تھے۔ ہر ایک نے ایک مچھلی پکڑی لیکن کل صرف 3 مچھلیاں تھیں۔ کیوں؟,ایک نے دو مچھلیاں پکڑیں,ایک مچھلی مر گئی,وہ دادا، باپ اور پوتا تھے,ایک مچھلی بھاگ گئی,C,درست جواب ہے: وہ دادا، باپ اور پوتا تھے۔,"دماغ کا امتحان, مشکل"
Q2892,🎭 الفاظ کا جادو,H,"""جنگل"" کا مترادف کیا ہے؟",طائر,بیابان,نسیم,صاحب خانہ,B,"""جنگل"" کا مترادف ""بیابان"" ہے۔","الفاظ کا جادو, مشکل"
Q2893,📖 اردو محاورے,H,"رائی کا پہاڑ بنانا"""" کا مطلب کیا ہے؟",بہادر بننا,رائی اگانا,پہاڑ پر جانا,چھوٹی بات کو بڑھا چڑھا کر پیش کرنا,D,یہ محاورہ معمولی بات کو بہت بڑا بنا دینے کے لیے استعمال ہوتا ہے۔,"اردو محاورے, مشکل"
Q2894,😈 ٹرک سوالات,H,دو ٹرینیں 60 اور 40 کلومیٹر فی گھنٹہ کی رفتار سے مخالف سمت آ رہی ہیں فاصلہ 100 کلومیٹر ہے کب ملیں گی؟,2 گھنٹے,45 منٹ,1 گھنٹہ,30 منٹ,C,100/(60+40)=1,"ٹرک سوالات, مشکل"
Q2895,🧩 دلچسپ پہیلیاں,H,ایسی کون سی چیز ہے جو دوسروں کی نظر میں چھوٹی ہو سکتی ہے مگر آپ کی زندگی بدل سکتی ہے؟,ایک فیصلہ,کھلونا,آواز,رنگ,A,ایک فیصلہ زندگی بدل دیتا ہے,"دلچسپ پہیلیاں, مشکل"
Q2896,🧠 99٪ لوگ غلط جواب دیتے ہیں,H,اگر 7 مزدور ایک کام 12 دنوں میں مکمل کرتے ہیں تو 3 مزدور وہی کام کتنے دنوں میں مکمل کریں گے؟,28,27,29,30,A,کل کام = 7×12 = 84 مزدور-دن۔ 3 مزدوروں کے لیے وقت = 84/3 = 28 دن۔,"99٪ لوگ غلط جواب دیتے ہیں, مشکل"
Q2897,⏳ 5 سیکنڈ چیلنج,H,صبح سورج آپ کی دائیں طرف طلوع ہو رہا ہے آپ کا رخ کس طرف ہے؟,مغرب,جنوب,مشرق,شمال,D,سورج مشرق سے نکلتا ہے,"5 سیکنڈ چیلنج, مشکل"
Q2898,🧠 99٪ لوگ غلط جواب دیتے ہیں,H,ایک چیز 100 روپے میں خرید کر 120 روپے میں بیچی گئی۔ نفع کی شرح کتنی فیصد ہے؟,30%,20%,25%,15%,B,نفع = 120-100 = 20 روپے۔ نفع فیصد = (20/100)×100 = 20%۔,"99٪ لوگ غلط جواب دیتے ہیں, مشکل"
Q2899,😈 ٹرک سوالات,H,باپ اور بیٹے کی عمروں کا مجموعہ 24 سال ہے۔ باپ بیٹے سے 2 گنا بڑا ہے۔ بیٹے کی عمر کیا ہے؟,8,6,13,10,A,بیٹا + باپ = 24، باپ = 2×بیٹا، لہٰذا بیٹا = 24/3 = 8 سال۔,"ٹرک سوالات, مشکل"
Q2900,🧠 99٪ لوگ غلط جواب دیتے ہیں,H,65 روپے ادا کرنے کے لیے کم از کم کتنے نوٹ (50، 10، 5 روپے کے) درکار ہوں گے؟,3,2,5,4,A,کم از کم نوٹوں کے ساتھ 65 روپے بنانے کے لیے 3 نوٹ درکار ہیں۔,"99٪ لوگ غلط جواب دیتے ہیں, مشکل"
Q2901,🎭 الفاظ کا جادو,H,"لفظ ""فتح"" کا مترادف کیا ہے؟",کامیابی,شکست,محنت,جنگ,A,فتح کا مطلب کامیابی یا جیت ہے۔,"الفاظ کا جادو, مشکل"
Q2902,🤯 دماغ کا امتحان,H,2026 میں دنیا کا پہلا AI جو انسانوں سے بات چیت کر کے ان کی ذہنی صحت (Mental Health) کا علاج کرتا ہے، اسے کیا کہتے ہیں؟,Therapy Bot,AI Therapist,Mental Health AI,Digital Counselor,B,درست جواب ہے: AI Therapist ________________۔,"دماغ کا امتحان, مشکل"
Q2903,🎭 الفاظ کا جادو,H,دل کی آنکھ سے کیا مراد ہے؟,خواب دیکھنا,آنکھیں بند کرنا,رونا,بصیرت یا اندرونی سمجھ,D,دل کی آنکھ سے مراد گہری سمجھ اور احساس ہے,"الفاظ کا جادو, مشکل"
Q2904,🤯 دماغ کا امتحان,H,ایک گاڑی 50 کلومیٹر فی گھنٹہ کی رفتار سے 1 گھنٹے سفر کرتی ہے۔ کل فاصلہ کتنا ہوگا؟,100,150,50,60,C,فاصلہ = رفتار × وقت = 50 × 1 = 50 کلومیٹر۔,"دماغ کا امتحان, مشکل"
Q2905,🤯 دماغ کا امتحان,H,ایک دریا کے کنارے 2 باپ اور 2 بیٹے مچھلی پکڑ رہے تھے۔ ہر ایک نے 1 مچھلی پکڑی۔ کل 3 مچھلیاں کیوں؟,ایک مچھلی بھاگ گئی,ایک نے 2 پکڑیں,وہ 3 نسلیں تھے — دادا بیٹا پوتا,ایک مچھلی مر گئی,C,درست جواب ہے: وہ 3 نسلیں تھے — دادا بیٹا پوتا۔,"دماغ کا امتحان, مشکل"
Q2906,🧩 دلچسپ پہیلیاں,H,وہ کون سی چیز ہے جو ہمیشہ آپ کے سامنے ہوتی ہے مگر آپ اسے دیکھ نہیں سکتے؟,مستقبل,ہوا,سایہ,ماضی,A,مستقبل ہمیشہ سامنے ہوتا ہے مگر دیکھا نہیں جا سکتا۔,"دلچسپ پہیلیاں, مشکل"
Q2907,👑 صرف ذہین لوگوں کے لیے,H,پاکستان کی سب سے بڑی نجی یونیورسٹی کون سی مانی جاتی ہے؟,کراچی یونیورسٹی,پنجاب یونیورسٹی,QAU,لاہور یونیورسٹی آف مینجمنٹ سائنسز (LUMS),D,درست جواب ہے: لاہور یونیورسٹی آف مینجمنٹ سائنسز (LUMS)۔,"صرف ذہین لوگوں کے لیے, مشکل"
Q2908,🧩 دلچسپ پہیلیاں,H,وہ کون سی چیز ہے جو دیکھنے میں چھوٹی مگر اندر بہت کچھ سموئے ہوتی ہے؟,پتھر,بیج,دانہ چاول,کنکر,B,یہ ایک لطیف پہیلی ہے جس کا جواب ہے: بیج۔,"دلچسپ پہیلیاں, مشکل"
Q2909,🧠 99٪ لوگ غلط جواب دیتے ہیں,H,ایک چیز کی قیمت 800 روپے ہے۔ اس پر 30% رعایت ملے تو ادا کی جانے والی رقم کتنی ہوگی؟,570,550,560,800,C,30% رعایت = 240 روپے، لہٰذا ادا کی جانے والی رقم = 800 - 240 = 560 روپے۔,"99٪ لوگ غلط جواب دیتے ہیں, مشکل"
Q2910,🧠 99٪ لوگ غلط جواب دیتے ہیں,H,اگر 8 مزدور ایک کام 6 دن میں مکمل کرتے ہیں تو اتنے ہی کام کو 12 مزدور کتنے دن میں مکمل کریں گے؟,6,3,4,5,C,کل کام = 8×6 = 48 مزدور-دن۔ 48÷12 = 4 دن۔,"99٪ لوگ غلط جواب دیتے ہیں, مشکل"
Q2911,👑 صرف ذہین لوگوں کے لیے,H,کس جانور کا پسینہ قدرتی طور پر گلابی ہوتا ہے؟,ہاتھی,دریائی گھوڑا,ریچھ,زرافہ,B,درست جواب ہے: دریائی گھوڑا۔,"صرف ذہین لوگوں کے لیے, مشکل"
Q2912,😈 ٹرک سوالات,H,ایک تھیلے میں 4 سرخ اور 5 نیلی گیندیں ہیں۔ بغیر دیکھے ایک گیند نکالنے پر سرخ گیند نکلنے کا امکان کتنے میں سے کتنا ہے؟,9/4,5/9,4/9,4/5,C,کل گیندیں 9 ہیں جن میں سے 4 سرخ ہیں، اس لیے امکان 4/9 ہے۔,"ٹرک سوالات, مشکل"
Q2913,⏳ 5 سیکنڈ چیلنج,H,سر لفظ اردو میں کتنے سے زیادہ مختلف معنوں میں استعمال ہوتا ہے؟,5,6 سے زیادہ,3,4,B,درست جواب ہے: 6 سے زیادہ۔,"5 سیکنڈ چیلنج, مشکل"
Q2914,🧩 دلچسپ پہیلیاں,H,میں وہ ہوں جو آپ جتنا مجھے بانٹیں گے، میں اتنا ہی بڑھتا جاؤں گا، مگر میں علم، محبت یا خوشی نہیں ہوں۔,خوراک,مسکراہٹ,پیسہ,وقت,B,درست جواب ہے: مسکراہٹ ________________۔,"دلچسپ پہیلیاں, مشکل"
Q2915,⏳ 5 سیکنڈ چیلنج,H,انگریزی حروف میں لکھی جانے والی اردو کو کیا کہتے ہیں؟,انگریزی اردو,ڈیجیٹل اردو,رومن اردو,ٹیکسٹ اردو,C,درست جواب ہے: رومن اردو۔,"5 سیکنڈ چیلنج, مشکل"
Q2916,📖 اردو محاورے,H,"اونچی دکان پھیکا پکوان"""" کا مطلب کیا ہے؟",زیادہ منافع,دکھاوا مگر ناقص معیار,مہنگی چیز,بہترین کھانا,B,ظاہری شان و شوکت مگر حقیقت میں کم معیار۔,"اردو محاورے, مشکل"
Q2917,🤯 دماغ کا امتحان,H,اگر آپ کے فون میں 128GB اسٹوریج ہے اور 75٪ استعمال ہو چکی ہے تو کتنی اسٹوریج خالی ہے؟,32GB,64GB,96GB,48GB,A,درست جواب ہے: 32GB۔,"دماغ کا امتحان, مشکل"
Q2918,⏳ 5 سیکنڈ چیلنج,H,وہ کون سا ملک ہے جہاں سب سے زیادہ زبانوں میں بات کی جاتی ہے؟,بھارت,پاکستان,انگلینڈ,چین,A,درست جواب ہے: بھارت۔,"5 سیکنڈ چیلنج, مشکل"
Q2919,😈 ٹرک سوالات,H,اگر 8 مزدور ایک کام 7 دنوں میں مکمل کرتے ہیں تو 14 مزدور وہی کام کتنے دنوں میں مکمل کریں گے؟,4,3,5,6,A,کل کام = 8×7 = 56 مزدور-دن۔ 14 مزدوروں کے لیے وقت = 56/14 = 4 دن۔,"ٹرک سوالات, مشکل"
Q2920,🧠 99٪ لوگ غلط جواب دیتے ہیں,H,ایک شخص 100 روپے کی چیز 80 روپے میں بیچتا ہے، پھر 80 روپے کی چیز 100 روپے میں بیچتا ہے۔ مجموعی نتیجہ کیا ہوگا؟,10٪ فائدہ,20٪ فائدہ,4٪ نقصان,برابر,C,درست جواب ہے: 4٪ نقصان۔,"99٪ لوگ غلط جواب دیتے ہیں, مشکل"
Q2921,🧠 99٪ لوگ غلط جواب دیتے ہیں,H,ایک کمرے میں 6 افراد ہیں، اگر ہر ایک دوسرے سے ایک بار ہاتھ ملائے تو کل کتنے مصافحے ہوں گے؟,36,15,21,9,B,کل مصافحے = n(n-1)/2 = 6×5/2 = 15۔,"99٪ لوگ غلط جواب دیتے ہیں, مشکل"
Q2922,🎭 الفاظ کا جادو,H,"""چالاک"" کا مترادف کیا ہے؟",دغا,سڑاند,برائی,ہوشیار,D,"""چالاک"" کا مترادف ""ہوشیار"" ہے۔","الفاظ کا جادو, مشکل"
Q2923,⏳ 5 سیکنڈ چیلنج,H,ایک آدمی نے 5 منزلہ عمارت کے اوپر سے گیند پھینکی۔ گیند ہر منزل پر آدھا راستہ طے کرتی ہے۔ کب زمین پر پہنچے گی؟,2.5 سیکنڈ,کبھی نہیں,10 سیکنڈ,5 سیکنڈ,B,درست جواب ہے: کبھی نہیں۔,"5 سیکنڈ چیلنج, مشکل"
Q2924,🤯 دماغ کا امتحان,H,دو مقداروں کا تناسب 6:5 ہے۔ اگر کل مقدار 110 ہے تو پہلی مقدار کتنی ہوگی؟,62,60,58,50,B,کل حصے = 6+5 = 11۔ پہلی مقدار = (6/11)×110 = 60۔,"دماغ کا امتحان, مشکل"
Q2925,👑 صرف ذہین لوگوں کے لیے,H,اردو کے مشہور شاعر غالب کا پورا نام کیا تھا,مرزا غالب,میر تقی میر,مرزا اسد اللہ خان غالب,فیض احمد فیض,C,درست جواب ہے: مرزا اسد اللہ خان غالب۔,"صرف ذہین لوگوں کے لیے, مشکل"
Q2926,🧠 99٪ لوگ غلط جواب دیتے ہیں,H,اگر ایک کار 60 کلومیٹر فی گھنٹہ کی رفتار سے 2 گھنٹے چلے تو کتنی دوری طے کرے گی؟,100 کلومیٹر,120 کلومیٹر,160 کلومیٹر,140 کلومیٹر,B,60 × 2 = 120 کلومیٹر۔,"99٪ لوگ غلط جواب دیتے ہیں, مشکل"
Q2927,🧩 دلچسپ پہیلیاں,H,وہ کیا ہے جو ہمیشہ انسان کے ساتھ رہتا ہے لیکن وہ اسے کبھی دیکھ نہیں سکتا؟,سانس,سایہ,اپنا چہرہ بغیر آئینے کے,آواز,C,آئینے کے بغیر چہرہ نہیں دیکھ سکتے,"دلچسپ پہیلیاں, مشکل"
Q2928,🧠 99٪ لوگ غلط جواب دیتے ہیں,H,ایک باپ اور بیٹے کی عمروں کا مجموعہ 66 سال ہے، باپ کی عمر بیٹے سے دگنی ہے، بیٹے کی عمر کتنی ہے؟,22,20,24,33,A,غور سے سوچیں: درست جواب 22 ہے۔,"99٪ لوگ غلط جواب دیتے ہیں, مشکل"
Q2929,🧩 دلچسپ پہیلیاں,H,وہ کیا ہے جو خدا کی گود میں رہتا ہے پانی پیتا ہے مگر پیاسا مر جاتا ہے,کشتی,مچھلی,بادل,پہاڑ,B,مچھلی پانی میں رہتی ہے مگر پانی نہیں پی سکتی۔,"دلچسپ پہیلیاں, مشکل"
Q2930,🤯 دماغ کا امتحان,H,ایک چیز 300 روپے میں خرید کر 375 روپے میں بیچی گئی۔ نفع کی شرح کتنی فیصد ہے؟,25%,35%,20%,30%,A,نفع = 375-300 = 75 روپے۔ نفع فیصد = (75/300)×100 = 25%۔,"دماغ کا امتحان, مشکل"
Q2931,🎭 الفاظ کا جادو,H,"""آزادی"" کا درست متضاد کیا ہے؟",قید,پابندی,غلامی,بندش,C,درست جواب ہے: غلامی۔,"الفاظ کا جادو, مشکل"
Q2932,🧩 دلچسپ پہیلیاں,H,وہ کون سی چیز ہے جو ایک بار ٹوٹ جائے تو دوبارہ پہلے جیسی نہیں رہتی؟,پانی,اعتماد,شیشہ,آئینہ,B,درست جواب ہے: اعتماد۔,"دلچسپ پہیلیاں, مشکل"
Q2933,🧠 99٪ لوگ غلط جواب دیتے ہیں,H,ایک چیز 500 روپے میں خرید کر 550 روپے میں بیچی گئی۔ نفع کی شرح کتنی فیصد ہے؟,10%,5%,15%,20%,A,نفع = 550-500 = 50 روپے۔ نفع فیصد = (50/500)×100 = 10%۔,"99٪ لوگ غلط جواب دیتے ہیں, مشکل"
Q2934,😈 ٹرک سوالات,H,95 روپے ادا کرنے کے لیے کم از کم کتنے نوٹ (50، 10، 5 روپے کے) درکار ہوں گے؟,8,5,6,7,C,کم از کم نوٹوں کے ساتھ 95 روپے بنانے کے لیے 6 نوٹ درکار ہیں۔,"ٹرک سوالات, مشکل"
Q2935,📖 اردو محاورے,H,"""آگ کا دریا پار کرنا"" کا مطلب کیا ہے؟",تیراکی سیکھنا,نہانا,آسان سفر کرنا,بہت مشکل اور خطرناک مرحلے سے گزرنا,D,"""آگ کا دریا پار کرنا"" کا محاورتی مطلب ہے: بہت مشکل اور خطرناک مرحلے سے گزرنا۔","اردو محاورے, مشکل"
Q2936,👑 صرف ذہین لوگوں کے لیے,H,اولمپکس کھیل ہر کتنے سال بعد منعقد ہوتے ہیں؟,3 سال,2 سال,5 سال,4 سال,D,درست جواب ہے: 4 سال۔,"صرف ذہین لوگوں کے لیے, مشکل"
Q2937,👑 صرف ذہین لوگوں کے لیے,H,"پاکستان کا کون سا شہر ""پاکستان کا مانچسٹر"" کہلاتا ہے؟",فیصل آباد,کراچی,سیالکوٹ,گوجرانوالہ,A,درست جواب ہے: فیصل آباد۔,"صرف ذہین لوگوں کے لیے, مشکل"
Q2938,⏳ 5 سیکنڈ چیلنج,H,میں آپ کی انگلی پر پوری دنیا گھما دیتا ہوں، مگر خود کہیں نہیں جاتا۔ میں کیا ہوں؟,گلوب,گھڑی,نقشہ,موبائل فون,D,درست جواب ہے: موبائل فون۔,"5 سیکنڈ چیلنج, مشکل"
Q2939,🤯 دماغ کا امتحان,H,ایک چیز کی قیمت 800 روپے ہے۔ اس پر 10% رعایت ملے تو ادا کی جانے والی رقم کتنی ہوگی؟,730,710,720,800,C,10% رعایت = 80 روپے، لہٰذا ادا کی جانے والی رقم = 800 - 80 = 720 روپے۔,"دماغ کا امتحان, مشکل"
Q2940,📖 اردو محاورے,H,"""کنویں کا مینڈک"" محاورے کا کیا مطلب ہے؟",اونچی آواز میں بات کرنے والا,چھوٹی جگہ پر رہنے والا,پانی کے قریب رہنے والا,محدود سوچ رکھنے والا,D,ایسے شخص کے لیے بولا جاتا ہے جس کی سوچ محدود ہو۔,"اردو محاورے, مشکل"
Q2941,👑 صرف ذہین لوگوں کے لیے,H,سی پیک (CPEC) کس دو ممالک کے درمیان منصوبہ ہے؟,پاکستان اور افغانستان,پاکستان اور ایران,پاکستان اور بھارت,پاکستان اور چین,D,درست جواب ہے: پاکستان اور چین۔,"صرف ذہین لوگوں کے لیے, مشکل"
Q2942,🧩 دلچسپ پہیلیاں,H,وہ کون سی چیز ہے جو ہمیشہ آپ کے آگے ہوتی ہے مگر کبھی پکڑی نہیں جا سکتی؟,کل,مستقبل,ہوا,سایہ,B,مستقبل ہمیشہ آگے ہوتا ہے مگر پکڑا نہیں جا سکتا۔,"دلچسپ پہیلیاں, مشکل"
Q2943,👑 صرف ذہین لوگوں کے لیے,H,نوبل انعام جیتنے والی ملالہ یوسفزئی کا تعلق کس شہر سے ہے,پشاور,اسلام آباد,کوئٹہ,مینگورہ,D,ملالہ یوسفزئی کا تعلق سوات کے شہر مینگورہ سے ہے۔,"صرف ذہین لوگوں کے لیے, مشکل"
Q2944,👑 صرف ذہین لوگوں کے لیے,H,غزل کی بحر عموماً کس زبان سے ماخوذ اصطلاحات پر مبنی ہوتی ہے؟,پنجابی وزن,عربی و فارسی عروض,انگریزی میٹر,سنسکرت چھند,B,درست جواب ہے: عربی و فارسی عروض۔,"صرف ذہین لوگوں کے لیے, مشکل"
Q2945,😈 ٹرک سوالات,H,ایک جہاز میں 100 مسافر ہیں۔ 60 اردو، 50 انگریزی بولتے ہیں اور 20 دونوں زبانیں نہیں بولتے۔ دونوں زبانیں بولنے والے کتنے ہیں؟,50,20,40,30,D,80 افراد کم از کم ایک زبان بولتے ہیں، اس لیے دونوں بولنے والے 30 بنتے ہیں۔,"ٹرک سوالات, مشکل"
Q2946,👑 صرف ذہین لوگوں کے لیے,H,پاکستان اور بھارت کے مابین پہلی جنگ کب ہوئی؟,1999,1948,1965,1971,B,درست جواب ہے: 1948۔,"صرف ذہین لوگوں کے لیے, مشکل"
Q2947,👑 صرف ذہین لوگوں کے لیے,H,علامہ اقبال کا یومِ پیدائش پاکستان میں کب منایا جاتا ہے؟,23 مارچ,25 دسمبر,14 اگست,9 نومبر,D,درست جواب ہے: A)9 نومبر ✓۔,"صرف ذہین لوگوں کے لیے, مشکل"
Q2948,📖 اردو محاورے,H,"""کھسیانی بلی کھمبا نوچے"" کا مطلب کیا ہے؟",خوشی منانا,کھیلنا,سو جانا,ناکامی پر غصہ کسی اور پر نکالنا,D,"""کھسیانی بلی کھمبا نوچے"" کا محاورتی مطلب ہے: ناکامی پر غصہ کسی اور پر نکالنا۔","اردو محاورے, مشکل"
Q2949,👑 صرف ذہین لوگوں کے لیے,H,پاکستان کے قومی پرچم میں سفید حصہ کس چیز کی علامت ہے؟,امن,ترقی,زراعت,اقلیتوں کی نمائندگی,D,درست جواب ہے: اقلیتوں کی نمائندگی۔,"صرف ذہین لوگوں کے لیے, مشکل"
Q2950,👑 صرف ذہین لوگوں کے لیے,H,ویڈیو بنانے والی مشہور AI ٹیکنالوجی جس نے تحری ہدایات سے ویڈیو تیار کرنے کی صلاحیت دکھائی، اس کا نام کیا ہے؟,Sora,Excel,Chrome,Photoshop,A,درست جواب ہے: Sora۔,"صرف ذہین لوگوں کے لیے, مشکل"
Q2951,😈 ٹرک سوالات,H,ایک تھیلے میں 3 سرخ اور 2 نیلی گیندیں ہیں۔ بغیر دیکھے ایک گیند نکالنے پر سرخ گیند نکلنے کا امکان کتنے میں سے کتنا ہے؟,3/5,3/2,2/5,5/3,A,کل گیندیں 5 ہیں جن میں سے 3 سرخ ہیں، اس لیے امکان 3/5 ہے۔,"ٹرک سوالات, مشکل"
Q2952,😈 ٹرک سوالات,H,ایک تھیلے میں 6 سرخ اور 2 نیلی گیندیں ہیں۔ بغیر دیکھے ایک گیند نکالنے پر سرخ گیند نکلنے کا امکان کتنے میں سے کتنا ہے؟,6/2,8/6,2/8,6/8,D,کل گیندیں 8 ہیں جن میں سے 6 سرخ ہیں، اس لیے امکان 6/8 ہے۔,"ٹرک سوالات, مشکل"
Q2953,😈 ٹرک سوالات,H,باپ اور بیٹے کی عمروں کا مجموعہ 102 سال ہے۔ باپ بیٹے سے 5 گنا بڑا ہے۔ بیٹے کی عمر کیا ہے؟,17,22,19,15,A,بیٹا + باپ = 102، باپ = 5×بیٹا، لہٰذا بیٹا = 102/6 = 17 سال۔,"ٹرک سوالات, مشکل"
Q2954,📖 اردو محاورے,H,"""بلی کے بھاگ سے چھینکا ٹوٹنا"" کا مطلب؟",بغیر محنت اچانک فائدہ مل جانا,نقصان اٹھانا,تیز بھاگنا,ڈر کر بھاگنا,A,درست جواب ہے: بغیر محنت اچانک فائدہ مل جانا۔,"اردو محاورے, مشکل"
Q2955,📖 اردو محاورے,H,"اردو میں ""اُردو"" لفظ کس زبان سے آیا اور اس کا اصل مطلب کیا تھا؟",عربی سے — علم,ہندی سے — بولی,ترکی سے — لشکر/سپاہ,فارسی سے — شاہی دربار,C,درست جواب ہے: ترکی سے — لشکر/سپاہ۔,"اردو محاورے, مشکل"
Q2956,🎭 الفاظ کا جادو,H,"""آسمان"" کا مترادف کیا ہے؟",نادار,ترس,فلک,بے وقوف,C,"""آسمان"" کا مترادف ""فلک"" ہے۔","الفاظ کا جادو, مشکل"
Q2957,🧩 دلچسپ پہیلیاں,H,وہ کیا ہے جو آپ کے ساتھ ساتھ چلتا ہے مگر اندھیرے میں غائب ہو جاتا ہے؟,آواز,سایہ,خیال,سانس,B,درست جواب ہے: سایہ۔,"دلچسپ پہیلیاں, مشکل"
Q2958,😈 ٹرک سوالات,H,ایک آدمی 3 دن تک بغیر سورج دیکھے 2000 کلومیٹر سفر کرتا ہے۔ وہ کدھر جا رہا ہے؟,زمین کے اندر,سمندر کے نیچے,شمالی یا جنوبی قطبی دائرہ,بادلوں کے اوپر,C,درست جواب ہے: شمالی یا جنوبی قطبی دائرہ۔,"ٹرک سوالات, مشکل"
Q2959,🧩 دلچسپ پہیلیاں,H,وہ کون ہے جو بغیر تنخواہ کے ساری رات کام کرتا ہے اور صبح غائب ہو جاتا ہے,چاند,چوکیدار,ڈاکٹر,ستارے,A,چاند رات بھر دکھائی دیتا ہے اور صبح غائب ہو جاتا ہے۔,"دلچسپ پہیلیاں, مشکل"
Q2960,😈 ٹرک سوالات,H,ایک باغ میں کل 20 سر اور 56 ٹانگیں ہیں۔ اگر صرف مرغیاں اور بکریاں ہوں تو بکریاں کتنی ہیں؟,10,6,12,8,D,درست جواب ہے: 8۔,"ٹرک سوالات, مشکل"
Q2961,😈 ٹرک سوالات,H,5000 روپے پر 12% سالانہ کے حساب سے 1 سال کا سود کتنا بنے گا؟,800,500,700,600,D,سود = (اصل رقم × شرح × مدت)/100 = (5000×12×1)/100 = 600 روپے۔,"ٹرک سوالات, مشکل"
Q2962,🧩 دلچسپ پہیلیاں,H,وہ کیا ہے جس کے جتنے زیادہ سوراخ ہوں اتنا ہی زیادہ پانی اپنے اندر رکھ سکتا ہے؟,جالی,اسفنج,پتھر,چھلنی,B,اسفنج میں سوراخ ہونے کے باوجود وہ پانی جذب کرتا ہے۔,"دلچسپ پہیلیاں, مشکل"
Q2963,🤯 دماغ کا امتحان,H,اگر 8 مزدور ایک کام 10 دنوں میں مکمل کرتے ہیں تو 2 مزدور وہی کام کتنے دنوں میں مکمل کریں گے؟,41,39,42,40,D,کل کام = 8×10 = 80 مزدور-دن۔ 2 مزدوروں کے لیے وقت = 80/2 = 40 دن۔,"دماغ کا امتحان, مشکل"
Q2964,📖 اردو محاورے,H,"""قدموں میں جنت ہونا"" کا مطلب کیا ہے؟",نماز پڑھنا,ماں کی عزت و تکریم کا مقام بہت بلند ہونا,سفر آسان ہونا,باغ میں جانا,B,"""قدموں میں جنت ہونا"" کا محاورتی مطلب ہے: ماں کی عزت و تکریم کا مقام بہت بلند ہونا۔","اردو محاورے, مشکل"
Q2965,👑 صرف ذہین لوگوں کے لیے,H,دنیا کا پہلا کمپیوٹر پروگرامر کسے مانا جاتا ہے؟,چارلس بیبیج,بل گیٹس,ایلن ٹیورنگ,ایڈا لولیس,D,درست جواب ہے: ایڈا لولیس۔,"صرف ذہین لوگوں کے لیے, مشکل"
Q2966,🧩 دلچسپ پہیلیاں,H,وہ کون سی چیز ہے جو اندھیرے میں بھی راستہ دکھاتی ہے مگر خود روشنی نہیں دیتی؟,چراغ,موم بتی,ہاتھ کی لاٹھی,ٹارچ,C,یہ ایک لطیف پہیلی ہے جس کا جواب ہے: ہاتھ کی لاٹھی۔,"دلچسپ پہیلیاں, مشکل"
Q2967,😈 ٹرک سوالات,H,ایک آدمی نے 1 کلو آلو (20 روپے)، 1 کلو پیاز (30 روپے) اور 1 کلو ٹماٹر (40 روپے) خریدے۔ پھر 2 کلو سبزی 50 روپے میں بیچی۔ اگر اس نے آلو اور پیاز بیچے تو کتنا فائدہ یا نقصان ہوا؟,10 روپے فائدہ,40 روپے نقصان,کوئی نہیں,کوئی بھی نہیں کہا جا سکتا,D,درست جواب ہے: کوئی بھی نہیں کہا جا سکتا۔,"ٹرک سوالات, مشکل"
Q2968,🧠 99٪ لوگ غلط جواب دیتے ہیں,H,اگر آپ کے پاس 3 سیب ہیں اور آپ 2 نکال لیں تو آپ کے پاس کتنے سیب ہیں؟,3,1,0,2,D,غور سے سوچیں: درست جواب 2 ہے۔,"99٪ لوگ غلط جواب دیتے ہیں, مشکل"
Q2969,🤯 دماغ کا امتحان,H,130 روپے ادا کرنے کے لیے کم از کم کتنے نوٹ (50، 10، 5 روپے کے) درکار ہوں گے؟,4,6,5,7,C,کم از کم نوٹوں کے ساتھ 130 روپے بنانے کے لیے 5 نوٹ درکار ہیں۔,"دماغ کا امتحان, مشکل"
Q2970,😈 ٹرک سوالات,H,ایک تھیلے میں 3 سرخ اور 8 نیلی گیندیں ہیں۔ بغیر دیکھے ایک گیند نکالنے پر سرخ گیند نکلنے کا امکان کتنے میں سے کتنا ہے؟,3/11,11/3,3/8,8/11,A,کل گیندیں 11 ہیں جن میں سے 3 سرخ ہیں، اس لیے امکان 3/11 ہے۔,"ٹرک سوالات, مشکل"
Q2971,👑 صرف ذہین لوگوں کے لیے,H,انسانی جسم میں خون کو پمپ کرنے والا عضو کون سا ہے؟,معدہ,دل,دماغ,جگر,B,درست جواب ہے: دل۔,"صرف ذہین لوگوں کے لیے, مشکل"
Q2972,🤯 دماغ کا امتحان,H,اگر 6 مزدور ایک کام 10 دنوں میں مکمل کرتے ہیں تو 4 مزدور وہی کام کتنے دنوں میں مکمل کریں گے؟,17,15,14,16,B,کل کام = 6×10 = 60 مزدور-دن۔ 4 مزدوروں کے لیے وقت = 60/4 = 15 دن۔,"دماغ کا امتحان, مشکل"
Q2973,🧠 99٪ لوگ غلط جواب دیتے ہیں,H,ایک آدمی نے 3 دن میں 3 کنویں کھودے۔ اسی رفتار سے 6 کنویں کتنے دن میں کھودے گا؟,12 دن,9 دن,3 دن,6 دن,D,درست جواب ہے: 6 دن۔,"99٪ لوگ غلط جواب دیتے ہیں, مشکل"
Q2974,🧠 99٪ لوگ غلط جواب دیتے ہیں,H,دو ٹرینیں 60 اور 40 کلومیٹر فی گھنٹہ کی رفتار سے ایک دوسرے کی طرف آ رہی ہیں۔ ان کے درمیان فاصلہ 300 کلومیٹر ہے۔ وہ کتنے گھنٹوں میں ملیں گی؟,3,5,4,2,A,مجموعی رفتار = 60+40 = 100۔ وقت = فاصلہ/رفتار = 300/100 = 3 گھنٹے۔,"99٪ لوگ غلط جواب دیتے ہیں, مشکل"
Q2975,⏳ 5 سیکنڈ چیلنج,H,اگر Airplane Mode آن ہو مگر Wi-Fi بھی آن کر دیا جائے، تو کیا واٹس ایپ پیغام بھیجا جا سکتا ہے؟,نہیں,ہاں,صرف کال ہو سکتی ہے,صرف SMS جا سکتا ہے,B,درست جواب ہے: ہاں۔,"5 سیکنڈ چیلنج, مشکل"
Q2976,⏳ 5 سیکنڈ چیلنج,H,ایک آدمی نے 2 گلاس پانی پیے۔ ایک میں زہر تھا ایک میں نہیں۔ دونوں پیے۔ مرا کیوں نہیں؟,زہر والا بعد میں پیا,دوسرا گلاس بچا گیا,زہر کم تھا,زہر والا گلاس نہیں پیا,D,درست جواب ہے: زہر والا گلاس نہیں پیا۔,"5 سیکنڈ چیلنج, مشکل"
Q2977,🎭 الفاظ کا جادو,H,"""راستہ"" کا مترادف کیا ہے؟",تعجب,خیر,کریم,سبیل,D,"""راستہ"" کا مترادف ""سبیل"" ہے۔","الفاظ کا جادو, مشکل"
Q2978,👑 صرف ذہین لوگوں کے لیے,H,فٹبال کا عالمی کپ کس تنظیم کے زیرِ اہتمام ہوتا ہے؟,فیفا,او آئی سی,اقوام متحدہ,آئی سی سی,A,درست جواب ہے: فیفا۔,"صرف ذہین لوگوں کے لیے, مشکل"
Q2979,🤯 دماغ کا امتحان,H,دو ٹرینیں 30 اور 50 کلومیٹر فی گھنٹہ کی رفتار سے ایک دوسرے کی طرف آ رہی ہیں۔ ان کے درمیان فاصلہ 160 کلومیٹر ہے۔ وہ کتنے گھنٹوں میں ملیں گی؟,3,2,4,1,B,مجموعی رفتار = 30+50 = 80۔ وقت = فاصلہ/رفتار = 160/80 = 2 گھنٹے۔,"دماغ کا امتحان, مشکل"
Q2980,🤯 دماغ کا امتحان,H,ایک دراز میں 5 مختلف رنگوں کی جرابیں ہیں، ایک جوڑا یقینی بنانے کے لیے کم از کم کتنی جرابیں نکالنی ہوں گی؟,4,6,7,5,B,غور سے سوچیں: درست جواب 6 ہے۔,"دماغ کا امتحان, مشکل"
Q2981,📖 اردو محاورے,H,"اردو لفظ ""اُردو"" کا اصل مطلب کیا تھا؟",کتاب,لشکر یا فوجی چھاؤنی,بازار,عدالت,B,درست جواب ہے: لشکر یا فوجی چھاؤنی۔,"اردو محاورے, مشکل"
Q2982,🧠 99٪ لوگ غلط جواب دیتے ہیں,H,دو ٹرینیں 60 اور 40 کلومیٹر فی گھنٹہ کی رفتار سے ایک دوسرے کی طرف آ رہی ہیں۔ ان کے درمیان فاصلہ 200 کلومیٹر ہے۔ وہ کتنے گھنٹوں میں ملیں گی؟,2,1,4,3,A,مجموعی رفتار = 60+40 = 100۔ وقت = فاصلہ/رفتار = 200/100 = 2 گھنٹے۔,"99٪ لوگ غلط جواب دیتے ہیں, مشکل"
Q2983,😈 ٹرک سوالات,H,دو ٹرینیں 60 اور 20 کلومیٹر فی گھنٹہ کی رفتار سے ایک دوسرے کی طرف آ رہی ہیں، درمیانی فاصلہ 160 کلومیٹر ہے (سیٹ 7)۔ کتنے گھنٹوں میں ملیں گی؟,3,1,2,4,C,وقت = فاصلہ/مجموعی رفتار = 160/80 = 2 گھنٹے۔,"ٹرک سوالات, مشکل"
Q2984,📖 اردو محاورے,H,"""گھر کا بھیدی لنکا ڈھائے"" کا مطلب کیا ہے؟",گھر بنانا,دشمن سے بچنا,سفر کرنا,اپنے ہی راز فاش کر کے نقصان پہنچانا,D,"""گھر کا بھیدی لنکا ڈھائے"" کا محاورتی مطلب ہے: اپنے ہی راز فاش کر کے نقصان پہنچانا۔","اردو محاورے, مشکل"
Q2985,🤯 دماغ کا امتحان,H,دو ٹرینیں 60 اور 30 کلومیٹر فی گھنٹہ کی رفتار سے ایک دوسرے کی طرف آ رہی ہیں۔ ان کے درمیان فاصلہ 270 کلومیٹر ہے۔ وہ کتنے گھنٹوں میں ملیں گی؟,5,4,3,2,C,مجموعی رفتار = 60+30 = 90۔ وقت = فاصلہ/رفتار = 270/90 = 3 گھنٹے۔,"دماغ کا امتحان, مشکل"
Q2986,🧠 99٪ لوگ غلط جواب دیتے ہیں,H,اگر ایک آدمی 10 منٹ میں 10 درخت لگاتا ہے تو اسی رفتار سے 60 منٹ میں کتنے درخت لگائے گا؟,100,10,60,30,C,درست جواب ہے: 60۔,"99٪ لوگ غلط جواب دیتے ہیں, مشکل"
Q2987,🧩 دلچسپ پہیلیاں,H,وہ کون سی چیز ہے جو خود ٹھنڈی رہتی ہے مگر دوسروں کو گرم کرتی ہے؟,چولہا,پانی,لکڑی,برف,A,درست جواب ہے: B)چولہا ✓۔,"دلچسپ پہیلیاں, مشکل"
Q2988,🧠 99٪ لوگ غلط جواب دیتے ہیں,H,ایک آدمی نے گھڑی 100 میں خریدی 120 میں بیچی پھر 140 میں خریدی 160 میں بیچی کل منافع کتنا ہوا,60,80,40,20,C,پہلی بار 20 اور دوسری بار 20 منافع ہوا۔,"99٪ لوگ غلط جواب دیتے ہیں, مشکل"
Q2989,🧠 99٪ لوگ غلط جواب دیتے ہیں,H,100 مسافروں میں سے 60 اردو، 50 انگریزی بولتے ہیں جبکہ 20 دونوں زبانیں نہیں بولتے۔ دونوں زبانیں بولنے والے کتنے ہیں؟,40,50,20,30,D,درست جواب ہے: 30۔,"99٪ لوگ غلط جواب دیتے ہیں, مشکل"
Q2990,🧩 دلچسپ پہیلیاں,H,وہ کون سی چیز ہے جو دن میں سب سے چھوٹی اور دوپہر میں سب سے چھوٹی ہو جاتی ہے؟,سورج,سایہ,انسان,درخت,B,یہ ایک لطیف پہیلی ہے جس کا جواب ہے: سایہ۔,"دلچسپ پہیلیاں, مشکل"
Q2991,😈 ٹرک سوالات,H,ایک تھیلے میں 7 سرخ اور 5 نیلی گیندیں ہیں۔ بغیر دیکھے ایک گیند نکالنے پر سرخ گیند نکلنے کا امکان کتنے میں سے کتنا ہے؟,12/7,7/5,7/12,5/12,C,کل گیندیں 12 ہیں جن میں سے 7 سرخ ہیں، اس لیے امکان 7/12 ہے۔,"ٹرک سوالات, مشکل"
Q2992,👑 صرف ذہین لوگوں کے لیے,H,دنیا کا سب سے لمبا دریا کون سا مانا جاتا ہے؟,دریائے نیل,دریائے سندھ,دریائے آمازون,یانگسی,A,عام معلومات میں دریائے نیل کو سب سے لمبا دریا مانا جاتا ہے,"صرف ذہین لوگوں کے لیے, مشکل"
Q2993,😈 ٹرک سوالات,H,اگر 3 مزدور ایک کام 8 دنوں میں مکمل کرتے ہیں تو 2 مزدور وہی کام کتنے دنوں میں مکمل کریں گے؟,12,11,14,13,A,کل کام = 3×8 = 24 مزدور-دن۔ 2 مزدوروں کے لیے وقت = 24/2 = 12 دن۔,"ٹرک سوالات, مشکل"
Q2994,🎭 الفاظ کا جادو,H,"""بےعزتی"" کا مترادف کیا ہے؟",سڑاند,ہوشیار,اہانت,جلن,C,"""بےعزتی"" کا مترادف ""اہانت"" ہے۔","الفاظ کا جادو, مشکل"
Q2995,👑 صرف ذہین لوگوں کے لیے,H,فیض احمد فیض کی مشہور نظم مجھ سے پہلی سی محبت مری محبوب نہ مانگ کس کتاب میں ہے,دست صبا,شام شہر یاراں,زنداں نامہ,نقش فریادی,D,درست جواب ہے: نقش فریادی۔,"صرف ذہین لوگوں کے لیے, مشکل"
Q2996,🎭 الفاظ کا جادو,H,“عالم” کا مترادف کیا ہے؟,سست,جاہل,دانش ور,غرور,C,عالم کے معنی علم رکھنے والے یا دانش ور ہیں۔,"الفاظ کا جادو, مشکل"
Q2997,⏳ 5 سیکنڈ چیلنج,H,ایک شخص تیز بارش میں بغیر چھتری کے چل رہا تھا، لیکن اس کے بال گیले نہیں ہوئے۔ کیوں؟,بارش نہیں ہو رہی تھی,وہ گنجا تھا,وہ بھاگ رہا تھا,اس نے ٹوپی پہن رکھی تھی,B,درست جواب ہے: وہ گنجا تھا۔,"5 سیکنڈ چیلنج, مشکل"
Q2998,🤯 دماغ کا امتحان,H,دو مقداروں کا تناسب 4:6 ہے۔ اگر کل مقدار 120 ہے تو پہلی مقدار کتنی ہوگی؟,46,72,50,48,D,کل حصے = 4+6 = 10۔ پہلی مقدار = (4/10)×120 = 48۔,"دماغ کا امتحان, مشکل"
Q2999,🧩 دلچسپ پہیلیاں,H,میں وہ ہوں جو آپ جتنا مجھے بانٹیں گے، میں اتنا ہی کم ہوتا جاؤں گا، مگر میں وقت یا خوراک نہیں ہوں۔,عمر,توانائی,صبر,پیسہ,B,درست جواب ہے: توانائی ________________۔,"دلچسپ پہیلیاں, مشکل"
Q3000,🧠 99٪ لوگ غلط جواب دیتے ہیں,H,ایک چیز 150 روپے میں خرید کر 165 روپے میں بیچی گئی۔ نفع کی شرح کتنی فیصد ہے؟,10%,20%,5%,15%,A,نفع = 165-150 = 15 روپے۔ نفع فیصد = (15/150)×100 = 10%۔,"99٪ لوگ غلط جواب دیتے ہیں, مشکل"
